manufacturer_name,model_name,transmission,color,odometer_value,year_produced,engine_fuel,engine_has_gas,engine_type,engine_capacity,body_type,has_warranty,state,drivetrain,feature_0,feature_1,feature_2,feature_3,feature_4,feature_5,feature_6,feature_7,feature_8,feature_9,duration_listed,price_usd
Ford,Fusion,mechanical,blue,245000,2006,gasoline,FALSE,gasoline,1.6,hatchback,FALSE,owned,front,TRUE,FALSE,FALSE,FALSE,FALSE,FALSE,FALSE,FALSE,FALSE,FALSE,7,4250
Dodge,Caravan,automatic,silver,265542,2002,gasoline,FALSE,gasoline,3.3,minivan,FALSE,owned,front,FALSE,TRUE,FALSE,FALSE,FALSE,FALSE,FALSE,FALSE,FALSE,FALSE,133,4000
Ford,Galaxy,mechanical,blue,168000,2009,diesel,FALSE,diesel,1.8,minivan,FALSE,owned,front,FALSE,FALSE,FALSE,TRUE,FALSE,FALSE,TRUE,TRUE,TRUE,TRUE,0,10900
Mazda,6,mechanical,other,225522,2008,gasoline,FALSE,gasoline,1.8,universal,FALSE,owned,front,FALSE,TRUE,TRUE,FALSE,FALSE,TRUE,FALSE,FALSE,TRUE,TRUE,20,6999
Audi,80,mechanical,black,370000,1991,gasoline,FALSE,gasoline,1.8,sedan,FALSE,owned,front,FALSE,FALSE,FALSE,FALSE,FALSE,FALSE,FALSE,FALSE,FALSE,TRUE,160,1600
Volkswagen,T5 Multivan,mechanical,black,287827,2004,diesel,FALSE,diesel,2.5,minivan,FALSE,owned,front,FALSE,TRUE,FALSE,FALSE,FALSE,FALSE,FALSE,FALSE,FALSE,FALSE,43,11550
Opel,Astra,mechanical,blue,270000,1992,gasoline,FALSE,gasoline,1.4,hatchback,FALSE,owned,front,TRUE,FALSE,FALSE,FALSE,FALSE,FALSE,FALSE,FALSE,FALSE,FALSE,20,730
Ford,Sierra,mechanical,blue,290000,1988,gasoline,FALSE,gasoline,2,hatchback,FALSE,emergency,rear,TRUE,FALSE,FALSE,FALSE,FALSE,FALSE,FALSE,FALSE,FALSE,FALSE,378,200
Volvo,S40,automatic,other,205000,2004,gasoline,FALSE,gasoline,2.4,sedan,FALSE,owned,front,FALSE,TRUE,TRUE,TRUE,FALSE,TRUE,FALSE,FALSE,TRUE,TRUE,268,5690
Peugeot,Partner,mechanical,silver,350000,1999,diesel,FALSE,diesel,1.9,van,FALSE,owned,front,TRUE,FALSE,FALSE,FALSE,FALSE,FALSE,FALSE,FALSE,FALSE,FALSE,35,2700
Volkswagen,Golf,mechanical,blue,349000,1999,gasoline,FALSE,gasoline,1.6,hatchback,FALSE,owned,front,FALSE,TRUE,FALSE,FALSE,FALSE,FALSE,FALSE,FALSE,FALSE,FALSE,17,3900
Renault,Megane Scenic,mechanical,grey,1111,1998,diesel,FALSE,diesel,1.9,hatchback,FALSE,owned,front,TRUE,FALSE,FALSE,FALSE,FALSE,FALSE,FALSE,FALSE,FALSE,FALSE,1,1600
Honda,CR-V,automatic,other,400000,2005,gasoline,FALSE,gasoline,2.4,suv,FALSE,owned,all,FALSE,TRUE,TRUE,FALSE,FALSE,FALSE,FALSE,FALSE,TRUE,TRUE,67,7500
Ford,Escort,mechanical,red,330000,1991,gasoline,FALSE,gasoline,1.6,hatchback,FALSE,owned,front,TRUE,FALSE,FALSE,FALSE,FALSE,FALSE,FALSE,FALSE,FALSE,FALSE,77,400
Ford,Mondeo,automatic,black,105000,2008,diesel,FALSE,diesel,2,universal,FALSE,owned,front,FALSE,TRUE,TRUE,TRUE,FALSE,TRUE,TRUE,TRUE,TRUE,TRUE,32,8500
Volkswagen,Caddy,mechanical,white,300000,1998,diesel,FALSE,diesel,1.9,pickup,FALSE,owned,front,TRUE,FALSE,FALSE,FALSE,FALSE,FALSE,FALSE,FALSE,FALSE,FALSE,49,1500
Toyota,Yaris,mechanical,silver,250000,2002,diesel,FALSE,diesel,1.4,minivan,FALSE,owned,front,FALSE,TRUE,FALSE,FALSE,FALSE,FALSE,FALSE,FALSE,FALSE,FALSE,8,3300
Opel,Vectra,mechanical,blue,350000,1999,diesel,FALSE,diesel,2,universal,FALSE,owned,front,FALSE,TRUE,FALSE,FALSE,FALSE,FALSE,FALSE,FALSE,FALSE,TRUE,79,3000
Mercedes-Benz,CLA200,automatic,violet,120000,2013,gasoline,FALSE,gasoline,1.6,sedan,FALSE,owned,front,FALSE,TRUE,TRUE,TRUE,TRUE,TRUE,FALSE,TRUE,TRUE,TRUE,81,19000
Mazda,626,mechanical,grey,342443,1995,gasoline,FALSE,gasoline,1.8,hatchback,FALSE,owned,front,FALSE,FALSE,FALSE,FALSE,FALSE,FALSE,FALSE,FALSE,FALSE,TRUE,116,600
Mercedes-Benz,S300,automatic,blue,585400,1996,diesel,FALSE,diesel,3,sedan,FALSE,owned,rear,FALSE,TRUE,FALSE,TRUE,FALSE,FALSE,FALSE,FALSE,FALSE,TRUE,34,5900
Ford,Escort,mechanical,red,365214,1997,gasoline,FALSE,gasoline,1.6,sedan,FALSE,owned,front,FALSE,FALSE,FALSE,FALSE,FALSE,FALSE,FALSE,FALSE,FALSE,TRUE,57,670
Mercedes-Benz,C200,mechanical,green,560000,1994,diesel,FALSE,diesel,2,sedan,FALSE,owned,rear,FALSE,FALSE,FALSE,TRUE,FALSE,TRUE,FALSE,FALSE,FALSE,FALSE,0,2900
Renault,Megane,mechanical,blue,30000,2005,diesel,FALSE,diesel,1.5,hatchback,FALSE,owned,front,FALSE,TRUE,FALSE,TRUE,FALSE,FALSE,FALSE,FALSE,FALSE,TRUE,95,3900
Volvo,V60,automatic,black,180000,2014,diesel,FALSE,diesel,1.6,universal,FALSE,owned,front,FALSE,TRUE,FALSE,TRUE,FALSE,FALSE,TRUE,TRUE,TRUE,TRUE,45,15999
Citroen,C5,automatic,grey,210000,2004,gasoline,FALSE,gasoline,2,hatchback,FALSE,owned,front,FALSE,TRUE,FALSE,TRUE,FALSE,TRUE,FALSE,FALSE,TRUE,TRUE,47,4800
Mazda,6,mechanical,grey,310000,2007,gasoline,FALSE,gasoline,2.3,hatchback,FALSE,owned,front,FALSE,TRUE,FALSE,FALSE,FALSE,FALSE,FALSE,FALSE,TRUE,TRUE,37,5000
Hyundai,Pony,mechanical,red,222222,1994,gasoline,FALSE,gasoline,1.5,sedan,FALSE,owned,front,TRUE,FALSE,FALSE,FALSE,FALSE,FALSE,FALSE,FALSE,FALSE,FALSE,7,350
Peugeot,406,mechanical,silver,240000,2002,gasoline,FALSE,gasoline,2,universal,FALSE,owned,front,FALSE,TRUE,FALSE,FALSE,TRUE,FALSE,FALSE,FALSE,FALSE,FALSE,91,4000
Renault,Laguna,mechanical,silver,280000,2003,gasoline,FALSE,gasoline,2,liftback,FALSE,owned,front,FALSE,TRUE,FALSE,FALSE,FALSE,FALSE,FALSE,FALSE,TRUE,FALSE,11,3800
Renault,Logan,mechanical,white,180000,2017,gasoline,FALSE,gasoline,1.6,sedan,FALSE,owned,front,FALSE,FALSE,FALSE,FALSE,FALSE,FALSE,FALSE,TRUE,FALSE,FALSE,15,6300
ВАЗ,21214,mechanical,blue,298472,2011,gasoline,FALSE,gasoline,1.7,suv,FALSE,owned,front,TRUE,FALSE,FALSE,FALSE,FALSE,FALSE,FALSE,FALSE,FALSE,FALSE,19,1754.72
Skoda,Octavia,mechanical,white,230000,2011,gasoline,FALSE,gasoline,1.6,sedan,FALSE,owned,front,FALSE,TRUE,FALSE,FALSE,FALSE,FALSE,FALSE,FALSE,FALSE,TRUE,60,6900
BMW,750,automatic,black,440000,1995,gasoline,FALSE,gasoline,5.4,sedan,FALSE,owned,rear,FALSE,TRUE,TRUE,TRUE,TRUE,FALSE,FALSE,FALSE,FALSE,TRUE,98,5000
Volvo,S70,mechanical,black,450000,1997,diesel,FALSE,diesel,2.5,sedan,FALSE,owned,front,FALSE,TRUE,TRUE,FALSE,FALSE,TRUE,TRUE,TRUE,TRUE,TRUE,92,3600
Kia,Rio,mechanical,black,80000,2014,gasoline,FALSE,gasoline,1.4,sedan,FALSE,owned,front,FALSE,TRUE,FALSE,FALSE,FALSE,TRUE,FALSE,FALSE,TRUE,TRUE,214,8950
Ford,Escort,mechanical,blue,320000,1995,gasoline,FALSE,gasoline,1.4,universal,FALSE,owned,front,TRUE,FALSE,FALSE,FALSE,FALSE,FALSE,FALSE,FALSE,FALSE,FALSE,88,1350
Audi,A4,automatic,silver,250000,2005,gasoline,FALSE,gasoline,2,sedan,FALSE,owned,front,FALSE,TRUE,FALSE,FALSE,FALSE,TRUE,FALSE,FALSE,TRUE,TRUE,53,7100
BMW,525,mechanical,black,340149,1999,diesel,FALSE,diesel,2.5,sedan,FALSE,owned,rear,FALSE,TRUE,TRUE,FALSE,FALSE,FALSE,TRUE,FALSE,TRUE,TRUE,62,4150
Volkswagen,T4 Caravelle,mechanical,other,450000,1994,gasoline,FALSE,gasoline,2,minibus,FALSE,owned,front,FALSE,FALSE,FALSE,TRUE,FALSE,FALSE,FALSE,FALSE,FALSE,TRUE,243,5000
Mazda,6,mechanical,silver,156000,2008,gasoline,FALSE,gasoline,1.8,sedan,FALSE,owned,front,FALSE,TRUE,FALSE,FALSE,TRUE,TRUE,FALSE,FALSE,TRUE,TRUE,670,7000
Opel,Vivaro,mechanical,white,540000,2004,diesel,FALSE,diesel,1.9,minibus,FALSE,owned,front,TRUE,FALSE,FALSE,FALSE,FALSE,FALSE,FALSE,FALSE,FALSE,FALSE,92,7500
Audi,A6,mechanical,blue,398000,2000,gasoline,FALSE,gasoline,2.8,sedan,FALSE,owned,front,FALSE,TRUE,TRUE,TRUE,TRUE,FALSE,FALSE,FALSE,FALSE,TRUE,76,4800
Fiat,Ulysse,mechanical,silver,290000,2000,diesel,FALSE,diesel,2,minivan,FALSE,owned,front,FALSE,TRUE,FALSE,FALSE,FALSE,FALSE,FALSE,TRUE,TRUE,FALSE,175,3990
Fiat,Grande Punto,mechanical,black,200000,2006,gasoline,FALSE,gasoline,1.2,hatchback,FALSE,owned,front,FALSE,FALSE,FALSE,TRUE,FALSE,FALSE,FALSE,FALSE,TRUE,FALSE,85,4600
BMW,530,automatic,black,357000,2003,diesel,FALSE,diesel,3,sedan,FALSE,owned,rear,FALSE,TRUE,TRUE,FALSE,TRUE,TRUE,FALSE,FALSE,TRUE,TRUE,70,9200
Skoda,Fabia,mechanical,white,120000,2009,gasoline,FALSE,gasoline,1.2,hatchback,FALSE,owned,front,FALSE,TRUE,FALSE,FALSE,FALSE,FALSE,FALSE,FALSE,FALSE,FALSE,179,4500
Volkswagen,Passat,mechanical,black,127500,2009,gasoline,FALSE,gasoline,1.4,sedan,FALSE,owned,front,FALSE,FALSE,FALSE,FALSE,FALSE,TRUE,FALSE,FALSE,TRUE,TRUE,111,8061.74
Audi,A6,automatic,grey,270000,2004,diesel,FALSE,diesel,2.5,sedan,FALSE,owned,front,FALSE,FALSE,TRUE,TRUE,TRUE,FALSE,FALSE,FALSE,FALSE,FALSE,10,5150
Chrysler,Pacifica,automatic,green,277000,2007,gas,TRUE,gasoline,4,minivan,FALSE,owned,all,FALSE,FALSE,FALSE,TRUE,TRUE,TRUE,TRUE,FALSE,TRUE,TRUE,56,9000
Mazda,6,automatic,black,123820,2014,gasoline,FALSE,gasoline,2,sedan,FALSE,owned,front,FALSE,FALSE,FALSE,TRUE,TRUE,FALSE,FALSE,TRUE,FALSE,TRUE,1,14999
Renault,Scenic,mechanical,blue,356643,1997,gasoline,FALSE,gasoline,2,minivan,FALSE,owned,front,FALSE,TRUE,FALSE,FALSE,FALSE,FALSE,FALSE,FALSE,FALSE,FALSE,33,1800
Hyundai,Lantra,mechanical,silver,240000,1999,diesel,FALSE,diesel,1.9,universal,FALSE,owned,front,FALSE,FALSE,FALSE,FALSE,FALSE,FALSE,FALSE,FALSE,FALSE,TRUE,21,1700
Volkswagen,Polo,automatic,brown,103000,2017,gasoline,FALSE,gasoline,1.6,sedan,FALSE,owned,front,FALSE,TRUE,FALSE,TRUE,FALSE,FALSE,FALSE,FALSE,TRUE,TRUE,43,10500
Volkswagen,Golf,mechanical,blue,230000,2011,gasoline,FALSE,gasoline,1.4,universal,FALSE,owned,front,FALSE,TRUE,FALSE,TRUE,FALSE,TRUE,FALSE,FALSE,TRUE,TRUE,61,8400
Toyota,Camry,automatic,black,176857,2010,gasoline,FALSE,gasoline,2.5,sedan,FALSE,owned,front,FALSE,TRUE,FALSE,FALSE,TRUE,FALSE,FALSE,FALSE,FALSE,TRUE,38,11050
Volkswagen,T4,mechanical,white,500000,1991,diesel,FALSE,diesel,1.9,minibus,FALSE,owned,front,TRUE,FALSE,FALSE,FALSE,FALSE,FALSE,FALSE,FALSE,FALSE,FALSE,22,2600
Peugeot,406,mechanical,other,315000,2000,diesel,FALSE,diesel,2,sedan,FALSE,owned,front,FALSE,TRUE,FALSE,FALSE,FALSE,FALSE,FALSE,FALSE,FALSE,FALSE,37,3700
Audi,A6,automatic,white,123000,2012,gasoline,FALSE,gasoline,2,sedan,FALSE,owned,front,FALSE,TRUE,TRUE,FALSE,TRUE,FALSE,TRUE,TRUE,TRUE,TRUE,57,12999
Kia,Sorento,automatic,other,310000,2005,diesel,FALSE,diesel,2.5,suv,FALSE,owned,all,FALSE,TRUE,FALSE,TRUE,TRUE,TRUE,FALSE,FALSE,TRUE,TRUE,88,6700
Honda,Civic,automatic,silver,196000,2009,hybrid-petrol,FALSE,gasoline,1.3,sedan,FALSE,owned,front,FALSE,TRUE,TRUE,TRUE,TRUE,TRUE,FALSE,TRUE,TRUE,TRUE,27,6500
BMW,320,automatic,black,11000,2019,diesel,FALSE,diesel,2,sedan,FALSE,owned,all,TRUE,FALSE,FALSE,FALSE,FALSE,FALSE,FALSE,FALSE,FALSE,FALSE,56,42800
Ford,B-Max,mechanical,white,85000,2017,diesel,FALSE,diesel,1.5,minivan,FALSE,owned,front,FALSE,TRUE,TRUE,TRUE,FALSE,FALSE,TRUE,TRUE,TRUE,TRUE,74,14250
Mazda,626,mechanical,blue,336000,1996,gasoline,FALSE,gasoline,1.8,hatchback,FALSE,owned,front,FALSE,TRUE,FALSE,TRUE,FALSE,FALSE,FALSE,FALSE,FALSE,TRUE,26,1350
Honda,Accord,automatic,silver,350000,2002,gasoline,FALSE,gasoline,3,coupe,FALSE,owned,front,FALSE,TRUE,FALSE,TRUE,TRUE,FALSE,FALSE,TRUE,FALSE,TRUE,119,5500
Mercedes-Benz,E200,mechanical,other,320000,2001,diesel,FALSE,diesel,2.2,sedan,FALSE,owned,rear,FALSE,TRUE,FALSE,FALSE,FALSE,FALSE,FALSE,TRUE,TRUE,TRUE,211,5700
Mitsubishi,Space Star,mechanical,blue,321000,1999,gasoline,FALSE,gasoline,1.3,minivan,FALSE,owned,front,TRUE,FALSE,FALSE,FALSE,FALSE,FALSE,FALSE,FALSE,FALSE,FALSE,113,1892.25
Kia,Sephia,mechanical,red,294000,1995,gasoline,FALSE,gasoline,1.6,sedan,FALSE,owned,front,FALSE,FALSE,FALSE,FALSE,FALSE,FALSE,FALSE,TRUE,FALSE,FALSE,108,300
Opel,Astra,mechanical,silver,250000,2004,diesel,FALSE,diesel,2,universal,FALSE,owned,front,FALSE,TRUE,TRUE,FALSE,FALSE,FALSE,FALSE,FALSE,FALSE,FALSE,26,3500
Audi,Q7,automatic,white,105000,2014,diesel,FALSE,diesel,3,suv,FALSE,owned,all,FALSE,TRUE,TRUE,TRUE,TRUE,TRUE,TRUE,TRUE,TRUE,TRUE,216,32200
Kia,Cee'd,mechanical,blue,156000,2007,gasoline,FALSE,gasoline,1.4,hatchback,FALSE,owned,front,TRUE,FALSE,FALSE,FALSE,FALSE,FALSE,FALSE,FALSE,FALSE,FALSE,11,5600
Mercedes-Benz,E300,mechanical,white,289567,1986,gasoline,FALSE,gasoline,3,sedan,FALSE,owned,rear,FALSE,TRUE,FALSE,FALSE,FALSE,FALSE,FALSE,FALSE,FALSE,TRUE,149,800
Volkswagen,Golf,mechanical,green,353000,1995,gasoline,FALSE,gasoline,1.6,hatchback,FALSE,owned,front,FALSE,FALSE,FALSE,FALSE,FALSE,FALSE,FALSE,TRUE,FALSE,FALSE,1,1700
Skoda,Rapid,automatic,red,0,2019,gasoline,FALSE,gasoline,1.6,sedan,TRUE,new,front,TRUE,FALSE,FALSE,FALSE,FALSE,FALSE,FALSE,FALSE,FALSE,FALSE,26,18776.43
Toyota,Highlander,automatic,silver,241402,2004,gasoline,FALSE,gasoline,2.4,suv,FALSE,owned,front,FALSE,TRUE,FALSE,FALSE,FALSE,FALSE,FALSE,FALSE,TRUE,FALSE,1,9500
BMW,Z4,automatic,black,145000,2002,gasoline,FALSE,gasoline,2.5,cabriolet,FALSE,owned,rear,FALSE,FALSE,TRUE,FALSE,TRUE,TRUE,FALSE,TRUE,TRUE,TRUE,91,9800
Mitsubishi,Lancer,mechanical,red,800000,1996,gasoline,FALSE,gasoline,1.3,sedan,FALSE,owned,front,TRUE,FALSE,FALSE,FALSE,FALSE,FALSE,FALSE,FALSE,FALSE,FALSE,59,2500
Mitsubishi,Galant,mechanical,green,236000,1996,diesel,FALSE,diesel,2,sedan,FALSE,owned,front,TRUE,FALSE,FALSE,FALSE,FALSE,FALSE,FALSE,FALSE,FALSE,FALSE,14,890
Opel,Agila,mechanical,white,300000,2004,gasoline,FALSE,gasoline,1,minivan,FALSE,owned,front,TRUE,FALSE,FALSE,FALSE,FALSE,FALSE,FALSE,FALSE,FALSE,FALSE,15,2400
Renault,Scenic,mechanical,white,334564,1999,diesel,FALSE,diesel,1.9,minivan,FALSE,owned,front,FALSE,TRUE,FALSE,FALSE,FALSE,FALSE,FALSE,FALSE,FALSE,FALSE,78,3200
Mazda,6,automatic,black,218000,2005,gasoline,FALSE,gasoline,2,sedan,FALSE,owned,front,FALSE,TRUE,FALSE,TRUE,FALSE,TRUE,FALSE,FALSE,TRUE,FALSE,103,4400
Volvo,440,mechanical,green,4200,1997,gasoline,FALSE,gasoline,1.8,hatchback,FALSE,owned,front,FALSE,FALSE,FALSE,FALSE,TRUE,FALSE,FALSE,FALSE,FALSE,FALSE,9,600
Honda,CR-V,mechanical,silver,211500,2005,diesel,FALSE,diesel,2.2,suv,FALSE,owned,all,FALSE,TRUE,FALSE,FALSE,FALSE,FALSE,FALSE,FALSE,TRUE,TRUE,207,9000
Volkswagen,Passat,automatic,brown,170000,2013,gasoline,FALSE,gasoline,1.8,sedan,FALSE,owned,front,FALSE,TRUE,TRUE,TRUE,TRUE,TRUE,TRUE,TRUE,TRUE,TRUE,89,12500
Fiat,Marea,mechanical,green,300000,1997,diesel,FALSE,diesel,1.9,universal,FALSE,owned,front,TRUE,FALSE,FALSE,FALSE,FALSE,FALSE,FALSE,FALSE,FALSE,FALSE,45,700
Ford,Focus,automatic,grey,80000,2013,gasoline,FALSE,gasoline,1.6,hatchback,FALSE,owned,front,FALSE,TRUE,FALSE,FALSE,FALSE,TRUE,FALSE,FALSE,TRUE,FALSE,121,8500
Honda,Element,automatic,silver,244620,2003,gas,TRUE,gasoline,2.4,suv,FALSE,owned,all,FALSE,TRUE,FALSE,FALSE,FALSE,FALSE,FALSE,FALSE,FALSE,TRUE,558,7066.3
Opel,Zafira,mechanical,silver,400000,1999,diesel,FALSE,diesel,2,minivan,FALSE,owned,front,FALSE,TRUE,FALSE,FALSE,FALSE,FALSE,FALSE,FALSE,FALSE,TRUE,39,3000
Renault,Clio,mechanical,red,192000,2000,gasoline,FALSE,gasoline,1.4,hatchback,FALSE,owned,front,FALSE,TRUE,FALSE,FALSE,FALSE,FALSE,FALSE,FALSE,FALSE,TRUE,0,1350
Kia,Joice,mechanical,silver,249300,2001,gas,TRUE,gasoline,2,minivan,FALSE,owned,front,FALSE,TRUE,FALSE,FALSE,FALSE,FALSE,FALSE,FALSE,FALSE,FALSE,65,3399
Rover,400-Series,mechanical,green,246000,1999,gasoline,FALSE,gasoline,1.6,sedan,FALSE,owned,front,FALSE,TRUE,FALSE,FALSE,TRUE,FALSE,FALSE,FALSE,FALSE,TRUE,38,1800
Volkswagen,Jetta,mechanical,brown,130000,2014,gas,TRUE,gasoline,1.6,sedan,FALSE,owned,front,FALSE,TRUE,TRUE,TRUE,FALSE,TRUE,FALSE,TRUE,FALSE,TRUE,88,11300
Fiat,Tempra,mechanical,other,330339,1991,gasoline,FALSE,gasoline,1.6,universal,FALSE,owned,front,TRUE,FALSE,FALSE,FALSE,FALSE,FALSE,FALSE,FALSE,FALSE,FALSE,77,500
BMW,X5,automatic,silver,350000,2000,gasoline,FALSE,gasoline,4.4,suv,FALSE,owned,all,FALSE,TRUE,TRUE,TRUE,TRUE,TRUE,TRUE,TRUE,TRUE,TRUE,54,6000
BMW,525,mechanical,black,6666,1985,gasoline,FALSE,gasoline,2.5,sedan,FALSE,owned,rear,FALSE,FALSE,FALSE,FALSE,TRUE,FALSE,FALSE,FALSE,FALSE,TRUE,13,1000
Toyota,Land Cruiser,automatic,black,142000,2011,gasoline,FALSE,gasoline,2.7,suv,FALSE,owned,all,FALSE,TRUE,FALSE,TRUE,TRUE,TRUE,TRUE,TRUE,TRUE,TRUE,111,23000
Chrysler,Voyager,mechanical,green,300000,1998,gas,TRUE,gasoline,2.4,minivan,FALSE,owned,front,FALSE,TRUE,FALSE,FALSE,FALSE,FALSE,FALSE,FALSE,FALSE,TRUE,215,1450
Chevrolet,Aveo,mechanical,blue,88000,2012,gas,TRUE,gasoline,1.6,sedan,FALSE,owned,front,FALSE,TRUE,FALSE,TRUE,FALSE,TRUE,FALSE,TRUE,FALSE,TRUE,75,6800
Kia,Carens,mechanical,blue,313000,2003,diesel,FALSE,diesel,2,minivan,FALSE,owned,front,TRUE,FALSE,FALSE,FALSE,FALSE,FALSE,FALSE,FALSE,FALSE,FALSE,13,4399
Skoda,Superb,mechanical,grey,117500,2013,gasoline,FALSE,gasoline,1.8,sedan,FALSE,owned,front,FALSE,FALSE,FALSE,TRUE,FALSE,TRUE,FALSE,FALSE,TRUE,TRUE,14,15000
Peugeot,207,mechanical,blue,145000,2007,gasoline,FALSE,gasoline,1.4,hatchback,FALSE,owned,front,FALSE,TRUE,FALSE,FALSE,FALSE,FALSE,FALSE,FALSE,FALSE,TRUE,28,5600
Ford,Focus,mechanical,silver,170000,2012,gasoline,FALSE,gasoline,1.6,sedan,FALSE,owned,front,FALSE,TRUE,FALSE,FALSE,FALSE,TRUE,FALSE,FALSE,TRUE,TRUE,206,8250
Nissan,Maxima,mechanical,white,300000,1996,gasoline,FALSE,gasoline,3,sedan,FALSE,owned,front,FALSE,TRUE,FALSE,FALSE,FALSE,FALSE,FALSE,FALSE,FALSE,TRUE,74,2100
Volkswagen,Passat,mechanical,other,350000,1989,gasoline,FALSE,gasoline,1.8,universal,FALSE,owned,front,TRUE,FALSE,FALSE,FALSE,FALSE,FALSE,FALSE,FALSE,FALSE,FALSE,14,900
Opel,Insignia,automatic,white,270000,2010,diesel,FALSE,diesel,2,universal,FALSE,owned,front,FALSE,TRUE,TRUE,TRUE,TRUE,TRUE,TRUE,TRUE,TRUE,TRUE,74,10765.44
Mercedes-Benz,C63AMG,automatic,black,76000,2013,gasoline,FALSE,gasoline,6.2,coupe,FALSE,owned,rear,FALSE,TRUE,TRUE,TRUE,TRUE,TRUE,TRUE,TRUE,TRUE,TRUE,151,29000
Opel,Vectra,mechanical,red,340000,1997,diesel,FALSE,diesel,2,sedan,FALSE,owned,front,FALSE,TRUE,FALSE,FALSE,FALSE,FALSE,FALSE,TRUE,FALSE,TRUE,40,2500
Mazda,626,mechanical,green,465000,1993,gasoline,FALSE,gasoline,1.8,sedan,FALSE,owned,front,TRUE,FALSE,FALSE,FALSE,FALSE,FALSE,FALSE,FALSE,FALSE,FALSE,65,999
Fiat,Palio,mechanical,silver,222222,1998,gasoline,FALSE,gasoline,1.2,universal,FALSE,owned,front,TRUE,FALSE,FALSE,FALSE,FALSE,FALSE,FALSE,FALSE,FALSE,FALSE,3,750
Ford,S-Max,mechanical,silver,158500,2016,diesel,FALSE,diesel,2,minivan,FALSE,owned,front,FALSE,TRUE,TRUE,TRUE,FALSE,TRUE,TRUE,TRUE,TRUE,TRUE,116,18400
Lifan,X50,automatic,blue,60000,2016,gasoline,FALSE,gasoline,1.5,hatchback,FALSE,owned,front,FALSE,TRUE,FALSE,TRUE,TRUE,TRUE,FALSE,FALSE,TRUE,TRUE,61,6100
BMW,525,automatic,silver,321000,2001,diesel,FALSE,diesel,2.5,sedan,FALSE,owned,rear,FALSE,TRUE,TRUE,TRUE,FALSE,TRUE,FALSE,FALSE,TRUE,TRUE,43,5500
BMW,528,automatic,blue,223000,1996,gasoline,FALSE,gasoline,2.8,sedan,FALSE,owned,front,FALSE,TRUE,FALSE,FALSE,TRUE,FALSE,FALSE,FALSE,FALSE,TRUE,77,3800
BMW,318,mechanical,silver,217013,1998,gasoline,FALSE,gasoline,1.8,hatchback,FALSE,owned,rear,FALSE,TRUE,FALSE,FALSE,FALSE,FALSE,FALSE,FALSE,TRUE,TRUE,67,3700
Renault,Trafic,mechanical,red,290000,1999,diesel,FALSE,diesel,1.9,minibus,FALSE,owned,front,TRUE,FALSE,FALSE,FALSE,FALSE,FALSE,FALSE,FALSE,FALSE,FALSE,112,2845.49
Audi,A8,mechanical,silver,235000,1998,gasoline,FALSE,gasoline,2.8,sedan,FALSE,owned,all,FALSE,TRUE,FALSE,FALSE,TRUE,TRUE,FALSE,FALSE,FALSE,TRUE,118,5200
Ford,Mondeo,mechanical,other,276000,1994,gasoline,FALSE,gasoline,1.8,hatchback,FALSE,owned,front,FALSE,FALSE,FALSE,FALSE,FALSE,FALSE,FALSE,FALSE,FALSE,TRUE,11,800
Kia,Sorento,automatic,black,167000,2010,gasoline,FALSE,gasoline,2.4,suv,FALSE,owned,front,FALSE,TRUE,TRUE,FALSE,TRUE,FALSE,FALSE,TRUE,TRUE,TRUE,84,11000
Ford,Escort,mechanical,black,250000,1996,gasoline,FALSE,gasoline,1.3,hatchback,FALSE,owned,front,TRUE,FALSE,FALSE,FALSE,FALSE,FALSE,FALSE,FALSE,FALSE,FALSE,73,890
Mazda,E2200,mechanical,white,300000,1994,diesel,FALSE,diesel,2.2,minibus,FALSE,owned,rear,TRUE,FALSE,FALSE,FALSE,FALSE,FALSE,FALSE,FALSE,FALSE,FALSE,66,2000
BMW,X6,automatic,silver,236500,2008,gasoline,FALSE,gasoline,3,suv,FALSE,owned,all,FALSE,FALSE,TRUE,TRUE,TRUE,TRUE,TRUE,TRUE,TRUE,TRUE,32,14999
Mercedes-Benz,A150,mechanical,black,188000,2007,gasoline,FALSE,gasoline,1.5,hatchback,FALSE,owned,front,FALSE,TRUE,FALSE,FALSE,FALSE,FALSE,FALSE,TRUE,TRUE,TRUE,41,4742.47
Opel,Calibra,mechanical,red,374470,1990,gasoline,FALSE,gasoline,2,sedan,FALSE,owned,front,TRUE,FALSE,FALSE,FALSE,FALSE,FALSE,FALSE,FALSE,FALSE,FALSE,32,640.24
LADA,Granta,mechanical,silver,49000,2013,gasoline,FALSE,gasoline,1.6,sedan,FALSE,owned,front,TRUE,FALSE,FALSE,FALSE,FALSE,FALSE,FALSE,FALSE,FALSE,FALSE,87,5600
Audi,A6,mechanical,silver,310000,2005,gasoline,FALSE,gasoline,2.4,universal,FALSE,owned,front,FALSE,TRUE,FALSE,FALSE,FALSE,TRUE,TRUE,TRUE,TRUE,TRUE,60,8000
Audi,A6,mechanical,red,470000,1994,diesel,FALSE,diesel,2.5,universal,FALSE,owned,front,FALSE,TRUE,FALSE,FALSE,FALSE,FALSE,FALSE,FALSE,FALSE,FALSE,15,4400
Mazda,626,mechanical,other,400000,1999,diesel,FALSE,diesel,2,sedan,FALSE,owned,front,FALSE,FALSE,TRUE,FALSE,FALSE,FALSE,FALSE,FALSE,TRUE,TRUE,296,2600
Jaguar,XKR,automatic,green,26704,1999,gasoline,FALSE,gasoline,4,coupe,FALSE,owned,rear,FALSE,TRUE,FALSE,FALSE,TRUE,TRUE,FALSE,FALSE,TRUE,TRUE,1036,17000
Ford,Sierra,mechanical,other,150000,1991,gasoline,FALSE,gasoline,1.6,sedan,FALSE,owned,rear,TRUE,FALSE,FALSE,FALSE,FALSE,FALSE,FALSE,FALSE,FALSE,FALSE,40,379.4
Opel,Zafira,mechanical,blue,287000,2003,diesel,FALSE,diesel,2,minivan,FALSE,owned,front,FALSE,FALSE,FALSE,FALSE,FALSE,FALSE,FALSE,FALSE,FALSE,TRUE,33,4481.64
BMW,X5 M,automatic,black,125000,2010,gasoline,FALSE,gasoline,5,suv,FALSE,owned,all,FALSE,TRUE,TRUE,TRUE,TRUE,TRUE,TRUE,TRUE,TRUE,TRUE,91,25500
Opel,Insignia,mechanical,black,146000,2011,gasoline,FALSE,gasoline,1.8,liftback,FALSE,owned,front,FALSE,FALSE,FALSE,FALSE,FALSE,TRUE,TRUE,FALSE,TRUE,TRUE,8,9250
Renault,Grand Scenic,mechanical,brown,230000,2010,diesel,FALSE,diesel,1.5,minivan,FALSE,owned,front,FALSE,TRUE,FALSE,FALSE,FALSE,FALSE,FALSE,FALSE,TRUE,TRUE,302,8950
УАЗ,39099,mechanical,green,36000,1995,gasoline,FALSE,gasoline,2.4,suv,FALSE,owned,front,TRUE,FALSE,FALSE,FALSE,FALSE,FALSE,FALSE,FALSE,FALSE,FALSE,75,800
Seat,Toledo,mechanical,blue,350000,1993,gasoline,FALSE,gasoline,1.8,liftback,FALSE,owned,front,TRUE,FALSE,FALSE,FALSE,FALSE,FALSE,FALSE,FALSE,FALSE,FALSE,72,350
Opel,Zafira,mechanical,black,264000,2000,gasoline,FALSE,gasoline,1.8,minivan,FALSE,owned,front,FALSE,TRUE,FALSE,FALSE,FALSE,FALSE,FALSE,FALSE,TRUE,TRUE,88,5300
ВАЗ,2109,mechanical,blue,150000,1998,gasoline,FALSE,gasoline,1.5,hatchback,FALSE,owned,front,TRUE,FALSE,FALSE,FALSE,FALSE,FALSE,FALSE,FALSE,FALSE,FALSE,20,1500
Buick,Encore,automatic,other,77000,2013,gasoline,FALSE,gasoline,1.4,suv,FALSE,owned,front,FALSE,TRUE,FALSE,FALSE,FALSE,FALSE,TRUE,TRUE,TRUE,TRUE,4,9999
Citroen,Nemo,mechanical,black,255000,2009,diesel,FALSE,diesel,1.4,universal,FALSE,owned,front,TRUE,FALSE,FALSE,FALSE,FALSE,FALSE,FALSE,FALSE,FALSE,FALSE,4,5000
Opel,Insignia,automatic,brown,166000,2012,diesel,FALSE,diesel,2,sedan,FALSE,owned,front,FALSE,TRUE,TRUE,TRUE,TRUE,TRUE,TRUE,TRUE,TRUE,TRUE,32,12700
Skoda,Octavia,mechanical,grey,0,2019,gasoline,FALSE,gasoline,1.6,sedan,TRUE,new,front,TRUE,FALSE,FALSE,FALSE,FALSE,FALSE,FALSE,FALSE,FALSE,FALSE,26,19736.79
Mazda,626,mechanical,blue,278000,1994,gasoline,FALSE,gasoline,1.8,hatchback,FALSE,owned,front,FALSE,FALSE,FALSE,FALSE,TRUE,FALSE,FALSE,FALSE,FALSE,TRUE,124,1850
Volkswagen,Golf,mechanical,silver,182000,1999,gasoline,FALSE,gasoline,1.8,hatchback,FALSE,owned,all,FALSE,TRUE,FALSE,FALSE,FALSE,FALSE,TRUE,TRUE,TRUE,TRUE,318,5600
Land Rover,Range Rover Sport,automatic,white,61000,2015,diesel,FALSE,diesel,3,suv,FALSE,owned,all,FALSE,TRUE,TRUE,TRUE,TRUE,TRUE,TRUE,TRUE,TRUE,TRUE,143,49950
Mercedes-Benz,T1,mechanical,white,231000,1993,diesel,FALSE,diesel,2.3,minibus,FALSE,owned,rear,TRUE,FALSE,FALSE,FALSE,FALSE,FALSE,FALSE,FALSE,FALSE,FALSE,434,2700
Opel,Zafira,mechanical,brown,420000,2000,diesel,FALSE,diesel,2,minivan,FALSE,owned,front,FALSE,FALSE,FALSE,FALSE,FALSE,FALSE,FALSE,FALSE,TRUE,TRUE,216,3900
Audi,A6,automatic,brown,110000,2015,diesel,FALSE,diesel,3,sedan,FALSE,owned,all,FALSE,TRUE,TRUE,TRUE,TRUE,TRUE,TRUE,TRUE,TRUE,TRUE,156,34118.23
Ford,Transit,mechanical,blue,470000,2000,diesel,FALSE,diesel,2.5,minibus,FALSE,owned,rear,TRUE,FALSE,FALSE,FALSE,FALSE,FALSE,FALSE,FALSE,FALSE,FALSE,10,3300
Chrysler,Grand Voyager,automatic,grey,179000,1998,gasoline,FALSE,gasoline,3.3,minivan,FALSE,owned,front,FALSE,TRUE,FALSE,FALSE,FALSE,FALSE,FALSE,FALSE,FALSE,TRUE,167,3450
ВАЗ,2107,mechanical,blue,200000,1999,gasoline,FALSE,gasoline,1.5,sedan,FALSE,owned,rear,TRUE,FALSE,FALSE,FALSE,FALSE,FALSE,FALSE,FALSE,FALSE,FALSE,85,200
Ford,Mondeo,mechanical,blue,127000,2007,gasoline,FALSE,gasoline,1.8,sedan,FALSE,owned,front,FALSE,FALSE,FALSE,TRUE,FALSE,TRUE,TRUE,FALSE,FALSE,TRUE,1,4390
Peugeot,Expert,mechanical,blue,321869,2001,diesel,FALSE,diesel,2,minivan,FALSE,owned,front,FALSE,FALSE,FALSE,FALSE,FALSE,FALSE,FALSE,FALSE,FALSE,TRUE,77,3746.56
BMW,320,mechanical,black,340000,2003,diesel,FALSE,diesel,2,universal,FALSE,owned,rear,FALSE,TRUE,TRUE,TRUE,FALSE,TRUE,TRUE,TRUE,TRUE,TRUE,79,6200
Renault,Laguna,mechanical,blue,240000,2002,diesel,FALSE,diesel,1.9,hatchback,FALSE,owned,front,FALSE,FALSE,FALSE,TRUE,FALSE,FALSE,FALSE,FALSE,TRUE,TRUE,47,4000
Fiat,Brava,mechanical,red,300000,1997,gasoline,FALSE,gasoline,1.4,hatchback,FALSE,owned,front,TRUE,FALSE,FALSE,FALSE,FALSE,FALSE,FALSE,FALSE,FALSE,FALSE,104,800
Opel,Corsa,mechanical,blue,187000,2006,gasoline,FALSE,gasoline,1.2,coupe,FALSE,owned,front,FALSE,TRUE,FALSE,FALSE,FALSE,FALSE,FALSE,FALSE,FALSE,FALSE,80,3550
Ford,Focus,mechanical,black,89500,2011,gasoline,FALSE,gasoline,1.6,sedan,FALSE,owned,front,FALSE,TRUE,FALSE,FALSE,FALSE,TRUE,FALSE,TRUE,TRUE,TRUE,49,9600
Citroen,Xantia,mechanical,red,348000,1997,diesel,FALSE,diesel,1.9,universal,FALSE,emergency,front,FALSE,FALSE,FALSE,FALSE,TRUE,TRUE,FALSE,FALSE,FALSE,TRUE,81,650
Nissan,Pathfinder,automatic,red,240000,1993,gasoline,FALSE,gasoline,3,suv,FALSE,owned,all,FALSE,TRUE,TRUE,FALSE,FALSE,FALSE,FALSE,TRUE,FALSE,TRUE,101,3319.74
Renault,Megane,mechanical,silver,220000,2010,diesel,FALSE,diesel,1.5,hatchback,FALSE,owned,front,FALSE,TRUE,FALSE,FALSE,FALSE,FALSE,FALSE,TRUE,FALSE,TRUE,89,6850
Renault,Grand Scenic,mechanical,grey,221000,2011,diesel,FALSE,diesel,1.5,universal,FALSE,owned,front,FALSE,TRUE,FALSE,TRUE,FALSE,FALSE,TRUE,TRUE,TRUE,FALSE,42,7900
Kia,Sportage,automatic,silver,49000,2015,gasoline,FALSE,gasoline,2,suv,FALSE,owned,front,FALSE,TRUE,FALSE,FALSE,FALSE,FALSE,FALSE,FALSE,TRUE,TRUE,39,15600
Citroen,XM,mechanical,black,290000,1997,gasoline,FALSE,gasoline,2,hatchback,FALSE,owned,front,TRUE,FALSE,FALSE,FALSE,FALSE,FALSE,FALSE,FALSE,FALSE,FALSE,49,1000
Honda,Insight,automatic,red,215000,2009,hybrid-petrol,FALSE,gasoline,1.3,liftback,FALSE,owned,front,FALSE,TRUE,FALSE,FALSE,FALSE,FALSE,FALSE,FALSE,TRUE,TRUE,46,6500
Toyota,Carina E,mechanical,brown,417000,1992,gasoline,FALSE,gasoline,1.6,liftback,FALSE,owned,front,FALSE,FALSE,FALSE,FALSE,FALSE,FALSE,FALSE,FALSE,FALSE,TRUE,37,1500
Ford,Focus,mechanical,black,320000,2002,diesel,FALSE,diesel,1.8,universal,FALSE,owned,front,FALSE,TRUE,FALSE,FALSE,FALSE,FALSE,FALSE,FALSE,FALSE,TRUE,16,2900
Mercedes-Benz,CLK320,automatic,blue,220000,1998,gasoline,FALSE,gasoline,3.2,coupe,FALSE,owned,front,FALSE,TRUE,TRUE,TRUE,TRUE,TRUE,FALSE,FALSE,TRUE,TRUE,15,4600
Opel,Astra,mechanical,other,453000,1997,gasoline,FALSE,gasoline,1.6,universal,FALSE,owned,front,TRUE,FALSE,FALSE,FALSE,FALSE,FALSE,FALSE,FALSE,FALSE,FALSE,121,500
Ford,Transit,mechanical,white,388800,2008,diesel,FALSE,diesel,2.4,van,FALSE,owned,rear,TRUE,FALSE,FALSE,FALSE,FALSE,FALSE,FALSE,FALSE,FALSE,FALSE,5,6300
Porsche,Panamera,automatic,black,45000,2011,gasoline,FALSE,gasoline,4.8,liftback,FALSE,owned,all,FALSE,TRUE,TRUE,TRUE,TRUE,TRUE,TRUE,TRUE,TRUE,TRUE,60,34900
Mazda,626,mechanical,red,100000,1989,gasoline,FALSE,gasoline,2,hatchback,FALSE,owned,front,TRUE,FALSE,FALSE,FALSE,FALSE,FALSE,FALSE,FALSE,FALSE,FALSE,74,800
Renault,Master,mechanical,silver,250000,2003,diesel,FALSE,diesel,2.5,minibus,FALSE,owned,front,TRUE,FALSE,FALSE,FALSE,FALSE,FALSE,FALSE,FALSE,FALSE,FALSE,75,7500
Fiat,500,automatic,orange,49000,2014,electric,FALSE,electric,,hatchback,FALSE,owned,front,FALSE,FALSE,FALSE,TRUE,FALSE,TRUE,FALSE,TRUE,FALSE,TRUE,11,16000
Fiat,Bravo,mechanical,red,300000,1995,gasoline,FALSE,gasoline,1.4,hatchback,FALSE,owned,front,TRUE,FALSE,FALSE,FALSE,FALSE,FALSE,FALSE,FALSE,FALSE,FALSE,43,1550
Rover,600-Series,mechanical,silver,350000,1998,gasoline,FALSE,gasoline,1.8,sedan,FALSE,owned,front,FALSE,FALSE,FALSE,FALSE,TRUE,TRUE,FALSE,TRUE,FALSE,FALSE,68,1400
Audi,A3,mechanical,black,210000,2009,gasoline,FALSE,gasoline,1.6,hatchback,FALSE,owned,front,FALSE,TRUE,FALSE,TRUE,FALSE,FALSE,FALSE,TRUE,TRUE,TRUE,65,8350
BMW,318,mechanical,silver,390000,1999,gasoline,FALSE,gasoline,1.8,sedan,FALSE,owned,rear,FALSE,FALSE,TRUE,FALSE,FALSE,FALSE,FALSE,FALSE,FALSE,TRUE,90,4100
Ford,Fiesta,mechanical,white,240000,1996,gasoline,FALSE,gasoline,1.3,hatchback,FALSE,owned,front,FALSE,TRUE,FALSE,FALSE,FALSE,FALSE,FALSE,FALSE,FALSE,FALSE,85,900
Kia,Cerato,mechanical,black,115521,2015,gasoline,FALSE,gasoline,1.6,sedan,FALSE,owned,front,FALSE,TRUE,FALSE,TRUE,FALSE,TRUE,FALSE,TRUE,TRUE,TRUE,40,12199
Mitsubishi,Galant,mechanical,blue,360000,1993,gasoline,FALSE,gasoline,2,hatchback,FALSE,owned,front,TRUE,FALSE,FALSE,FALSE,FALSE,FALSE,FALSE,FALSE,FALSE,FALSE,285,800
Toyota,Camry,automatic,black,272000,2006,gasoline,FALSE,gasoline,3.5,sedan,FALSE,owned,front,FALSE,TRUE,TRUE,TRUE,TRUE,TRUE,FALSE,FALSE,TRUE,TRUE,68,8900
Mercedes-Benz,C180,mechanical,green,153000,1998,gasoline,FALSE,gasoline,1.8,sedan,FALSE,owned,rear,FALSE,TRUE,FALSE,FALSE,FALSE,FALSE,FALSE,FALSE,TRUE,TRUE,45,2500
BMW,320,automatic,black,121032,2006,gasoline,FALSE,gasoline,2,sedan,FALSE,owned,rear,FALSE,TRUE,FALSE,TRUE,TRUE,TRUE,TRUE,FALSE,TRUE,TRUE,365,12000
Skoda,Felicia,mechanical,blue,280000,1999,gasoline,FALSE,gasoline,1.3,hatchback,FALSE,owned,front,FALSE,FALSE,FALSE,FALSE,FALSE,FALSE,FALSE,FALSE,FALSE,TRUE,391,2250
Renault,Scenic,mechanical,white,151000,2016,diesel,FALSE,diesel,1.5,minivan,FALSE,owned,front,FALSE,TRUE,FALSE,FALSE,TRUE,TRUE,TRUE,TRUE,TRUE,FALSE,22,9990
Renault,Scenic,automatic,silver,270000,2005,gasoline,FALSE,gasoline,2,hatchback,FALSE,owned,front,FALSE,TRUE,FALSE,TRUE,FALSE,FALSE,FALSE,FALSE,FALSE,TRUE,129,4499
Chrysler,Voyager,mechanical,blue,321765,2001,diesel,FALSE,diesel,2.5,minivan,FALSE,owned,front,FALSE,TRUE,FALSE,TRUE,FALSE,FALSE,FALSE,FALSE,TRUE,FALSE,84,5300
Volkswagen,Golf,mechanical,black,300000,1981,gasoline,FALSE,gasoline,2.8,hatchback,FALSE,owned,front,FALSE,FALSE,FALSE,FALSE,FALSE,FALSE,FALSE,FALSE,FALSE,TRUE,109,2000
Mitsubishi,Pajero,automatic,blue,370000,2002,diesel,FALSE,diesel,3.2,suv,FALSE,owned,all,FALSE,TRUE,FALSE,FALSE,TRUE,TRUE,FALSE,TRUE,TRUE,TRUE,261,7150
Opel,Zafira,mechanical,silver,151000,2015,diesel,FALSE,diesel,1.6,minivan,FALSE,owned,front,FALSE,TRUE,TRUE,TRUE,TRUE,TRUE,TRUE,TRUE,TRUE,TRUE,18,12700
Ford,Kuga,automatic,brown,138000,2014,diesel,FALSE,diesel,2,suv,FALSE,owned,all,FALSE,FALSE,TRUE,FALSE,FALSE,TRUE,TRUE,TRUE,TRUE,TRUE,6,14399
Suzuki,Baleno,mechanical,red,200000,1995,gasoline,FALSE,gasoline,1.3,sedan,FALSE,owned,front,FALSE,TRUE,FALSE,FALSE,FALSE,FALSE,FALSE,FALSE,FALSE,FALSE,59,1400
Ford,Escort,mechanical,green,250000,1998,gasoline,FALSE,gasoline,1.6,universal,FALSE,owned,front,FALSE,TRUE,FALSE,FALSE,FALSE,FALSE,FALSE,FALSE,FALSE,TRUE,236,1200
Audi,80,automatic,green,373000,1994,gasoline,FALSE,gasoline,2,sedan,FALSE,owned,front,TRUE,FALSE,FALSE,FALSE,FALSE,FALSE,FALSE,FALSE,FALSE,FALSE,15,2466.09
Citroen,Xsara,mechanical,silver,298990,1999,gasoline,FALSE,gasoline,1.8,hatchback,FALSE,owned,front,FALSE,TRUE,FALSE,FALSE,FALSE,FALSE,FALSE,FALSE,FALSE,FALSE,185,2280
BMW,320,automatic,blue,118000,2014,diesel,FALSE,diesel,2,sedan,FALSE,owned,rear,FALSE,TRUE,TRUE,TRUE,TRUE,TRUE,FALSE,TRUE,TRUE,TRUE,411,19800
Mazda,MPV,mechanical,blue,370000,1998,diesel,FALSE,diesel,2.5,minivan,FALSE,owned,front,FALSE,TRUE,FALSE,FALSE,FALSE,FALSE,FALSE,FALSE,FALSE,FALSE,76,1900
Hyundai,i30,mechanical,black,91000,2009,gasoline,FALSE,gasoline,1.6,universal,FALSE,owned,front,FALSE,TRUE,FALSE,TRUE,FALSE,FALSE,FALSE,FALSE,FALSE,FALSE,91,6800
Toyota,Land Cruiser,automatic,silver,270000,2001,gasoline,FALSE,gasoline,4.7,suv,FALSE,owned,all,FALSE,TRUE,TRUE,TRUE,TRUE,TRUE,TRUE,TRUE,TRUE,TRUE,80,16500
Audi,A8,automatic,black,200000,2008,diesel,FALSE,diesel,4.2,sedan,FALSE,owned,all,FALSE,TRUE,TRUE,TRUE,TRUE,TRUE,TRUE,TRUE,TRUE,TRUE,303,17800
Peugeot,206,mechanical,blue,250000,2001,gasoline,FALSE,gasoline,1.4,hatchback,FALSE,owned,front,TRUE,FALSE,FALSE,FALSE,FALSE,FALSE,FALSE,FALSE,FALSE,FALSE,11,2400
Renault,Scenic,mechanical,blue,298000,2000,gasoline,FALSE,gasoline,1.6,minivan,FALSE,owned,front,TRUE,FALSE,FALSE,FALSE,FALSE,FALSE,FALSE,FALSE,FALSE,FALSE,136,3200
Nissan,Primera,mechanical,silver,300000,1998,diesel,FALSE,diesel,2,hatchback,FALSE,owned,front,TRUE,FALSE,FALSE,FALSE,FALSE,FALSE,FALSE,FALSE,FALSE,FALSE,60,1600
Kia,Sorento,mechanical,silver,300000,2004,diesel,FALSE,diesel,2.5,suv,FALSE,owned,all,FALSE,TRUE,FALSE,FALSE,FALSE,FALSE,FALSE,FALSE,FALSE,TRUE,73,7200
Ford,Ka,mechanical,blue,210000,1999,gasoline,FALSE,gasoline,1.3,hatchback,FALSE,owned,front,FALSE,TRUE,FALSE,FALSE,FALSE,FALSE,FALSE,FALSE,FALSE,TRUE,117,2200
Renault,Master,mechanical,white,113000,2017,diesel,FALSE,diesel,2.2,minibus,FALSE,owned,front,FALSE,TRUE,FALSE,TRUE,FALSE,FALSE,FALSE,FALSE,FALSE,FALSE,55,27000
BMW,X6,automatic,grey,148000,2009,hybrid-petrol,FALSE,gasoline,4.4,suv,FALSE,owned,all,FALSE,TRUE,FALSE,TRUE,TRUE,TRUE,TRUE,TRUE,TRUE,TRUE,88,15500
Volvo,S80,automatic,silver,300000,1999,gasoline,FALSE,gasoline,2.8,sedan,FALSE,owned,front,FALSE,TRUE,FALSE,FALSE,TRUE,TRUE,FALSE,FALSE,TRUE,TRUE,44,3900
Ford,Mustang,automatic,grey,88000,2017,gasoline,FALSE,gasoline,2.3,coupe,FALSE,emergency,rear,FALSE,TRUE,TRUE,TRUE,TRUE,TRUE,TRUE,TRUE,TRUE,TRUE,13,10900
Mercedes-Benz,T1,mechanical,white,733785,1991,diesel,FALSE,diesel,2.9,van,FALSE,owned,rear,TRUE,FALSE,FALSE,FALSE,FALSE,FALSE,FALSE,FALSE,FALSE,FALSE,32,4200
Nissan,Teana,automatic,black,130000,2011,gasoline,FALSE,gasoline,2.5,sedan,FALSE,emergency,front,TRUE,FALSE,FALSE,FALSE,FALSE,FALSE,FALSE,FALSE,FALSE,FALSE,328,5000
Toyota,Sienna,automatic,blue,333000,2006,gas,TRUE,gasoline,3.3,minivan,FALSE,owned,front,TRUE,FALSE,FALSE,FALSE,FALSE,FALSE,FALSE,FALSE,FALSE,FALSE,27,10950
Buick,Encore,automatic,grey,71000,2014,gasoline,FALSE,gasoline,1.4,suv,FALSE,owned,all,FALSE,TRUE,FALSE,TRUE,TRUE,FALSE,TRUE,TRUE,TRUE,TRUE,228,11900
Alfa Romeo,156,mechanical,black,70000,2002,diesel,FALSE,diesel,1.9,universal,FALSE,owned,front,FALSE,TRUE,FALSE,FALSE,TRUE,FALSE,FALSE,FALSE,FALSE,TRUE,73,3500
Volkswagen,Bora,mechanical,black,415000,2000,diesel,FALSE,diesel,1.9,universal,FALSE,owned,front,TRUE,FALSE,FALSE,FALSE,FALSE,FALSE,FALSE,FALSE,FALSE,FALSE,40,4500
Volkswagen,Golf,mechanical,black,1000000,1990,gasoline,FALSE,gasoline,1.8,coupe,FALSE,owned,rear,FALSE,TRUE,FALSE,FALSE,FALSE,FALSE,FALSE,FALSE,TRUE,TRUE,167,1600
Renault,Master,mechanical,grey,420000,2001,diesel,FALSE,diesel,2.8,minibus,FALSE,owned,front,TRUE,FALSE,FALSE,FALSE,FALSE,FALSE,FALSE,FALSE,FALSE,FALSE,11,4150
Volvo,S80,automatic,black,333575,2006,gasoline,FALSE,gasoline,2.5,sedan,FALSE,owned,front,FALSE,TRUE,TRUE,TRUE,TRUE,TRUE,FALSE,TRUE,TRUE,TRUE,5,7700
Skoda,Kodiaq,automatic,brown,0,2019,diesel,FALSE,diesel,2,suv,TRUE,new,all,TRUE,FALSE,FALSE,FALSE,FALSE,FALSE,FALSE,FALSE,FALSE,FALSE,25,38829.08
Renault,Safrane,mechanical,blue,360000,1998,gasoline,FALSE,gasoline,2,hatchback,FALSE,owned,front,TRUE,FALSE,FALSE,FALSE,FALSE,FALSE,FALSE,FALSE,FALSE,FALSE,78,2000
Citroen,Xantia,mechanical,silver,220000,1997,diesel,FALSE,diesel,1.9,hatchback,FALSE,owned,front,TRUE,FALSE,FALSE,FALSE,FALSE,FALSE,FALSE,FALSE,FALSE,FALSE,68,1050
Volkswagen,Passat,automatic,black,151000,2010,gasoline,FALSE,gasoline,1.4,universal,FALSE,owned,front,FALSE,TRUE,TRUE,TRUE,FALSE,TRUE,TRUE,TRUE,TRUE,TRUE,88,7200
Volkswagen,T5,automatic,red,330000,2005,diesel,FALSE,diesel,2.5,minibus,FALSE,owned,front,TRUE,FALSE,FALSE,FALSE,FALSE,FALSE,FALSE,FALSE,FALSE,FALSE,132,2000
Mercedes-Benz,S560,automatic,black,300000,1989,gasoline,FALSE,gasoline,5.6,sedan,FALSE,owned,rear,FALSE,FALSE,TRUE,FALSE,TRUE,FALSE,FALSE,FALSE,FALSE,TRUE,1,4000
Opel,Omega,mechanical,black,400000,1994,gas,TRUE,gasoline,2,universal,FALSE,owned,rear,TRUE,FALSE,FALSE,FALSE,FALSE,FALSE,FALSE,FALSE,FALSE,FALSE,59,800
Peugeot,307,automatic,blue,240000,2007,gasoline,FALSE,gasoline,1.6,hatchback,FALSE,owned,front,FALSE,TRUE,FALSE,FALSE,FALSE,FALSE,FALSE,FALSE,TRUE,TRUE,70,5500
Mazda,626,mechanical,green,350000,1996,gasoline,FALSE,gasoline,1.8,hatchback,FALSE,owned,front,FALSE,FALSE,FALSE,FALSE,FALSE,FALSE,FALSE,FALSE,FALSE,TRUE,43,1250
Volkswagen,Golf,mechanical,red,250000,1990,gasoline,FALSE,gasoline,1.3,hatchback,FALSE,owned,front,TRUE,FALSE,FALSE,FALSE,FALSE,FALSE,FALSE,FALSE,FALSE,FALSE,96,1000
Ford,Sierra,mechanical,blue,150000,1990,diesel,FALSE,diesel,2.3,sedan,FALSE,owned,rear,FALSE,FALSE,FALSE,FALSE,FALSE,FALSE,FALSE,FALSE,FALSE,TRUE,10,790
Nissan,Armada,automatic,black,177028,2004,gas,TRUE,gasoline,5.6,suv,FALSE,owned,all,TRUE,FALSE,FALSE,FALSE,FALSE,FALSE,FALSE,FALSE,FALSE,FALSE,10,9600
BMW,323,automatic,silver,409000,2000,gasoline,FALSE,gasoline,2.3,sedan,FALSE,owned,rear,FALSE,TRUE,FALSE,TRUE,TRUE,TRUE,FALSE,TRUE,FALSE,FALSE,69,4300
BMW,520,mechanical,black,485000,1997,gasoline,FALSE,gasoline,2,universal,FALSE,owned,rear,FALSE,TRUE,FALSE,FALSE,TRUE,FALSE,FALSE,FALSE,FALSE,TRUE,43,2950
Audi,A6,automatic,silver,330000,2003,diesel,FALSE,diesel,2.5,sedan,FALSE,owned,front,FALSE,TRUE,TRUE,TRUE,FALSE,FALSE,FALSE,FALSE,TRUE,TRUE,245,5500
Ford,Mustang,automatic,blue,105000,2005,gasoline,FALSE,gasoline,4,cabriolet,FALSE,owned,rear,FALSE,TRUE,FALSE,FALSE,TRUE,TRUE,TRUE,TRUE,TRUE,TRUE,766,15999
Toyota,Yaris,mechanical,green,245000,2000,gasoline,FALSE,gasoline,1.3,minivan,FALSE,owned,front,FALSE,FALSE,FALSE,TRUE,FALSE,FALSE,FALSE,FALSE,FALSE,FALSE,131,3100
Peugeot,405,mechanical,white,300000,1991,diesel,FALSE,diesel,1.9,universal,FALSE,owned,front,TRUE,FALSE,FALSE,FALSE,FALSE,FALSE,FALSE,FALSE,FALSE,FALSE,25,500
Skoda,Kodiaq,automatic,blue,0,2019,diesel,FALSE,diesel,2,suv,TRUE,new,all,TRUE,FALSE,FALSE,FALSE,FALSE,FALSE,FALSE,FALSE,FALSE,FALSE,26,41850.99
Kia,Sportage,automatic,other,236500,2012,gasoline,FALSE,gasoline,2,suv,FALSE,owned,front,FALSE,TRUE,FALSE,TRUE,FALSE,TRUE,FALSE,FALSE,FALSE,TRUE,75,12200
Mazda,626,mechanical,green,388000,2001,gasoline,FALSE,gasoline,2,sedan,FALSE,owned,front,FALSE,TRUE,FALSE,FALSE,FALSE,FALSE,FALSE,FALSE,FALSE,TRUE,92,2500
Renault,Scenic,mechanical,silver,286000,2000,gasoline,FALSE,gasoline,2,minivan,FALSE,owned,front,FALSE,FALSE,FALSE,FALSE,FALSE,TRUE,FALSE,FALSE,FALSE,FALSE,27,3700
BMW,525,mechanical,blue,454685,2001,diesel,FALSE,diesel,2.5,sedan,FALSE,owned,rear,FALSE,FALSE,FALSE,FALSE,FALSE,FALSE,FALSE,FALSE,FALSE,TRUE,6,5800
Kia,Rio,mechanical,silver,120000,2013,gasoline,FALSE,gasoline,1.4,sedan,FALSE,owned,front,FALSE,TRUE,FALSE,FALSE,FALSE,FALSE,FALSE,FALSE,FALSE,FALSE,42,10100
Audi,Q5,automatic,white,178000,2012,gasoline,FALSE,gasoline,2,suv,FALSE,owned,all,FALSE,FALSE,TRUE,TRUE,TRUE,TRUE,TRUE,TRUE,TRUE,TRUE,8,17155
Ford,Mondeo,mechanical,blue,299000,2001,gas,TRUE,gasoline,1.8,universal,FALSE,owned,front,FALSE,TRUE,TRUE,FALSE,FALSE,TRUE,FALSE,FALSE,TRUE,TRUE,7,3300
Audi,A6,mechanical,blue,264000,2002,diesel,FALSE,diesel,1.9,sedan,FALSE,owned,front,FALSE,TRUE,TRUE,FALSE,TRUE,TRUE,FALSE,TRUE,TRUE,TRUE,21,6650
Ford,Mondeo,mechanical,silver,119000,2014,gasoline,FALSE,gasoline,1.6,sedan,FALSE,owned,front,FALSE,TRUE,FALSE,TRUE,FALSE,TRUE,TRUE,TRUE,TRUE,FALSE,14,8000
Daewoo,Matiz,mechanical,blue,311633,1999,gasoline,FALSE,gasoline,0.8,hatchback,FALSE,owned,front,TRUE,FALSE,FALSE,FALSE,FALSE,FALSE,FALSE,FALSE,FALSE,FALSE,57,1150
Audi,A6,automatic,black,140000,2012,gasoline,FALSE,gasoline,3,sedan,FALSE,owned,all,FALSE,TRUE,TRUE,TRUE,TRUE,TRUE,TRUE,TRUE,TRUE,TRUE,86,15000
Opel,Zafira,mechanical,black,250000,2001,gasoline,FALSE,gasoline,1.6,minivan,FALSE,owned,front,FALSE,TRUE,FALSE,FALSE,FALSE,TRUE,FALSE,FALSE,FALSE,TRUE,45,4500
Citroen,Xantia,mechanical,other,507260,2000,diesel,FALSE,diesel,2,hatchback,FALSE,owned,front,FALSE,TRUE,FALSE,FALSE,FALSE,FALSE,FALSE,FALSE,FALSE,FALSE,12,2450
Renault,Logan,mechanical,black,45000,2017,gasoline,FALSE,gasoline,1.6,sedan,FALSE,owned,front,FALSE,TRUE,FALSE,FALSE,TRUE,TRUE,FALSE,TRUE,TRUE,TRUE,10,8550
Mercedes-Benz,C230,automatic,silver,240000,2001,gasoline,FALSE,gasoline,2.3,coupe,FALSE,owned,rear,FALSE,TRUE,FALSE,FALSE,FALSE,FALSE,FALSE,TRUE,TRUE,FALSE,17,3800
Hyundai,Santa Fe,automatic,silver,321869,2001,gasoline,FALSE,gasoline,2.7,suv,FALSE,owned,all,TRUE,FALSE,FALSE,FALSE,FALSE,FALSE,FALSE,FALSE,FALSE,FALSE,10,2800
Chevrolet,Cruze,automatic,white,42514,2017,gasoline,FALSE,gasoline,1.4,sedan,FALSE,owned,front,FALSE,FALSE,FALSE,FALSE,FALSE,TRUE,TRUE,TRUE,TRUE,TRUE,5,11499
Opel,Vectra,mechanical,blue,300000,2001,diesel,FALSE,diesel,2.2,universal,FALSE,owned,front,FALSE,TRUE,FALSE,FALSE,FALSE,FALSE,FALSE,FALSE,TRUE,TRUE,181,2800
Hyundai,Santa Fe,automatic,black,63081,2015,gasoline,FALSE,gasoline,2,suv,FALSE,owned,front,FALSE,TRUE,TRUE,TRUE,TRUE,TRUE,TRUE,TRUE,TRUE,TRUE,206,23499
BMW,X5,automatic,white,97000,2017,diesel,FALSE,diesel,2.5,suv,FALSE,owned,all,FALSE,TRUE,TRUE,TRUE,TRUE,TRUE,TRUE,TRUE,TRUE,TRUE,14,36500
Mini,One,automatic,red,143000,2007,gasoline,FALSE,gasoline,1.4,hatchback,FALSE,owned,front,FALSE,TRUE,FALSE,FALSE,TRUE,TRUE,FALSE,FALSE,TRUE,TRUE,91,8500
Volkswagen,Passat,mechanical,white,415000,1990,gasoline,FALSE,gasoline,1.6,universal,FALSE,owned,front,TRUE,FALSE,FALSE,FALSE,FALSE,FALSE,FALSE,FALSE,FALSE,FALSE,150,1300
Volkswagen,T4,mechanical,green,330000,1995,diesel,FALSE,diesel,2.4,minibus,FALSE,owned,front,TRUE,FALSE,FALSE,FALSE,FALSE,FALSE,FALSE,FALSE,FALSE,FALSE,62,5800
Audi,A6,automatic,grey,130000,2011,gasoline,FALSE,gasoline,3,sedan,FALSE,owned,all,FALSE,TRUE,TRUE,TRUE,TRUE,TRUE,FALSE,TRUE,TRUE,TRUE,91,17999
BMW,323,mechanical,black,197000,1992,gasoline,FALSE,gasoline,2,sedan,FALSE,owned,rear,FALSE,TRUE,TRUE,FALSE,TRUE,TRUE,FALSE,FALSE,TRUE,FALSE,152,1400
Mazda,626,automatic,green,331525,2000,gasoline,FALSE,gasoline,2,sedan,FALSE,owned,front,FALSE,TRUE,FALSE,FALSE,FALSE,FALSE,FALSE,FALSE,FALSE,FALSE,91,2300
BMW,X5,automatic,violet,180000,2007,gasoline,FALSE,gasoline,3,suv,FALSE,owned,all,FALSE,TRUE,TRUE,TRUE,TRUE,TRUE,TRUE,FALSE,TRUE,TRUE,14,12300
Volvo,S40,mechanical,other,150000,2008,gasoline,FALSE,gasoline,1.8,sedan,FALSE,owned,front,FALSE,TRUE,FALSE,FALSE,FALSE,TRUE,FALSE,FALSE,TRUE,TRUE,394,6500
Opel,Corsa,mechanical,silver,195000,1998,gasoline,FALSE,gasoline,1,hatchback,FALSE,owned,front,TRUE,FALSE,FALSE,FALSE,FALSE,FALSE,FALSE,FALSE,FALSE,FALSE,7,1090.77
Opel,Omega,mechanical,silver,270000,2002,gasoline,FALSE,gasoline,2.2,sedan,FALSE,owned,front,FALSE,TRUE,TRUE,TRUE,FALSE,FALSE,FALSE,FALSE,FALSE,TRUE,22,3000
Volkswagen,Golf,mechanical,blue,230225,2015,diesel,FALSE,diesel,1.6,universal,FALSE,owned,front,FALSE,TRUE,FALSE,FALSE,FALSE,FALSE,FALSE,FALSE,FALSE,FALSE,8,11999
Seat,Alhambra,mechanical,silver,310000,2002,diesel,FALSE,diesel,1.9,minivan,FALSE,owned,front,FALSE,TRUE,FALSE,FALSE,FALSE,FALSE,FALSE,FALSE,TRUE,TRUE,154,6500
Fiat,Punto,mechanical,green,180000,2002,gasoline,FALSE,gasoline,1.2,hatchback,FALSE,owned,front,FALSE,TRUE,FALSE,FALSE,FALSE,FALSE,FALSE,FALSE,FALSE,TRUE,656,2100
BMW,635,automatic,blue,197000,2008,diesel,FALSE,diesel,3,coupe,FALSE,owned,rear,TRUE,FALSE,FALSE,FALSE,FALSE,FALSE,FALSE,FALSE,FALSE,FALSE,51,17500
Volkswagen,Touareg,automatic,silver,310000,2007,diesel,FALSE,diesel,3,suv,FALSE,owned,all,FALSE,TRUE,TRUE,TRUE,TRUE,TRUE,FALSE,FALSE,TRUE,TRUE,62,11500
Ford,C-Max,mechanical,green,256000,2003,diesel,FALSE,diesel,1.6,minivan,FALSE,owned,front,FALSE,FALSE,FALSE,FALSE,FALSE,FALSE,FALSE,FALSE,FALSE,TRUE,118,4200
Toyota,Avensis,mechanical,red,294000,1999,diesel,FALSE,diesel,2,universal,FALSE,owned,front,TRUE,FALSE,FALSE,FALSE,FALSE,FALSE,FALSE,FALSE,FALSE,FALSE,83,3200
Fiat,Ulysse,mechanical,silver,220000,2006,diesel,FALSE,diesel,2.2,minivan,FALSE,owned,front,FALSE,TRUE,FALSE,TRUE,FALSE,FALSE,TRUE,FALSE,TRUE,TRUE,551,6400
Citroen,C5,automatic,white,197000,2004,gasoline,FALSE,gasoline,3,liftback,FALSE,owned,front,FALSE,TRUE,TRUE,TRUE,FALSE,TRUE,FALSE,FALSE,TRUE,FALSE,33,3000
Nissan,Note,mechanical,blue,202000,2009,diesel,FALSE,diesel,1.5,hatchback,FALSE,owned,front,FALSE,TRUE,FALSE,TRUE,FALSE,FALSE,FALSE,TRUE,TRUE,TRUE,25,5300
Subaru,Impreza,mechanical,silver,58270,2009,gasoline,FALSE,gasoline,1.5,hatchback,FALSE,owned,front,FALSE,TRUE,TRUE,TRUE,FALSE,TRUE,FALSE,TRUE,TRUE,TRUE,74,6750
Nissan,Micra,mechanical,red,300000,1987,gasoline,FALSE,gasoline,1,hatchback,FALSE,owned,front,TRUE,FALSE,FALSE,FALSE,FALSE,FALSE,FALSE,FALSE,FALSE,FALSE,14,400
Mercedes-Benz,E280,automatic,silver,320000,2000,gasoline,FALSE,gasoline,2.8,sedan,FALSE,owned,all,FALSE,TRUE,TRUE,TRUE,FALSE,TRUE,FALSE,FALSE,TRUE,TRUE,88,4000
Mercedes-Benz,CLK200,automatic,blue,334000,1998,gasoline,FALSE,gasoline,2,coupe,FALSE,owned,rear,FALSE,FALSE,FALSE,FALSE,FALSE,FALSE,FALSE,FALSE,TRUE,TRUE,27,3000
Renault,Laguna,mechanical,other,366422,1999,gasoline,FALSE,gasoline,1.6,hatchback,FALSE,owned,front,FALSE,TRUE,TRUE,FALSE,FALSE,FALSE,FALSE,FALSE,FALSE,FALSE,59,2150
Hyundai,Elantra,mechanical,silver,172000,2006,gasoline,FALSE,gasoline,1.6,sedan,FALSE,owned,front,FALSE,TRUE,FALSE,FALSE,FALSE,TRUE,FALSE,FALSE,FALSE,FALSE,59,3800
Opel,Vectra,mechanical,green,200000,1999,gasoline,FALSE,gasoline,2,sedan,FALSE,owned,front,FALSE,TRUE,FALSE,FALSE,TRUE,TRUE,FALSE,FALSE,TRUE,TRUE,82,2000
Skoda,Felicia,mechanical,red,263739,1996,gasoline,FALSE,gasoline,1.3,hatchback,FALSE,owned,front,TRUE,FALSE,FALSE,FALSE,FALSE,FALSE,FALSE,FALSE,FALSE,FALSE,101,1100
Renault,Megane,mechanical,blue,205622,2006,gasoline,FALSE,gasoline,1.6,universal,FALSE,owned,front,FALSE,TRUE,FALSE,FALSE,FALSE,FALSE,FALSE,FALSE,TRUE,TRUE,16,4500
Ford,Escape,automatic,other,29000,2016,gasoline,FALSE,gasoline,1.5,suv,FALSE,owned,all,FALSE,TRUE,FALSE,FALSE,FALSE,TRUE,TRUE,TRUE,TRUE,TRUE,41,14950
Skoda,Roomster,mechanical,blue,230000,2009,gasoline,FALSE,gasoline,1.4,hatchback,FALSE,owned,front,FALSE,TRUE,FALSE,TRUE,FALSE,FALSE,FALSE,FALSE,FALSE,FALSE,60,5150
Nissan,Patrol,automatic,black,190000,2010,gas,TRUE,gasoline,5.6,suv,FALSE,owned,all,FALSE,TRUE,TRUE,TRUE,TRUE,TRUE,TRUE,TRUE,TRUE,TRUE,60,19999
Citroen,C5,automatic,other,347922,2001,gasoline,FALSE,gasoline,3,sedan,FALSE,owned,front,FALSE,TRUE,FALSE,FALSE,TRUE,FALSE,TRUE,TRUE,FALSE,TRUE,12,4150
Audi,A4,automatic,brown,239000,2003,gasoline,FALSE,gasoline,3,cabriolet,FALSE,owned,all,FALSE,TRUE,TRUE,TRUE,FALSE,TRUE,FALSE,FALSE,TRUE,TRUE,124,5699
Audi,100,mechanical,other,442000,1991,gas,TRUE,gasoline,2.8,sedan,FALSE,owned,front,TRUE,FALSE,FALSE,FALSE,FALSE,FALSE,FALSE,FALSE,FALSE,FALSE,3,2000
Volkswagen,T4 Caravelle,mechanical,white,600000,1993,diesel,FALSE,diesel,2.4,minibus,FALSE,owned,front,TRUE,FALSE,FALSE,FALSE,FALSE,FALSE,FALSE,FALSE,FALSE,FALSE,135,4750
BMW,525,automatic,grey,26400,1997,gasoline,FALSE,gasoline,2.5,sedan,FALSE,owned,rear,FALSE,TRUE,TRUE,FALSE,TRUE,FALSE,FALSE,FALSE,TRUE,TRUE,20,3700
Audi,A3,automatic,black,80000,2013,gasoline,FALSE,gasoline,1.4,hatchback,FALSE,owned,front,FALSE,TRUE,TRUE,TRUE,FALSE,TRUE,FALSE,FALSE,TRUE,TRUE,57,12500
Toyota,Yaris,mechanical,silver,189000,2007,diesel,FALSE,diesel,1.4,hatchback,FALSE,owned,front,FALSE,FALSE,FALSE,FALSE,FALSE,TRUE,TRUE,FALSE,TRUE,FALSE,157,5890
Suzuki,Grand Vitara,automatic,red,450000,2001,gas,TRUE,gasoline,2.7,suv,FALSE,owned,all,FALSE,TRUE,FALSE,FALSE,FALSE,FALSE,FALSE,FALSE,TRUE,FALSE,55,2899
BMW,530,automatic,silver,240000,2001,gasoline,FALSE,gasoline,3,sedan,FALSE,owned,rear,FALSE,TRUE,TRUE,TRUE,TRUE,TRUE,TRUE,TRUE,TRUE,TRUE,116,8900
Mazda,6,mechanical,grey,189000,2002,diesel,FALSE,diesel,2,universal,FALSE,owned,front,TRUE,FALSE,FALSE,FALSE,FALSE,FALSE,FALSE,FALSE,FALSE,FALSE,8,4200
Mazda,CX-7,automatic,red,85000,2007,gasoline,FALSE,gasoline,2.3,suv,FALSE,owned,front,FALSE,TRUE,TRUE,FALSE,TRUE,TRUE,FALSE,FALSE,TRUE,TRUE,222,9100
BMW,525,mechanical,grey,340000,2004,diesel,FALSE,diesel,2.5,universal,FALSE,owned,rear,FALSE,TRUE,TRUE,FALSE,TRUE,TRUE,TRUE,TRUE,TRUE,TRUE,21,8000
Peugeot,Expert,mechanical,silver,490000,2004,diesel,FALSE,diesel,2,minivan,FALSE,owned,front,FALSE,TRUE,FALSE,FALSE,FALSE,FALSE,FALSE,FALSE,FALSE,TRUE,8,4500
Ford,Transit,mechanical,red,300000,1998,diesel,FALSE,diesel,2.5,minibus,FALSE,owned,rear,TRUE,FALSE,FALSE,FALSE,FALSE,FALSE,FALSE,FALSE,FALSE,FALSE,172,4000
Ford,Scorpio,mechanical,silver,400000,1990,gasoline,FALSE,gasoline,2,sedan,FALSE,owned,rear,FALSE,FALSE,FALSE,FALSE,FALSE,FALSE,FALSE,FALSE,FALSE,TRUE,73,670
Renault,Scenic,mechanical,blue,262500,1999,gasoline,FALSE,gasoline,1.6,minivan,FALSE,owned,front,FALSE,TRUE,FALSE,FALSE,FALSE,FALSE,FALSE,FALSE,FALSE,FALSE,21,3500
Toyota,Avensis,mechanical,white,90000,2016,diesel,FALSE,diesel,2,universal,FALSE,owned,front,FALSE,FALSE,FALSE,FALSE,TRUE,TRUE,TRUE,TRUE,TRUE,TRUE,3,17800
Opel,Vectra,automatic,black,200000,2008,gasoline,FALSE,gasoline,1.8,sedan,FALSE,owned,front,FALSE,FALSE,FALSE,FALSE,FALSE,FALSE,FALSE,TRUE,TRUE,TRUE,10,4950
Volkswagen,Polo Sedan,mechanical,black,100000,2014,gasoline,FALSE,gasoline,1.6,sedan,FALSE,owned,front,TRUE,FALSE,FALSE,FALSE,FALSE,FALSE,FALSE,FALSE,FALSE,FALSE,57,7000
Renault,Safrane,mechanical,black,300000,1998,gas,TRUE,gasoline,2.5,hatchback,FALSE,owned,front,FALSE,TRUE,TRUE,FALSE,TRUE,TRUE,FALSE,FALSE,FALSE,TRUE,84,2500
Ford,Fusion,automatic,other,52000,2015,gasoline,FALSE,gasoline,2,sedan,FALSE,owned,front,FALSE,TRUE,TRUE,TRUE,TRUE,TRUE,TRUE,TRUE,TRUE,TRUE,40,17500
Audi,80,mechanical,red,380000,1993,gasoline,FALSE,gasoline,2,sedan,FALSE,owned,front,FALSE,FALSE,FALSE,FALSE,FALSE,FALSE,FALSE,FALSE,FALSE,TRUE,52,2000
Citroen,C5,automatic,silver,316000,2001,diesel,FALSE,diesel,2.2,liftback,FALSE,owned,front,FALSE,TRUE,TRUE,TRUE,FALSE,FALSE,TRUE,TRUE,TRUE,FALSE,21,4100
Nissan,Terrano,mechanical,silver,460000,2002,diesel,FALSE,diesel,3,suv,FALSE,owned,all,FALSE,TRUE,FALSE,FALSE,FALSE,FALSE,FALSE,FALSE,TRUE,FALSE,7,6500
Renault,Logan,mechanical,black,98918,2013,gasoline,FALSE,gasoline,1.4,sedan,FALSE,owned,front,FALSE,TRUE,FALSE,FALSE,FALSE,FALSE,FALSE,FALSE,FALSE,FALSE,1,4500
Citroen,C4 Grand Picasso,mechanical,grey,124000,2014,diesel,FALSE,diesel,2,minivan,FALSE,owned,front,TRUE,FALSE,FALSE,FALSE,FALSE,FALSE,FALSE,FALSE,FALSE,FALSE,49,15050
Peugeot,406,mechanical,silver,320000,1999,diesel,FALSE,diesel,2,sedan,FALSE,owned,front,FALSE,TRUE,TRUE,TRUE,TRUE,TRUE,FALSE,FALSE,TRUE,TRUE,145,2900
Opel,Zafira,mechanical,grey,143200,2015,diesel,FALSE,diesel,1.6,minivan,FALSE,owned,front,FALSE,FALSE,TRUE,TRUE,TRUE,TRUE,TRUE,TRUE,TRUE,TRUE,9,14350
Subaru,Legacy,mechanical,red,100000,1994,gasoline,FALSE,gasoline,2,sedan,FALSE,owned,all,FALSE,FALSE,FALSE,TRUE,FALSE,FALSE,FALSE,FALSE,FALSE,TRUE,91,1700
BMW,524,mechanical,grey,366666,1989,diesel,FALSE,diesel,2.4,sedan,FALSE,owned,rear,FALSE,FALSE,FALSE,FALSE,FALSE,FALSE,FALSE,FALSE,FALSE,TRUE,130,2000
Audi,A3,mechanical,grey,193000,2002,diesel,FALSE,diesel,1.9,hatchback,FALSE,owned,rear,FALSE,TRUE,FALSE,FALSE,FALSE,FALSE,FALSE,FALSE,TRUE,TRUE,45,4200
Fiat,Marea,mechanical,other,300000,2000,gasoline,FALSE,gasoline,1.6,universal,FALSE,owned,front,FALSE,TRUE,FALSE,FALSE,FALSE,FALSE,FALSE,FALSE,FALSE,FALSE,102,1200
Hyundai,Solaris,automatic,black,154820,2011,gasoline,FALSE,gasoline,1.4,sedan,FALSE,owned,front,TRUE,FALSE,FALSE,FALSE,FALSE,FALSE,FALSE,FALSE,FALSE,FALSE,13,6999
Citroen,Xsara,mechanical,silver,340000,2000,diesel,FALSE,diesel,1.9,universal,FALSE,owned,front,TRUE,FALSE,FALSE,FALSE,FALSE,FALSE,FALSE,FALSE,FALSE,FALSE,59,2500
Skoda,Kodiaq,automatic,brown,0,2019,diesel,FALSE,diesel,2,suv,TRUE,new,all,TRUE,FALSE,FALSE,FALSE,FALSE,FALSE,FALSE,FALSE,FALSE,FALSE,26,39178.6
Volkswagen,Jetta,automatic,other,11111,1988,gasoline,FALSE,gasoline,1.8,sedan,FALSE,owned,front,TRUE,FALSE,FALSE,FALSE,FALSE,FALSE,FALSE,FALSE,FALSE,FALSE,11,1000
Daewoo,Matiz,automatic,red,75000,2008,gasoline,FALSE,gasoline,0.8,hatchback,FALSE,owned,front,FALSE,TRUE,FALSE,FALSE,FALSE,FALSE,FALSE,FALSE,FALSE,TRUE,60,1450
Mazda,6,automatic,black,100000,2008,gasoline,FALSE,gasoline,2.5,sedan,FALSE,owned,front,FALSE,FALSE,FALSE,FALSE,FALSE,FALSE,FALSE,FALSE,TRUE,TRUE,0,6990
Citroen,C5,mechanical,white,290000,2008,diesel,FALSE,diesel,1.6,sedan,FALSE,owned,front,FALSE,TRUE,FALSE,TRUE,FALSE,TRUE,FALSE,TRUE,TRUE,FALSE,83,7200
Volkswagen,Touareg,automatic,grey,210000,2003,gasoline,FALSE,gasoline,3.2,suv,FALSE,owned,all,FALSE,TRUE,TRUE,FALSE,TRUE,TRUE,TRUE,FALSE,TRUE,TRUE,143,8100
Lexus,RX,automatic,other,293000,2004,gasoline,FALSE,gasoline,3.3,suv,FALSE,owned,front,FALSE,TRUE,TRUE,FALSE,TRUE,TRUE,FALSE,FALSE,TRUE,TRUE,84,9800
BMW,525,mechanical,silver,200000,1990,gasoline,FALSE,gasoline,2.5,sedan,FALSE,owned,rear,FALSE,FALSE,FALSE,FALSE,TRUE,FALSE,FALSE,FALSE,FALSE,TRUE,34,800
Ford,Transit,mechanical,blue,350000,1998,diesel,FALSE,diesel,2.5,minibus,FALSE,owned,front,FALSE,FALSE,FALSE,FALSE,FALSE,FALSE,FALSE,FALSE,FALSE,TRUE,77,4860
Hyundai,Sonata,automatic,black,174000,2011,gasoline,FALSE,gasoline,2,sedan,FALSE,owned,front,FALSE,TRUE,FALSE,TRUE,TRUE,TRUE,TRUE,TRUE,TRUE,TRUE,120,11800
Ford,Focus,mechanical,white,166261,2011,gasoline,FALSE,gasoline,1.6,sedan,FALSE,owned,front,FALSE,TRUE,FALSE,FALSE,FALSE,FALSE,FALSE,FALSE,FALSE,FALSE,22,6999
Volkswagen,LT,mechanical,white,300000,1996,diesel,FALSE,diesel,2.4,van,FALSE,owned,rear,TRUE,FALSE,FALSE,FALSE,FALSE,FALSE,FALSE,FALSE,FALSE,FALSE,1,2850
Volkswagen,Golf Plus,mechanical,silver,130000,2005,gasoline,FALSE,gasoline,1.6,sedan,FALSE,owned,front,FALSE,TRUE,FALSE,FALSE,FALSE,FALSE,FALSE,FALSE,FALSE,FALSE,228,6100
Honda,Element,automatic,silver,112654,2008,gasoline,FALSE,gasoline,2.4,suv,FALSE,owned,all,FALSE,TRUE,FALSE,FALSE,FALSE,FALSE,FALSE,FALSE,FALSE,TRUE,77,9450
Skoda,Octavia,automatic,white,94000,2013,gasoline,FALSE,gasoline,1.4,hatchback,FALSE,owned,front,FALSE,TRUE,FALSE,TRUE,FALSE,TRUE,FALSE,FALSE,TRUE,TRUE,176,12100
Mazda,3,mechanical,grey,245000,2007,gasoline,FALSE,gasoline,1.6,hatchback,FALSE,owned,front,FALSE,TRUE,FALSE,FALSE,FALSE,TRUE,FALSE,FALSE,FALSE,FALSE,20,5000
Nissan,Maxima,mechanical,red,369332,1995,gasoline,FALSE,gasoline,3,sedan,FALSE,owned,front,FALSE,FALSE,FALSE,FALSE,FALSE,FALSE,FALSE,TRUE,FALSE,FALSE,2,1565.02
Mitsubishi,Colt,mechanical,white,370000,1998,gasoline,FALSE,gasoline,1.3,hatchback,FALSE,owned,front,FALSE,TRUE,FALSE,FALSE,FALSE,FALSE,FALSE,FALSE,FALSE,FALSE,221,1600
Volvo,XC60,automatic,brown,107000,2011,diesel,FALSE,diesel,2,universal,FALSE,owned,front,FALSE,FALSE,TRUE,FALSE,TRUE,TRUE,FALSE,TRUE,TRUE,TRUE,6,15555.34
Saab,9000,mechanical,silver,400000,1989,gas,TRUE,gasoline,2.3,sedan,FALSE,owned,front,FALSE,FALSE,FALSE,FALSE,FALSE,TRUE,FALSE,FALSE,FALSE,TRUE,43,403.11
Hyundai,Santa Fe,mechanical,grey,230000,2010,gasoline,FALSE,gasoline,2.4,suv,FALSE,owned,front,FALSE,TRUE,TRUE,FALSE,FALSE,FALSE,TRUE,TRUE,TRUE,TRUE,38,9800
Audi,S6,automatic,grey,150000,2007,gasoline,FALSE,gasoline,5.2,sedan,FALSE,owned,all,FALSE,TRUE,TRUE,TRUE,TRUE,TRUE,TRUE,TRUE,TRUE,TRUE,48,12000
Honda,Civic,mechanical,silver,300000,1992,gasoline,FALSE,gasoline,1.4,sedan,FALSE,owned,front,FALSE,FALSE,FALSE,FALSE,FALSE,FALSE,FALSE,FALSE,TRUE,TRUE,57,1200
BMW,525,automatic,black,352000,2001,diesel,FALSE,diesel,2.5,universal,FALSE,owned,rear,FALSE,TRUE,FALSE,FALSE,FALSE,FALSE,FALSE,FALSE,FALSE,TRUE,10,4300
Skoda,Kodiaq,mechanical,other,0,2019,gasoline,FALSE,gasoline,1.4,suv,TRUE,new,front,TRUE,FALSE,FALSE,FALSE,FALSE,FALSE,FALSE,FALSE,FALSE,FALSE,2,25348.57
Ford,Mondeo,mechanical,violet,293763,1996,gasoline,FALSE,gasoline,2.5,sedan,FALSE,owned,front,FALSE,TRUE,FALSE,FALSE,FALSE,FALSE,FALSE,FALSE,TRUE,TRUE,222,1000
Mercedes-Benz,Vito,mechanical,blue,311000,2004,diesel,FALSE,diesel,2.2,minibus,FALSE,owned,rear,FALSE,FALSE,FALSE,FALSE,TRUE,FALSE,TRUE,FALSE,TRUE,FALSE,152,8000
Peugeot,406,mechanical,blue,400000,1998,gasoline,FALSE,gasoline,1.8,universal,FALSE,owned,front,TRUE,FALSE,FALSE,FALSE,FALSE,FALSE,FALSE,FALSE,FALSE,FALSE,34,2300
Volkswagen,Golf,mechanical,blue,300000,1994,gasoline,FALSE,gasoline,1.4,hatchback,FALSE,owned,front,FALSE,FALSE,FALSE,FALSE,FALSE,FALSE,FALSE,FALSE,FALSE,TRUE,64,1100
Renault,Megane Scenic,automatic,green,290000,1997,gasoline,FALSE,gasoline,1.6,minivan,FALSE,owned,front,FALSE,TRUE,FALSE,TRUE,FALSE,TRUE,FALSE,FALSE,FALSE,FALSE,51,2850
Rover,400-Series,mechanical,blue,225000,1998,gasoline,FALSE,gasoline,1.6,sedan,FALSE,owned,front,FALSE,FALSE,FALSE,FALSE,TRUE,FALSE,FALSE,FALSE,FALSE,TRUE,142,750
Mercedes-Benz,S320,automatic,black,383365,2003,diesel,FALSE,diesel,3.2,sedan,FALSE,owned,rear,FALSE,TRUE,TRUE,TRUE,TRUE,TRUE,TRUE,TRUE,TRUE,TRUE,40,7100
Opel,Insignia,mechanical,black,117000,2011,gasoline,FALSE,gasoline,1.8,liftback,FALSE,owned,front,FALSE,FALSE,TRUE,FALSE,FALSE,TRUE,FALSE,TRUE,TRUE,TRUE,21,10500
BMW,320,mechanical,green,410000,1993,gasoline,FALSE,gasoline,2,sedan,FALSE,owned,rear,FALSE,FALSE,FALSE,FALSE,FALSE,FALSE,FALSE,FALSE,FALSE,TRUE,15,2500
Opel,Vectra,mechanical,silver,350000,1996,gasoline,FALSE,gasoline,2,sedan,FALSE,owned,front,FALSE,FALSE,FALSE,FALSE,FALSE,FALSE,FALSE,FALSE,FALSE,TRUE,8,1500
BMW,320,mechanical,silver,346832,2002,diesel,FALSE,diesel,2,universal,FALSE,owned,rear,FALSE,TRUE,FALSE,FALSE,FALSE,FALSE,FALSE,TRUE,TRUE,TRUE,120,5300
Peugeot,406,mechanical,green,280000,1997,gasoline,FALSE,gasoline,1.8,sedan,FALSE,owned,front,TRUE,FALSE,FALSE,FALSE,FALSE,FALSE,FALSE,FALSE,FALSE,FALSE,84,2100
Opel,Omega,mechanical,green,350000,1995,gasoline,FALSE,gasoline,2,sedan,FALSE,owned,rear,FALSE,TRUE,FALSE,FALSE,FALSE,FALSE,FALSE,FALSE,FALSE,TRUE,57,2000
Nissan,Primera,mechanical,red,350000,1997,diesel,FALSE,diesel,2,hatchback,FALSE,owned,front,FALSE,TRUE,FALSE,FALSE,FALSE,FALSE,FALSE,FALSE,FALSE,FALSE,27,1200
Renault,Scenic,mechanical,silver,150000,2004,diesel,FALSE,diesel,1.9,minivan,FALSE,owned,front,FALSE,TRUE,FALSE,FALSE,FALSE,FALSE,FALSE,FALSE,FALSE,TRUE,18,4400
Skoda,Superb,automatic,other,263000,2010,gasoline,FALSE,gasoline,1.8,liftback,FALSE,owned,front,FALSE,TRUE,TRUE,TRUE,FALSE,FALSE,TRUE,TRUE,TRUE,TRUE,107,7950
Opel,Omega,mechanical,black,220009,1988,gasoline,FALSE,gasoline,3,sedan,FALSE,owned,rear,FALSE,FALSE,TRUE,TRUE,TRUE,TRUE,TRUE,TRUE,FALSE,TRUE,63,3000
Mazda,6,automatic,red,92000,2014,gasoline,FALSE,gasoline,2.5,sedan,FALSE,owned,front,FALSE,TRUE,TRUE,TRUE,FALSE,TRUE,TRUE,TRUE,TRUE,TRUE,67,17990
Mercedes-Benz,Sprinter,mechanical,white,586000,1995,diesel,FALSE,diesel,2.9,minibus,FALSE,owned,rear,TRUE,FALSE,FALSE,FALSE,FALSE,FALSE,FALSE,FALSE,FALSE,FALSE,64,3900
Kia,Rio,mechanical,silver,350000,2002,gasoline,FALSE,gasoline,1.3,hatchback,FALSE,owned,front,TRUE,FALSE,FALSE,FALSE,FALSE,FALSE,FALSE,FALSE,FALSE,FALSE,90,1700
Mazda,626,mechanical,red,100000,1992,diesel,FALSE,diesel,2,universal,FALSE,owned,front,TRUE,FALSE,FALSE,FALSE,FALSE,FALSE,FALSE,FALSE,FALSE,FALSE,14,350
Audi,A4,automatic,other,235000,2005,gasoline,FALSE,gasoline,2,sedan,FALSE,owned,all,FALSE,TRUE,FALSE,FALSE,TRUE,TRUE,FALSE,FALSE,TRUE,TRUE,17,6350
Renault,Scenic,mechanical,blue,300000,1997,gasoline,FALSE,gasoline,2,minivan,FALSE,owned,front,FALSE,FALSE,FALSE,FALSE,FALSE,TRUE,FALSE,FALSE,FALSE,FALSE,188,2250
Volvo,850,automatic,black,493000,1994,gasoline,FALSE,gasoline,2.5,sedan,FALSE,owned,front,FALSE,FALSE,FALSE,FALSE,FALSE,FALSE,FALSE,FALSE,FALSE,TRUE,65,800
Chrysler,Stratus,mechanical,green,333000,2000,gasoline,FALSE,gasoline,2,sedan,FALSE,owned,front,TRUE,FALSE,FALSE,FALSE,FALSE,FALSE,FALSE,FALSE,FALSE,FALSE,201,750
Opel,Astra,mechanical,white,367000,1996,gasoline,FALSE,gasoline,1.6,universal,FALSE,owned,front,TRUE,FALSE,FALSE,FALSE,FALSE,FALSE,FALSE,FALSE,FALSE,FALSE,69,1400
Opel,Vectra,automatic,green,350000,1998,gasoline,FALSE,gasoline,1.6,liftback,FALSE,owned,front,TRUE,FALSE,FALSE,FALSE,FALSE,FALSE,FALSE,FALSE,FALSE,FALSE,3,2250
ГАЗ,31029,mechanical,white,115000,1995,gasoline,FALSE,gasoline,2.4,sedan,FALSE,owned,rear,TRUE,FALSE,FALSE,FALSE,FALSE,FALSE,FALSE,FALSE,FALSE,FALSE,59,500
Kia,Rio,mechanical,other,84000,2012,gasoline,FALSE,gasoline,1.6,sedan,FALSE,owned,front,FALSE,TRUE,FALSE,FALSE,FALSE,TRUE,FALSE,FALSE,FALSE,TRUE,65,9000
Lancia,Delta,automatic,white,192000,2009,gasoline,FALSE,gasoline,1.8,hatchback,FALSE,owned,front,FALSE,TRUE,TRUE,TRUE,TRUE,TRUE,FALSE,TRUE,TRUE,TRUE,61,9500
Hyundai,Elantra,automatic,black,328306,2007,gasoline,FALSE,gasoline,2,sedan,FALSE,owned,front,FALSE,TRUE,FALSE,FALSE,FALSE,FALSE,FALSE,FALSE,FALSE,FALSE,29,6000
Mercedes-Benz,Sprinter,mechanical,silver,660000,2004,diesel,FALSE,diesel,2.2,minibus,FALSE,owned,rear,FALSE,TRUE,FALSE,FALSE,FALSE,FALSE,FALSE,FALSE,FALSE,FALSE,68,9500
Volkswagen,Passat,mechanical,silver,470000,1997,gasoline,FALSE,gasoline,1.8,sedan,FALSE,owned,front,FALSE,TRUE,FALSE,FALSE,FALSE,FALSE,FALSE,FALSE,FALSE,FALSE,79,4200
Mitsubishi,Pajero,automatic,green,300000,2000,gasoline,FALSE,gasoline,3.5,suv,FALSE,owned,all,TRUE,FALSE,FALSE,FALSE,FALSE,FALSE,FALSE,FALSE,FALSE,FALSE,35,7700
Opel,Astra,mechanical,red,300000,1994,gasoline,FALSE,gasoline,1.6,hatchback,FALSE,owned,front,TRUE,FALSE,FALSE,FALSE,FALSE,FALSE,FALSE,FALSE,FALSE,FALSE,11,850
Ford,Escape,automatic,silver,13500,2016,gasoline,FALSE,gasoline,1.5,suv,FALSE,owned,all,FALSE,TRUE,TRUE,TRUE,TRUE,TRUE,TRUE,TRUE,TRUE,TRUE,57,17900
Volvo,XC90,automatic,black,277000,2011,gasoline,FALSE,gasoline,3.2,suv,FALSE,owned,all,FALSE,TRUE,TRUE,TRUE,TRUE,TRUE,FALSE,TRUE,TRUE,TRUE,152,16077.02
Opel,Agila,mechanical,silver,201537,2000,gasoline,FALSE,gasoline,1.2,hatchback,FALSE,owned,front,FALSE,TRUE,FALSE,FALSE,FALSE,FALSE,FALSE,FALSE,TRUE,FALSE,6,3300
Mercedes-Benz,GL450,automatic,brown,300000,2008,gasoline,FALSE,gasoline,4.7,suv,FALSE,owned,all,FALSE,TRUE,TRUE,TRUE,TRUE,TRUE,TRUE,TRUE,TRUE,TRUE,14,11500
Audi,A8,automatic,blue,307000,2004,gasoline,FALSE,gasoline,4.2,sedan,FALSE,owned,all,FALSE,TRUE,TRUE,TRUE,TRUE,TRUE,TRUE,FALSE,TRUE,TRUE,172,6500
Renault,Megane Scenic,mechanical,silver,200000,2010,gasoline,FALSE,gasoline,1.4,minivan,FALSE,owned,front,FALSE,TRUE,FALSE,TRUE,FALSE,FALSE,TRUE,TRUE,TRUE,TRUE,110,8700
Renault,Laguna,mechanical,white,201000,2007,diesel,FALSE,diesel,1.9,hatchback,FALSE,owned,front,FALSE,TRUE,FALSE,FALSE,FALSE,FALSE,FALSE,FALSE,TRUE,FALSE,147,5500
Pontiac,G6,automatic,grey,135000,2006,gasoline,FALSE,gasoline,2.4,sedan,FALSE,owned,front,FALSE,TRUE,FALSE,FALSE,FALSE,FALSE,FALSE,FALSE,FALSE,FALSE,67,3500
Honda,Accord,automatic,silver,386000,1999,gasoline,FALSE,gasoline,2,sedan,FALSE,owned,front,FALSE,TRUE,FALSE,FALSE,TRUE,TRUE,TRUE,FALSE,FALSE,TRUE,50,3000
Fiat,Stilo,mechanical,blue,300500,2005,diesel,FALSE,diesel,1.9,universal,FALSE,owned,front,FALSE,TRUE,FALSE,FALSE,FALSE,FALSE,FALSE,FALSE,TRUE,FALSE,18,4400
Volvo,S80,mechanical,silver,98000,1999,gas,TRUE,gasoline,2,sedan,FALSE,owned,front,FALSE,TRUE,FALSE,FALSE,FALSE,FALSE,FALSE,FALSE,FALSE,TRUE,95,3900
Mercedes-Benz,Sprinter,mechanical,white,456000,2002,diesel,FALSE,diesel,2.2,minibus,FALSE,owned,rear,FALSE,FALSE,TRUE,FALSE,FALSE,FALSE,FALSE,FALSE,FALSE,FALSE,15,11000
Mercedes-Benz,C200,mechanical,silver,360000,2002,diesel,FALSE,diesel,2.2,universal,FALSE,owned,rear,FALSE,FALSE,FALSE,FALSE,FALSE,FALSE,FALSE,FALSE,TRUE,TRUE,69,4400
Volkswagen,Passat,mechanical,red,123456,1992,gasoline,FALSE,gasoline,1.8,sedan,FALSE,owned,front,TRUE,FALSE,FALSE,FALSE,FALSE,FALSE,FALSE,FALSE,FALSE,FALSE,17,900
Citroen,Xantia,mechanical,silver,410000,1995,gasoline,FALSE,gasoline,1.8,hatchback,FALSE,owned,front,FALSE,FALSE,FALSE,FALSE,FALSE,FALSE,FALSE,FALSE,FALSE,TRUE,26,2300
Ford,Scorpio,mechanical,silver,450000,1990,gas,TRUE,gasoline,2,sedan,FALSE,owned,rear,TRUE,FALSE,FALSE,FALSE,FALSE,FALSE,FALSE,FALSE,FALSE,FALSE,60,526.89
Ford,S-Max,mechanical,black,206000,2011,diesel,FALSE,diesel,1.6,minivan,FALSE,owned,front,FALSE,TRUE,FALSE,TRUE,FALSE,TRUE,TRUE,TRUE,TRUE,TRUE,147,11400
Opel,Zafira,mechanical,silver,395000,2002,diesel,FALSE,diesel,2,minivan,FALSE,owned,front,FALSE,FALSE,FALSE,FALSE,FALSE,FALSE,FALSE,FALSE,FALSE,TRUE,1,4600
Renault,Espace,mechanical,blue,370000,2002,diesel,FALSE,diesel,2.2,minivan,FALSE,owned,front,TRUE,FALSE,FALSE,FALSE,FALSE,FALSE,FALSE,FALSE,FALSE,FALSE,55,3600
Chrysler,Stratus,automatic,green,284000,1996,gasoline,FALSE,gasoline,2.5,sedan,FALSE,owned,front,FALSE,TRUE,TRUE,FALSE,TRUE,TRUE,FALSE,FALSE,TRUE,TRUE,52,2450
Mazda,6,automatic,other,281635,2006,gasoline,FALSE,gasoline,2.3,sedan,FALSE,owned,front,FALSE,TRUE,FALSE,FALSE,FALSE,FALSE,FALSE,FALSE,FALSE,TRUE,97,5100
Audi,A5,mechanical,grey,168000,2011,diesel,FALSE,diesel,2,liftback,FALSE,owned,all,FALSE,TRUE,TRUE,TRUE,TRUE,TRUE,TRUE,TRUE,TRUE,TRUE,62,14900
Peugeot,406,mechanical,other,345000,1996,gasoline,FALSE,gasoline,1.8,sedan,FALSE,owned,front,TRUE,FALSE,FALSE,FALSE,FALSE,FALSE,FALSE,FALSE,FALSE,FALSE,238,2100
Volvo,S40,mechanical,white,401235,2001,diesel,FALSE,diesel,1.9,sedan,FALSE,owned,front,FALSE,TRUE,FALSE,FALSE,TRUE,FALSE,TRUE,TRUE,FALSE,TRUE,58,4000
Mazda,Xedos 6,mechanical,other,277161,1994,gasoline,FALSE,gasoline,1.6,sedan,FALSE,owned,front,TRUE,FALSE,FALSE,FALSE,FALSE,FALSE,FALSE,FALSE,FALSE,FALSE,32,535.24
Opel,Astra,mechanical,silver,220000,2009,diesel,FALSE,diesel,1.3,hatchback,FALSE,owned,front,FALSE,TRUE,FALSE,FALSE,FALSE,FALSE,FALSE,TRUE,TRUE,FALSE,25,6150
Citroen,C3,automatic,other,131000,2010,gasoline,FALSE,gasoline,1.6,hatchback,FALSE,owned,front,FALSE,TRUE,FALSE,TRUE,FALSE,TRUE,FALSE,TRUE,FALSE,TRUE,23,5200
Volkswagen,Polo Sedan,mechanical,silver,17000,2018,gasoline,FALSE,gasoline,1.6,sedan,FALSE,owned,front,FALSE,TRUE,FALSE,FALSE,FALSE,TRUE,FALSE,TRUE,TRUE,FALSE,107,11700
Peugeot,605,mechanical,blue,250000,1995,diesel,FALSE,diesel,2.1,sedan,FALSE,owned,front,FALSE,FALSE,FALSE,FALSE,FALSE,FALSE,FALSE,FALSE,FALSE,TRUE,65,700
Audi,A6,mechanical,grey,320000,2002,gas,TRUE,gasoline,2.4,universal,FALSE,emergency,front,FALSE,TRUE,TRUE,FALSE,TRUE,TRUE,TRUE,FALSE,TRUE,TRUE,194,5800
Opel,Signum,mechanical,grey,330000,2003,gasoline,FALSE,gasoline,2.2,hatchback,FALSE,owned,front,FALSE,TRUE,TRUE,FALSE,FALSE,TRUE,FALSE,TRUE,TRUE,TRUE,42,4900
Peugeot,208,automatic,other,81000,2013,gasoline,FALSE,gasoline,1.2,hatchback,FALSE,owned,front,FALSE,TRUE,FALSE,FALSE,FALSE,TRUE,FALSE,TRUE,TRUE,TRUE,61,9700
Honda,Prelude,automatic,orange,200000,1985,gasoline,FALSE,gasoline,1.8,coupe,FALSE,owned,front,FALSE,TRUE,FALSE,FALSE,TRUE,FALSE,FALSE,FALSE,FALSE,TRUE,112,2600
Kia,Carnival,mechanical,silver,330000,1999,gasoline,FALSE,gasoline,2.5,minivan,FALSE,owned,front,TRUE,FALSE,FALSE,FALSE,FALSE,FALSE,FALSE,FALSE,FALSE,FALSE,62,1500
Hyundai,Elantra,automatic,red,0,2019,gasoline,FALSE,gasoline,2,sedan,FALSE,new,front,FALSE,TRUE,FALSE,TRUE,FALSE,TRUE,FALSE,TRUE,TRUE,TRUE,16,21820.17
Audi,A8,automatic,silver,297000,2005,gasoline,FALSE,gasoline,3.7,sedan,FALSE,owned,all,FALSE,TRUE,TRUE,TRUE,TRUE,TRUE,TRUE,FALSE,TRUE,TRUE,80,11250
Skoda,Rapid,automatic,red,55000,2018,gasoline,FALSE,gasoline,1.4,liftback,FALSE,owned,front,FALSE,TRUE,TRUE,TRUE,FALSE,TRUE,FALSE,TRUE,TRUE,TRUE,91,15100
Rover,400-Series,mechanical,red,111111,1996,gasoline,FALSE,gasoline,1.6,sedan,FALSE,owned,front,FALSE,FALSE,FALSE,FALSE,TRUE,FALSE,FALSE,FALSE,FALSE,TRUE,7,1600
Mazda,626,mechanical,red,395000,1992,gasoline,FALSE,gasoline,1.8,hatchback,FALSE,owned,front,FALSE,FALSE,FALSE,FALSE,FALSE,FALSE,FALSE,FALSE,FALSE,TRUE,168,1000
Renault,Scenic,mechanical,grey,290000,2000,diesel,FALSE,diesel,1.9,minivan,FALSE,owned,front,FALSE,TRUE,FALSE,FALSE,FALSE,FALSE,FALSE,FALSE,FALSE,TRUE,132,3450
Citroen,C5,automatic,silver,256000,2000,gasoline,FALSE,gasoline,2,liftback,FALSE,owned,front,FALSE,TRUE,FALSE,FALSE,FALSE,FALSE,FALSE,FALSE,FALSE,TRUE,69,3300
BMW,520,mechanical,black,265000,2001,diesel,FALSE,diesel,2,sedan,FALSE,owned,rear,FALSE,TRUE,FALSE,FALSE,TRUE,FALSE,FALSE,FALSE,FALSE,TRUE,159,5999
Suzuki,Grand Vitara,mechanical,red,248000,2000,gasoline,FALSE,gasoline,2,suv,FALSE,owned,all,FALSE,TRUE,FALSE,FALSE,FALSE,FALSE,FALSE,FALSE,TRUE,FALSE,313,6000
Mercedes-Benz,E300,mechanical,blue,422000,1994,diesel,FALSE,diesel,3,sedan,FALSE,owned,rear,FALSE,TRUE,FALSE,TRUE,TRUE,TRUE,FALSE,TRUE,FALSE,TRUE,48,8000
Opel,Astra,mechanical,blue,360000,1997,gasoline,FALSE,gasoline,1.8,universal,FALSE,owned,front,TRUE,FALSE,FALSE,FALSE,FALSE,FALSE,FALSE,FALSE,FALSE,FALSE,22,1000
Skoda,Superb,mechanical,silver,250000,2002,gasoline,FALSE,gasoline,1.8,sedan,FALSE,owned,front,FALSE,TRUE,FALSE,FALSE,FALSE,FALSE,FALSE,TRUE,TRUE,FALSE,67,4500
Ford,Orion,mechanical,grey,345000,1988,gasoline,FALSE,gasoline,1.4,sedan,FALSE,owned,front,TRUE,FALSE,FALSE,FALSE,FALSE,FALSE,FALSE,FALSE,FALSE,FALSE,48,700
Citroen,C5,mechanical,silver,300000,2001,diesel,FALSE,diesel,2,hatchback,FALSE,owned,front,FALSE,TRUE,FALSE,FALSE,FALSE,FALSE,FALSE,FALSE,FALSE,TRUE,127,2500
Volkswagen,Passat,mechanical,grey,250000,1991,gasoline,FALSE,gasoline,1.8,sedan,FALSE,owned,front,TRUE,FALSE,FALSE,FALSE,FALSE,FALSE,FALSE,FALSE,FALSE,FALSE,3,1800
Renault,Logan,mechanical,silver,80000,2016,gasoline,FALSE,gasoline,1.6,sedan,FALSE,owned,front,FALSE,TRUE,FALSE,TRUE,FALSE,TRUE,FALSE,TRUE,TRUE,TRUE,24,8100
Audi,A6,mechanical,grey,384000,2003,diesel,FALSE,diesel,2.5,universal,FALSE,owned,front,FALSE,TRUE,TRUE,TRUE,FALSE,FALSE,FALSE,FALSE,FALSE,TRUE,28,6000
Peugeot,5008,mechanical,silver,146000,2011,diesel,FALSE,diesel,1.6,minivan,FALSE,owned,front,FALSE,FALSE,FALSE,FALSE,FALSE,FALSE,FALSE,FALSE,FALSE,TRUE,66,10500
Hyundai,Solaris,mechanical,grey,59000,2015,gasoline,FALSE,gasoline,1.4,sedan,FALSE,owned,front,FALSE,TRUE,FALSE,TRUE,FALSE,TRUE,FALSE,FALSE,FALSE,FALSE,152,9000
Ford,C-Max,mechanical,silver,155000,2012,gasoline,FALSE,gasoline,1.6,minivan,FALSE,owned,front,FALSE,TRUE,TRUE,TRUE,FALSE,TRUE,FALSE,TRUE,TRUE,TRUE,132,9900
Volkswagen,Golf,mechanical,red,230000,1995,gasoline,FALSE,gasoline,1.4,hatchback,FALSE,owned,front,TRUE,FALSE,FALSE,FALSE,FALSE,FALSE,FALSE,FALSE,FALSE,FALSE,85,2000
Honda,Civic,automatic,silver,296000,2006,hybrid-petrol,FALSE,gasoline,1.3,sedan,FALSE,owned,front,FALSE,TRUE,FALSE,FALSE,TRUE,FALSE,TRUE,FALSE,FALSE,TRUE,66,4300
Audi,100,mechanical,red,257000,1988,gasoline,FALSE,gasoline,2,sedan,FALSE,owned,front,FALSE,FALSE,FALSE,FALSE,FALSE,FALSE,FALSE,TRUE,FALSE,FALSE,62,3950
Ford,Fiesta,mechanical,blue,197000,2008,gasoline,FALSE,gasoline,1.3,hatchback,FALSE,owned,front,TRUE,FALSE,FALSE,FALSE,FALSE,FALSE,FALSE,FALSE,FALSE,FALSE,7,5350
Volkswagen,Golf,automatic,black,245000,2009,gasoline,FALSE,gasoline,1.4,hatchback,FALSE,owned,front,FALSE,TRUE,FALSE,TRUE,FALSE,FALSE,TRUE,FALSE,TRUE,FALSE,88,7550
Audi,A4,mechanical,silver,220000,2003,diesel,FALSE,diesel,1.9,universal,FALSE,owned,front,FALSE,TRUE,FALSE,FALSE,FALSE,FALSE,FALSE,TRUE,FALSE,TRUE,61,6700
Mercedes-Benz,Viano,mechanical,silver,453100,2005,diesel,FALSE,diesel,2.2,minivan,FALSE,owned,all,FALSE,FALSE,FALSE,FALSE,FALSE,TRUE,FALSE,FALSE,FALSE,TRUE,6,11000
Kia,Rio,mechanical,white,77000,2013,gasoline,FALSE,gasoline,1.6,sedan,FALSE,owned,front,FALSE,FALSE,FALSE,FALSE,FALSE,FALSE,FALSE,FALSE,FALSE,TRUE,5,8550
Volkswagen,Polo,automatic,silver,218700,2010,gasoline,FALSE,gasoline,1.4,hatchback,FALSE,owned,front,FALSE,TRUE,FALSE,TRUE,FALSE,FALSE,FALSE,TRUE,FALSE,TRUE,19,7800
Mazda,6,mechanical,black,196400,2008,gasoline,FALSE,gasoline,1.8,sedan,FALSE,owned,front,FALSE,TRUE,FALSE,TRUE,FALSE,TRUE,FALSE,TRUE,TRUE,TRUE,133,8200
Peugeot,308,mechanical,white,128000,2011,gasoline,FALSE,gasoline,1.6,hatchback,FALSE,owned,front,FALSE,TRUE,FALSE,TRUE,FALSE,TRUE,FALSE,FALSE,TRUE,TRUE,15,6400
Citroen,C-ELYSÉE,mechanical,grey,14000,2017,gasoline,FALSE,gasoline,1.6,sedan,FALSE,owned,front,TRUE,FALSE,FALSE,FALSE,FALSE,FALSE,FALSE,FALSE,FALSE,FALSE,44,11800
Mercedes-Benz,B180,automatic,black,280000,2006,diesel,FALSE,diesel,1.8,hatchback,FALSE,owned,front,FALSE,TRUE,FALSE,FALSE,TRUE,TRUE,FALSE,FALSE,TRUE,FALSE,167,6900
Audi,80,mechanical,red,99999,1988,gasoline,FALSE,gasoline,1.8,sedan,FALSE,owned,front,TRUE,FALSE,FALSE,FALSE,FALSE,FALSE,FALSE,FALSE,FALSE,FALSE,54,1400
Opel,Omega,mechanical,other,291000,1995,gasoline,FALSE,gasoline,2,sedan,FALSE,owned,rear,FALSE,FALSE,FALSE,FALSE,FALSE,FALSE,FALSE,FALSE,FALSE,TRUE,2,1350
Volkswagen,Touran,mechanical,brown,250000,2015,diesel,FALSE,diesel,1.6,minivan,FALSE,owned,front,FALSE,TRUE,FALSE,TRUE,FALSE,TRUE,FALSE,TRUE,TRUE,TRUE,48,14100
Audi,A8,mechanical,silver,450000,2000,diesel,FALSE,diesel,2.5,sedan,FALSE,owned,front,FALSE,TRUE,TRUE,TRUE,TRUE,TRUE,FALSE,FALSE,TRUE,TRUE,91,6950
Volkswagen,T5,mechanical,yellow,223000,2013,diesel,FALSE,diesel,2,van,FALSE,owned,front,FALSE,FALSE,FALSE,TRUE,FALSE,FALSE,FALSE,FALSE,FALSE,TRUE,70,16250
BMW,520,mechanical,grey,333000,1982,gas,TRUE,gasoline,2,sedan,FALSE,owned,rear,TRUE,FALSE,FALSE,FALSE,FALSE,FALSE,FALSE,FALSE,FALSE,FALSE,28,600
Hyundai,i30,automatic,black,90000,2014,gasoline,FALSE,gasoline,1.6,hatchback,FALSE,owned,front,FALSE,TRUE,FALSE,TRUE,FALSE,TRUE,FALSE,FALSE,FALSE,FALSE,41,9950
Honda,Civic,automatic,white,131000,2011,hybrid-petrol,FALSE,gasoline,1.4,sedan,FALSE,owned,front,FALSE,TRUE,FALSE,TRUE,TRUE,TRUE,TRUE,TRUE,TRUE,TRUE,106,8500
Ford,Fusion,automatic,grey,138404,2014,gasoline,FALSE,gasoline,1.5,sedan,FALSE,owned,front,FALSE,TRUE,TRUE,FALSE,FALSE,FALSE,TRUE,TRUE,TRUE,FALSE,14,11200
Audi,RS6,automatic,silver,114000,2002,gasoline,FALSE,gasoline,4.2,universal,FALSE,owned,all,FALSE,TRUE,TRUE,TRUE,TRUE,TRUE,TRUE,FALSE,TRUE,TRUE,25,8500
Volkswagen,Passat,mechanical,violet,100000,1993,gasoline,FALSE,gasoline,1.8,universal,FALSE,owned,rear,TRUE,FALSE,FALSE,FALSE,FALSE,FALSE,FALSE,FALSE,FALSE,FALSE,26,1500
Toyota,Corolla,mechanical,silver,325000,2003,gasoline,FALSE,gasoline,1.4,hatchback,FALSE,owned,front,FALSE,FALSE,FALSE,FALSE,FALSE,FALSE,FALSE,FALSE,TRUE,TRUE,2,5450
Land Rover,Range Rover Sport,automatic,other,117000,2009,gas,TRUE,gasoline,4.2,suv,FALSE,owned,all,FALSE,TRUE,TRUE,TRUE,TRUE,TRUE,TRUE,TRUE,TRUE,TRUE,73,12900
Toyota,Avensis,mechanical,blue,320000,2003,diesel,FALSE,diesel,2,hatchback,FALSE,owned,front,FALSE,TRUE,FALSE,FALSE,FALSE,FALSE,FALSE,TRUE,TRUE,TRUE,90,7000
Honda,Civic,automatic,black,206000,2009,hybrid-petrol,FALSE,gasoline,1.4,sedan,FALSE,owned,front,FALSE,TRUE,FALSE,TRUE,FALSE,TRUE,TRUE,TRUE,TRUE,TRUE,73,6500
Nissan,Qashqai,mechanical,black,200000,2008,diesel,FALSE,diesel,1.5,suv,FALSE,owned,front,FALSE,TRUE,FALSE,FALSE,TRUE,FALSE,FALSE,TRUE,TRUE,TRUE,58,9550
Daewoo,Tacuma,mechanical,blue,249000,2001,gasoline,FALSE,gasoline,1.8,hatchback,FALSE,owned,front,FALSE,TRUE,FALSE,FALSE,FALSE,FALSE,FALSE,FALSE,FALSE,FALSE,62,3250
Audi,A8,automatic,silver,370000,1998,gasoline,FALSE,gasoline,2.8,sedan,FALSE,owned,front,FALSE,TRUE,FALSE,TRUE,TRUE,TRUE,TRUE,FALSE,FALSE,TRUE,90,5500
Geely,Emgrand,mechanical,red,219800,2014,gas,TRUE,gasoline,1.8,sedan,FALSE,owned,front,FALSE,TRUE,FALSE,TRUE,TRUE,TRUE,FALSE,FALSE,TRUE,FALSE,63,6500
Volkswagen,Sharan,mechanical,silver,256500,2003,diesel,FALSE,diesel,1.9,minivan,FALSE,owned,front,FALSE,TRUE,FALSE,FALSE,FALSE,FALSE,FALSE,FALSE,TRUE,TRUE,41,6100
Citroen,XM,mechanical,blue,228700,1995,gasoline,FALSE,gasoline,2,sedan,FALSE,owned,front,FALSE,TRUE,FALSE,FALSE,TRUE,FALSE,FALSE,FALSE,FALSE,FALSE,65,1944.42
Mazda,3,automatic,black,199999,2006,gasoline,FALSE,gasoline,2.3,sedan,FALSE,owned,front,FALSE,TRUE,TRUE,FALSE,TRUE,TRUE,FALSE,FALSE,TRUE,TRUE,100,3990
Mercedes-Benz,C180,automatic,grey,206945,2012,gasoline,FALSE,gasoline,1.6,universal,FALSE,owned,rear,FALSE,TRUE,TRUE,TRUE,TRUE,TRUE,TRUE,TRUE,TRUE,TRUE,144,14600
Volkswagen,Tiguan,mechanical,blue,198730,2008,gasoline,FALSE,gasoline,1.4,suv,FALSE,owned,front,FALSE,TRUE,FALSE,TRUE,FALSE,FALSE,FALSE,FALSE,TRUE,TRUE,59,7250
Peugeot,308,automatic,black,103000,2011,gasoline,FALSE,gasoline,1.6,hatchback,FALSE,owned,front,FALSE,TRUE,FALSE,FALSE,FALSE,TRUE,FALSE,FALSE,FALSE,FALSE,86,7700
Audi,A6,mechanical,grey,370000,1998,gasoline,FALSE,gasoline,2.4,sedan,FALSE,owned,front,FALSE,TRUE,FALSE,TRUE,FALSE,TRUE,FALSE,FALSE,TRUE,TRUE,84,5200
Ford,Fiesta,mechanical,white,287000,2010,diesel,FALSE,diesel,1.4,hatchback,FALSE,owned,front,FALSE,TRUE,FALSE,TRUE,FALSE,FALSE,FALSE,TRUE,TRUE,FALSE,166,5555
Renault,Megane,mechanical,white,300000,2000,diesel,FALSE,diesel,1.9,universal,FALSE,owned,front,TRUE,FALSE,FALSE,FALSE,FALSE,FALSE,FALSE,FALSE,FALSE,FALSE,48,1950
Skoda,Superb,mechanical,brown,257100,2009,gasoline,FALSE,gasoline,1.4,hatchback,FALSE,owned,front,FALSE,TRUE,FALSE,TRUE,FALSE,FALSE,TRUE,FALSE,TRUE,TRUE,167,7800
Opel,Corsa,mechanical,blue,251000,2008,diesel,FALSE,diesel,1.3,hatchback,FALSE,owned,front,FALSE,TRUE,FALSE,TRUE,FALSE,FALSE,TRUE,FALSE,TRUE,FALSE,46,4299
Lexus,RX,automatic,red,202000,2011,gasoline,FALSE,gasoline,3.5,suv,FALSE,owned,all,FALSE,TRUE,TRUE,TRUE,TRUE,TRUE,TRUE,TRUE,TRUE,TRUE,63,16500
Volkswagen,Touareg,automatic,blue,260000,2005,diesel,FALSE,diesel,2.5,suv,FALSE,owned,all,FALSE,TRUE,TRUE,TRUE,TRUE,TRUE,TRUE,TRUE,TRUE,TRUE,637,11900
BMW,735,automatic,grey,300000,1999,gasoline,FALSE,gasoline,3.5,sedan,FALSE,owned,rear,FALSE,TRUE,TRUE,TRUE,TRUE,TRUE,TRUE,TRUE,TRUE,TRUE,35,4350
BMW,118,mechanical,silver,180000,2009,diesel,FALSE,diesel,2,hatchback,FALSE,owned,rear,FALSE,TRUE,FALSE,FALSE,FALSE,FALSE,FALSE,FALSE,FALSE,FALSE,253,9900
Dodge,Caravan,automatic,silver,134000,2005,gasoline,FALSE,gasoline,2.4,minivan,FALSE,owned,front,FALSE,TRUE,FALSE,FALSE,FALSE,FALSE,FALSE,FALSE,FALSE,FALSE,9,5299
Audi,A4,mechanical,silver,350000,2005,diesel,FALSE,diesel,2,universal,FALSE,owned,front,FALSE,TRUE,FALSE,TRUE,FALSE,TRUE,FALSE,TRUE,TRUE,TRUE,68,7800
Volkswagen,Golf,mechanical,green,208000,1996,diesel,FALSE,diesel,1.9,hatchback,FALSE,owned,front,FALSE,FALSE,TRUE,FALSE,FALSE,FALSE,FALSE,FALSE,FALSE,TRUE,13,3500
Skoda,Octavia,automatic,black,145000,2015,gasoline,FALSE,gasoline,1.6,liftback,FALSE,owned,front,FALSE,FALSE,FALSE,FALSE,FALSE,TRUE,FALSE,TRUE,TRUE,FALSE,9,13300
BMW,316,mechanical,silver,309000,2002,gasoline,FALSE,gasoline,1.8,sedan,FALSE,owned,rear,FALSE,FALSE,FALSE,FALSE,FALSE,FALSE,FALSE,FALSE,FALSE,TRUE,10,4800
Volkswagen,Golf,mechanical,blue,87000,2009,gasoline,FALSE,gasoline,1.6,hatchback,FALSE,owned,front,TRUE,FALSE,FALSE,FALSE,FALSE,FALSE,FALSE,FALSE,FALSE,FALSE,69,8300
Hyundai,Tiburon,automatic,black,169000,2005,gasoline,FALSE,gasoline,2,coupe,FALSE,owned,front,FALSE,TRUE,FALSE,FALSE,FALSE,FALSE,FALSE,FALSE,FALSE,TRUE,85,5700
Renault,Laguna,mechanical,white,290000,2013,diesel,FALSE,diesel,1.5,universal,FALSE,owned,front,FALSE,TRUE,FALSE,TRUE,FALSE,FALSE,TRUE,TRUE,TRUE,TRUE,171,9950
Volvo,460,mechanical,other,344000,1994,gasoline,FALSE,gasoline,1.8,sedan,FALSE,owned,front,TRUE,FALSE,FALSE,FALSE,FALSE,FALSE,FALSE,FALSE,FALSE,FALSE,75,720
Chrysler,Pacifica,automatic,red,255000,2003,gas,TRUE,gasoline,3.5,minivan,FALSE,owned,all,FALSE,FALSE,FALSE,TRUE,TRUE,TRUE,FALSE,FALSE,FALSE,TRUE,26,7000
Suzuki,Baleno,mechanical,green,111111,1996,gasoline,FALSE,gasoline,1.6,sedan,FALSE,owned,front,FALSE,TRUE,FALSE,FALSE,FALSE,FALSE,FALSE,FALSE,FALSE,FALSE,160,300
Mitsubishi,Pajero,mechanical,black,304000,2000,diesel,FALSE,diesel,3.2,suv,FALSE,owned,all,FALSE,TRUE,TRUE,FALSE,TRUE,TRUE,FALSE,FALSE,TRUE,TRUE,20,7750
Volkswagen,Passat,automatic,grey,350000,1991,gasoline,FALSE,gasoline,2,sedan,FALSE,owned,front,FALSE,FALSE,FALSE,FALSE,FALSE,FALSE,FALSE,FALSE,FALSE,TRUE,69,2500
Nissan,Primera,mechanical,silver,370000,2000,diesel,FALSE,diesel,2,sedan,FALSE,owned,front,FALSE,TRUE,TRUE,FALSE,FALSE,TRUE,FALSE,TRUE,TRUE,FALSE,23,1150
Audi,A4,automatic,white,148000,2012,gasoline,FALSE,gasoline,3,sedan,FALSE,owned,all,FALSE,TRUE,TRUE,TRUE,TRUE,TRUE,FALSE,FALSE,TRUE,TRUE,19,17000
Audi,A4,automatic,silver,260000,2002,gas,TRUE,gasoline,1.8,universal,FALSE,owned,all,FALSE,TRUE,FALSE,FALSE,TRUE,TRUE,TRUE,TRUE,TRUE,TRUE,230,6950
Volkswagen,Passat,mechanical,grey,323852,2010,diesel,FALSE,diesel,1.6,universal,FALSE,owned,front,FALSE,TRUE,FALSE,TRUE,FALSE,FALSE,TRUE,TRUE,TRUE,TRUE,24,9000
Volkswagen,Golf,mechanical,white,98000,1994,gasoline,FALSE,gasoline,1.4,hatchback,FALSE,owned,front,TRUE,FALSE,FALSE,FALSE,FALSE,FALSE,FALSE,FALSE,FALSE,FALSE,118,1800
Citroen,Jumper,mechanical,blue,350000,1995,diesel,FALSE,diesel,2.5,van,FALSE,owned,front,TRUE,FALSE,FALSE,FALSE,FALSE,FALSE,FALSE,FALSE,FALSE,FALSE,77,4100
Peugeot,406,mechanical,silver,271000,1998,gasoline,FALSE,gasoline,1.8,sedan,FALSE,owned,front,FALSE,TRUE,TRUE,FALSE,FALSE,FALSE,FALSE,FALSE,TRUE,FALSE,88,1499
Skoda,Kodiaq,automatic,silver,0,2019,diesel,FALSE,diesel,2,suv,TRUE,new,all,TRUE,FALSE,FALSE,FALSE,FALSE,FALSE,FALSE,FALSE,FALSE,FALSE,26,38638.91
Renault,Laguna,automatic,white,297415,2003,diesel,FALSE,diesel,2.2,universal,FALSE,owned,front,FALSE,TRUE,FALSE,FALSE,FALSE,FALSE,TRUE,TRUE,TRUE,TRUE,58,3700
Ford,Mondeo,mechanical,silver,300000,1999,gasoline,FALSE,gasoline,1.8,universal,FALSE,owned,front,FALSE,TRUE,FALSE,FALSE,FALSE,FALSE,FALSE,FALSE,FALSE,FALSE,88,1000
Volkswagen,Passat,mechanical,grey,337500,1992,gasoline,FALSE,gasoline,2,universal,FALSE,owned,front,TRUE,FALSE,FALSE,FALSE,FALSE,FALSE,FALSE,FALSE,FALSE,FALSE,8,1600
Ford,Galaxy,mechanical,grey,228000,2007,diesel,FALSE,diesel,2,minivan,FALSE,owned,front,FALSE,TRUE,FALSE,FALSE,FALSE,FALSE,FALSE,FALSE,FALSE,TRUE,23,9000
Lexus,RX,automatic,silver,183000,2012,gasoline,FALSE,gasoline,3.5,suv,FALSE,owned,all,FALSE,TRUE,TRUE,TRUE,TRUE,TRUE,TRUE,TRUE,TRUE,TRUE,24,30500
Renault,Kangoo,mechanical,silver,350000,2000,diesel,FALSE,diesel,1.9,van,FALSE,owned,front,FALSE,TRUE,FALSE,FALSE,FALSE,FALSE,FALSE,FALSE,FALSE,FALSE,109,1991.84
Mercedes-Benz,GL550,automatic,black,200000,2008,gasoline,FALSE,gasoline,5.5,suv,FALSE,owned,all,FALSE,TRUE,TRUE,TRUE,TRUE,TRUE,TRUE,TRUE,TRUE,TRUE,299,12800
Volkswagen,Golf,mechanical,red,380000,1999,gasoline,FALSE,gasoline,1.4,universal,FALSE,owned,front,FALSE,TRUE,FALSE,FALSE,FALSE,FALSE,FALSE,FALSE,FALSE,FALSE,66,3300
Ford,Sierra,mechanical,black,250000,1990,gasoline,FALSE,gasoline,2,sedan,FALSE,owned,rear,TRUE,FALSE,FALSE,FALSE,FALSE,FALSE,FALSE,FALSE,FALSE,FALSE,294,500
Peugeot,605,automatic,grey,245000,1996,gas,TRUE,gasoline,2,sedan,FALSE,owned,front,TRUE,FALSE,FALSE,FALSE,FALSE,FALSE,FALSE,FALSE,FALSE,FALSE,17,2000
Kia,Carens,mechanical,grey,237000,2003,diesel,FALSE,diesel,2,universal,FALSE,owned,front,FALSE,TRUE,FALSE,FALSE,FALSE,FALSE,FALSE,FALSE,FALSE,TRUE,79,3950
Kia,Sorento,automatic,silver,290000,2006,diesel,FALSE,diesel,2.5,suv,FALSE,owned,all,FALSE,TRUE,FALSE,FALSE,TRUE,TRUE,TRUE,TRUE,TRUE,TRUE,115,7700
Opel,Zafira,mechanical,silver,270000,2002,gasoline,FALSE,gasoline,1.6,minivan,FALSE,owned,front,FALSE,TRUE,FALSE,FALSE,FALSE,FALSE,FALSE,FALSE,FALSE,TRUE,55,4500
Audi,A6,automatic,silver,259150,2003,gasoline,FALSE,gasoline,2.4,sedan,FALSE,owned,front,FALSE,TRUE,FALSE,TRUE,TRUE,FALSE,FALSE,FALSE,TRUE,TRUE,46,6300
BMW,328,mechanical,white,340000,1985,gasoline,FALSE,gasoline,2.7,sedan,FALSE,owned,rear,FALSE,FALSE,TRUE,TRUE,TRUE,TRUE,FALSE,FALSE,TRUE,TRUE,112,2250
BMW,730,automatic,black,275000,2005,gasoline,FALSE,gasoline,3,sedan,FALSE,owned,rear,FALSE,TRUE,TRUE,TRUE,TRUE,TRUE,TRUE,TRUE,TRUE,TRUE,22,8600
Acura,RL,automatic,silver,190308,2005,gasoline,FALSE,gasoline,3.5,sedan,FALSE,owned,all,FALSE,TRUE,FALSE,FALSE,TRUE,TRUE,TRUE,TRUE,TRUE,TRUE,92,8489.04
Mercedes-Benz,T1,mechanical,green,423000,1988,diesel,FALSE,diesel,2.9,van,FALSE,owned,rear,TRUE,FALSE,FALSE,FALSE,FALSE,FALSE,FALSE,FALSE,FALSE,FALSE,123,1900
Chrysler,Grand Voyager,mechanical,blue,320123,1996,diesel,FALSE,diesel,2.5,minivan,FALSE,owned,front,FALSE,FALSE,FALSE,FALSE,FALSE,FALSE,FALSE,TRUE,FALSE,TRUE,9,2800
Ford,Focus,mechanical,black,151300,2009,gasoline,FALSE,gasoline,1.4,hatchback,FALSE,owned,front,FALSE,TRUE,FALSE,FALSE,FALSE,FALSE,FALSE,TRUE,FALSE,TRUE,111,5900
BMW,X5,automatic,black,197000,2006,gasoline,FALSE,gasoline,3,suv,FALSE,owned,all,FALSE,TRUE,TRUE,FALSE,TRUE,TRUE,FALSE,FALSE,TRUE,TRUE,58,11500
Mercedes-Benz,GL450,automatic,white,30000,2006,gasoline,FALSE,gasoline,4.7,suv,FALSE,owned,all,FALSE,TRUE,TRUE,TRUE,TRUE,TRUE,TRUE,TRUE,TRUE,TRUE,44,11000
Mercedes-Benz,ML320,automatic,grey,260000,2008,diesel,FALSE,diesel,3.2,suv,FALSE,owned,all,FALSE,TRUE,TRUE,TRUE,TRUE,TRUE,TRUE,TRUE,TRUE,TRUE,12,13400
Ford,Mondeo,mechanical,blue,263300,2006,diesel,FALSE,diesel,2,liftback,FALSE,owned,front,FALSE,TRUE,FALSE,TRUE,FALSE,FALSE,TRUE,FALSE,FALSE,TRUE,37,5200
Daewoo,Nubira,mechanical,silver,241000,1999,gasoline,FALSE,gasoline,1.6,universal,FALSE,owned,front,FALSE,TRUE,FALSE,FALSE,FALSE,FALSE,FALSE,FALSE,FALSE,FALSE,148,1150
Renault,Laguna,mechanical,white,365000,1999,diesel,FALSE,diesel,2.2,universal,FALSE,owned,front,TRUE,FALSE,FALSE,FALSE,FALSE,FALSE,FALSE,FALSE,FALSE,FALSE,37,1700
Rover,200-Series,mechanical,green,216000,1997,gasoline,FALSE,gasoline,1.6,hatchback,FALSE,owned,front,FALSE,FALSE,FALSE,FALSE,TRUE,FALSE,FALSE,FALSE,FALSE,TRUE,17,1200
Opel,Astra,mechanical,black,351000,2007,diesel,FALSE,diesel,1.7,universal,FALSE,owned,front,FALSE,TRUE,FALSE,FALSE,FALSE,TRUE,FALSE,FALSE,TRUE,FALSE,11,6150
Ford,Galaxy,automatic,red,400000,2001,diesel,FALSE,diesel,1.9,minivan,FALSE,owned,front,FALSE,TRUE,TRUE,FALSE,FALSE,TRUE,FALSE,FALSE,TRUE,TRUE,20,5900
Renault,Grand Espace,automatic,blue,410000,2005,diesel,FALSE,diesel,3,minivan,FALSE,owned,front,FALSE,TRUE,TRUE,TRUE,FALSE,TRUE,TRUE,TRUE,TRUE,TRUE,91,6700
Peugeot,106,mechanical,blue,240000,1998,gasoline,FALSE,gasoline,1,hatchback,FALSE,owned,front,TRUE,FALSE,FALSE,FALSE,FALSE,FALSE,FALSE,FALSE,FALSE,FALSE,31,1000
Toyota,RAV4,mechanical,green,216000,2003,diesel,FALSE,diesel,2,suv,FALSE,owned,all,FALSE,TRUE,FALSE,FALSE,FALSE,TRUE,FALSE,FALSE,TRUE,TRUE,220,6100
BMW,X6,automatic,blue,156000,2010,hybrid-petrol,FALSE,gasoline,4.4,suv,FALSE,owned,all,FALSE,TRUE,TRUE,TRUE,TRUE,TRUE,TRUE,TRUE,TRUE,TRUE,90,20500
Ford,Escort,mechanical,red,17000,1992,gasoline,FALSE,gasoline,1.4,hatchback,FALSE,owned,front,FALSE,FALSE,FALSE,FALSE,FALSE,FALSE,FALSE,FALSE,FALSE,TRUE,105,630
Mercedes-Benz,Vario,mechanical,blue,345000,2001,diesel,FALSE,diesel,2.9,van,FALSE,owned,rear,TRUE,FALSE,FALSE,FALSE,FALSE,FALSE,FALSE,FALSE,FALSE,FALSE,88,9500
Kia,Sorento,mechanical,black,74000,2013,gasoline,FALSE,gasoline,2.4,suv,FALSE,owned,all,FALSE,TRUE,FALSE,TRUE,FALSE,TRUE,FALSE,TRUE,TRUE,TRUE,48,15200
Mitsubishi,Outlander,mechanical,silver,229000,2003,gasoline,FALSE,gasoline,2,suv,FALSE,owned,all,FALSE,TRUE,FALSE,FALSE,FALSE,FALSE,FALSE,FALSE,FALSE,TRUE,15,4500
Mercedes-Benz,E200,mechanical,black,600000,1986,diesel,FALSE,diesel,2,sedan,FALSE,owned,rear,TRUE,FALSE,FALSE,FALSE,FALSE,FALSE,FALSE,FALSE,FALSE,FALSE,1,1500
Hyundai,Lantra,mechanical,other,301680,1996,gasoline,FALSE,gasoline,1.6,sedan,FALSE,owned,front,FALSE,FALSE,FALSE,FALSE,FALSE,FALSE,FALSE,FALSE,FALSE,TRUE,101,700
Mercedes-Benz,E220,automatic,silver,520000,2002,diesel,FALSE,diesel,2.2,universal,FALSE,owned,rear,FALSE,TRUE,FALSE,FALSE,FALSE,FALSE,FALSE,FALSE,TRUE,TRUE,40,4500
Renault,Megane,mechanical,other,35000,1996,gasoline,FALSE,gasoline,1.6,hatchback,FALSE,owned,front,FALSE,FALSE,FALSE,FALSE,FALSE,TRUE,FALSE,FALSE,FALSE,FALSE,131,1400
Kia,Clarus,mechanical,silver,278510,1997,gasoline,FALSE,gasoline,2,sedan,FALSE,owned,front,TRUE,FALSE,FALSE,FALSE,FALSE,FALSE,FALSE,FALSE,FALSE,FALSE,62,1200
Suzuki,Grand Vitara,automatic,black,169000,2010,gasoline,FALSE,gasoline,2,suv,FALSE,owned,all,TRUE,FALSE,FALSE,FALSE,FALSE,FALSE,FALSE,FALSE,FALSE,FALSE,1,10450
Mitsubishi,Carisma,mechanical,blue,362000,1998,diesel,FALSE,diesel,1.9,hatchback,FALSE,owned,front,FALSE,TRUE,FALSE,FALSE,FALSE,FALSE,FALSE,FALSE,FALSE,FALSE,57,2750
Chevrolet,Niva,mechanical,other,197000,2010,gasoline,FALSE,gasoline,1.7,suv,FALSE,owned,all,FALSE,FALSE,FALSE,FALSE,FALSE,FALSE,FALSE,FALSE,TRUE,TRUE,103,5000
Volkswagen,Golf,mechanical,white,270000,1993,diesel,FALSE,diesel,1.9,universal,FALSE,owned,front,TRUE,FALSE,FALSE,FALSE,FALSE,FALSE,FALSE,FALSE,FALSE,FALSE,43,1550
Peugeot,406,mechanical,silver,260000,1998,diesel,FALSE,diesel,2.1,universal,FALSE,owned,front,FALSE,TRUE,FALSE,FALSE,FALSE,FALSE,FALSE,FALSE,FALSE,FALSE,6,3500
УАЗ,31514,mechanical,black,7000,1996,gasoline,FALSE,gasoline,2.9,suv,FALSE,owned,all,FALSE,FALSE,TRUE,FALSE,FALSE,FALSE,FALSE,FALSE,FALSE,TRUE,21,2800
Nissan,Juke,mechanical,silver,103000,2013,diesel,FALSE,diesel,1.5,hatchback,FALSE,owned,front,FALSE,TRUE,FALSE,FALSE,FALSE,TRUE,FALSE,FALSE,TRUE,TRUE,60,9800
Porsche,Cayenne,automatic,green,196000,2003,gasoline,FALSE,gasoline,4.5,suv,FALSE,owned,all,FALSE,TRUE,TRUE,TRUE,FALSE,TRUE,TRUE,TRUE,TRUE,TRUE,124,8450
Audi,A6,automatic,grey,280000,2002,diesel,FALSE,diesel,2.5,sedan,FALSE,owned,front,FALSE,TRUE,TRUE,TRUE,FALSE,FALSE,FALSE,FALSE,FALSE,TRUE,72,4600
Mazda,6,automatic,white,115000,2014,gasoline,FALSE,gasoline,2,sedan,FALSE,owned,front,FALSE,TRUE,FALSE,TRUE,FALSE,TRUE,TRUE,TRUE,FALSE,TRUE,159,15700
Renault,Megane,mechanical,blue,277077,1997,gasoline,FALSE,gasoline,1.6,sedan,FALSE,owned,front,TRUE,FALSE,FALSE,FALSE,FALSE,FALSE,FALSE,FALSE,FALSE,FALSE,62,900
Peugeot,308,automatic,silver,156700,2008,gasoline,FALSE,gasoline,1.6,hatchback,FALSE,owned,front,FALSE,TRUE,FALSE,TRUE,FALSE,TRUE,FALSE,FALSE,FALSE,TRUE,167,5500
Toyota,Avensis,mechanical,blue,490000,2001,diesel,FALSE,diesel,2,sedan,FALSE,owned,front,FALSE,TRUE,FALSE,FALSE,FALSE,FALSE,FALSE,FALSE,FALSE,FALSE,57,3300
Volkswagen,Golf,automatic,black,155000,2012,gasoline,FALSE,gasoline,1.6,hatchback,FALSE,owned,front,FALSE,TRUE,FALSE,FALSE,FALSE,TRUE,FALSE,FALSE,TRUE,TRUE,90,9000
Ford,Focus,mechanical,silver,464000,1999,gasoline,FALSE,gasoline,1.6,hatchback,FALSE,owned,front,FALSE,TRUE,FALSE,FALSE,FALSE,FALSE,FALSE,FALSE,FALSE,FALSE,53,2990
Skoda,Rapid,automatic,white,62000,2017,gas,TRUE,gasoline,1.6,hatchback,FALSE,owned,front,FALSE,TRUE,FALSE,FALSE,FALSE,TRUE,FALSE,FALSE,TRUE,TRUE,17,12150
BMW,745,automatic,black,400000,2004,gasoline,FALSE,gasoline,4.4,sedan,FALSE,owned,rear,FALSE,FALSE,TRUE,TRUE,TRUE,TRUE,FALSE,FALSE,TRUE,TRUE,30,6500
BMW,118,automatic,orange,35000,2017,gasoline,FALSE,gasoline,1.5,hatchback,FALSE,owned,rear,FALSE,TRUE,TRUE,TRUE,TRUE,TRUE,FALSE,TRUE,TRUE,TRUE,51,16500
Peugeot,406,mechanical,blue,300000,1997,diesel,FALSE,diesel,1.9,sedan,FALSE,owned,front,TRUE,FALSE,FALSE,FALSE,FALSE,FALSE,FALSE,FALSE,FALSE,FALSE,30,1400
Volkswagen,Passat,automatic,other,315000,2007,gasoline,FALSE,gasoline,2,sedan,FALSE,owned,front,FALSE,TRUE,TRUE,TRUE,TRUE,TRUE,FALSE,TRUE,FALSE,TRUE,75,6400
Mercedes-Benz,Vario,mechanical,white,345000,1998,diesel,FALSE,diesel,2.9,van,FALSE,owned,rear,TRUE,FALSE,FALSE,FALSE,FALSE,FALSE,FALSE,FALSE,FALSE,FALSE,71,8000
Audi,A4,automatic,black,114000,2009,gasoline,FALSE,gasoline,1.8,sedan,FALSE,owned,front,FALSE,TRUE,TRUE,TRUE,TRUE,TRUE,TRUE,TRUE,TRUE,TRUE,71,9500
Lifan,X60,mechanical,silver,157000,2013,gasoline,FALSE,gasoline,1.8,suv,FALSE,owned,front,FALSE,TRUE,FALSE,TRUE,TRUE,TRUE,FALSE,TRUE,TRUE,TRUE,61,6499
Citroen,Xsara,mechanical,blue,330000,1998,gasoline,FALSE,gasoline,1.4,universal,FALSE,owned,front,TRUE,FALSE,FALSE,FALSE,FALSE,FALSE,FALSE,FALSE,FALSE,FALSE,34,1850
Mercedes-Benz,E350,automatic,brown,242000,2009,diesel,FALSE,diesel,3,sedan,FALSE,owned,all,FALSE,TRUE,TRUE,TRUE,TRUE,TRUE,TRUE,TRUE,TRUE,TRUE,17,29500
Toyota,Avensis,mechanical,violet,356700,2009,gasoline,FALSE,gasoline,1.6,sedan,FALSE,owned,front,FALSE,TRUE,FALSE,FALSE,FALSE,TRUE,FALSE,FALSE,FALSE,TRUE,59,10000
Volkswagen,Polo Sedan,mechanical,grey,20000,2018,gasoline,FALSE,gasoline,1.6,sedan,FALSE,owned,front,FALSE,TRUE,FALSE,FALSE,FALSE,TRUE,FALSE,TRUE,FALSE,TRUE,141,10800
Hyundai,i40,automatic,black,160000,2013,gasoline,FALSE,gasoline,2,sedan,FALSE,owned,front,FALSE,TRUE,TRUE,TRUE,FALSE,TRUE,FALSE,FALSE,TRUE,TRUE,92,12300
Mercedes-Benz,E280,automatic,grey,222000,1978,gasoline,FALSE,gasoline,2.8,sedan,FALSE,owned,rear,FALSE,FALSE,FALSE,FALSE,FALSE,FALSE,FALSE,FALSE,FALSE,TRUE,88,2000
Opel,Vectra,mechanical,other,280000,1998,diesel,FALSE,diesel,2,hatchback,FALSE,owned,front,FALSE,TRUE,FALSE,FALSE,TRUE,FALSE,FALSE,TRUE,FALSE,TRUE,84,2200
Mercedes-Benz,A160,mechanical,silver,213000,2001,gasoline,FALSE,gasoline,1.6,hatchback,FALSE,owned,front,FALSE,TRUE,FALSE,FALSE,FALSE,FALSE,FALSE,FALSE,TRUE,TRUE,65,3500
Chrysler,Sebring,automatic,red,289682,2002,gasoline,FALSE,gasoline,2.4,sedan,FALSE,owned,front,FALSE,TRUE,FALSE,FALSE,FALSE,FALSE,FALSE,FALSE,TRUE,TRUE,18,2250
Volkswagen,Tiguan,automatic,black,84790,2016,gasoline,FALSE,gasoline,2,suv,FALSE,owned,front,FALSE,TRUE,TRUE,TRUE,FALSE,TRUE,FALSE,FALSE,TRUE,TRUE,34,18500
Mitsubishi,Galant,mechanical,other,450000,1993,gasoline,FALSE,gasoline,2,hatchback,FALSE,owned,front,FALSE,FALSE,FALSE,FALSE,FALSE,FALSE,FALSE,FALSE,FALSE,TRUE,27,350
Mercedes-Benz,E220,mechanical,other,400000,2001,diesel,FALSE,diesel,2.2,sedan,FALSE,owned,rear,FALSE,TRUE,FALSE,TRUE,TRUE,TRUE,FALSE,TRUE,FALSE,TRUE,239,3272.31
Mazda,6,mechanical,grey,265145,2006,gasoline,FALSE,gasoline,2,sedan,FALSE,owned,front,FALSE,TRUE,FALSE,FALSE,FALSE,TRUE,FALSE,FALSE,FALSE,TRUE,59,4300
Mitsubishi,Lancer Evolution,mechanical,black,64000,2012,gasoline,FALSE,gasoline,2,sedan,FALSE,owned,front,FALSE,TRUE,TRUE,FALSE,FALSE,FALSE,FALSE,TRUE,TRUE,TRUE,88,18900
BMW,740,automatic,other,257000,2004,diesel,FALSE,diesel,4,sedan,FALSE,owned,rear,FALSE,TRUE,TRUE,TRUE,TRUE,TRUE,TRUE,TRUE,TRUE,TRUE,253,10000
Hyundai,Matrix,mechanical,black,233000,2003,gasoline,FALSE,gasoline,1.6,minivan,FALSE,owned,front,FALSE,TRUE,FALSE,FALSE,FALSE,FALSE,FALSE,FALSE,FALSE,FALSE,167,3600
Mitsubishi,Carisma,mechanical,other,474000,1999,gasoline,FALSE,gasoline,1.6,sedan,FALSE,owned,front,FALSE,FALSE,FALSE,FALSE,FALSE,FALSE,FALSE,FALSE,FALSE,TRUE,92,2200
Jeep,Compass,automatic,grey,158295,2011,gasoline,FALSE,gasoline,2,suv,FALSE,owned,front,FALSE,TRUE,FALSE,FALSE,FALSE,FALSE,FALSE,FALSE,TRUE,TRUE,85,9300
Volkswagen,Golf,mechanical,violet,258000,1995,diesel,FALSE,diesel,1.9,universal,FALSE,owned,front,TRUE,FALSE,FALSE,FALSE,FALSE,FALSE,FALSE,FALSE,FALSE,FALSE,101,1850
Hyundai,i30,mechanical,white,79000,2014,gasoline,FALSE,gasoline,1.6,hatchback,FALSE,owned,front,FALSE,TRUE,TRUE,TRUE,FALSE,TRUE,FALSE,FALSE,TRUE,TRUE,33,13200
Opel,Corsa,mechanical,white,224000,2010,gasoline,FALSE,gasoline,1.4,hatchback,FALSE,owned,front,FALSE,TRUE,FALSE,FALSE,FALSE,FALSE,FALSE,FALSE,FALSE,FALSE,164,5750
Fiat,Ulysse,mechanical,yellow,333333,1997,diesel,FALSE,diesel,1.9,minivan,FALSE,owned,front,TRUE,FALSE,FALSE,FALSE,FALSE,FALSE,FALSE,FALSE,FALSE,FALSE,38,2700
Mercedes-Benz,G300,automatic,black,100000,1980,diesel,FALSE,diesel,3,suv,FALSE,owned,all,FALSE,FALSE,FALSE,FALSE,TRUE,FALSE,FALSE,FALSE,FALSE,TRUE,248,6500
Volvo,V60,mechanical,grey,134000,2015,diesel,FALSE,diesel,1.6,universal,FALSE,owned,front,FALSE,TRUE,FALSE,TRUE,FALSE,FALSE,TRUE,TRUE,TRUE,TRUE,87,12950
Mazda,3,mechanical,blue,171000,2004,gasoline,FALSE,gasoline,1.6,hatchback,FALSE,owned,front,FALSE,TRUE,FALSE,FALSE,FALSE,FALSE,FALSE,FALSE,TRUE,TRUE,13,4200
Ford,Scorpio,mechanical,violet,260000,1997,gasoline,FALSE,gasoline,2.3,sedan,FALSE,owned,rear,FALSE,TRUE,FALSE,FALSE,FALSE,FALSE,FALSE,FALSE,FALSE,TRUE,30,1500
Rover,400-Series,mechanical,green,349234,1998,gasoline,FALSE,gasoline,1.6,hatchback,FALSE,owned,front,FALSE,TRUE,FALSE,FALSE,FALSE,FALSE,FALSE,FALSE,FALSE,FALSE,18,1000
Volkswagen,Passat,mechanical,silver,284000,2001,diesel,FALSE,diesel,1.9,universal,FALSE,owned,front,FALSE,TRUE,FALSE,FALSE,FALSE,TRUE,FALSE,FALSE,TRUE,TRUE,7,5150
Daewoo,Leganza,mechanical,green,293000,1998,gas,TRUE,gasoline,2,sedan,FALSE,owned,front,FALSE,TRUE,TRUE,FALSE,TRUE,FALSE,FALSE,FALSE,TRUE,TRUE,14,1600
Ford,Sierra,mechanical,brown,200000,1988,gasoline,FALSE,gasoline,1.6,sedan,FALSE,owned,rear,TRUE,FALSE,FALSE,FALSE,FALSE,FALSE,FALSE,FALSE,FALSE,FALSE,196,450
Opel,Sintra,mechanical,silver,343000,1999,diesel,FALSE,diesel,2.2,minivan,FALSE,owned,front,FALSE,TRUE,FALSE,FALSE,FALSE,TRUE,FALSE,FALSE,FALSE,TRUE,19,2300
Skoda,Kodiaq,mechanical,brown,20000,2018,gasoline,FALSE,gasoline,1.4,suv,FALSE,owned,front,FALSE,TRUE,FALSE,TRUE,FALSE,TRUE,TRUE,TRUE,TRUE,TRUE,84,25000
Hyundai,i30,mechanical,silver,142000,2010,gasoline,FALSE,gasoline,1.4,universal,FALSE,owned,front,TRUE,FALSE,FALSE,FALSE,FALSE,FALSE,FALSE,FALSE,FALSE,FALSE,37,7599
Ford,Escort,mechanical,blue,198989,1997,diesel,FALSE,diesel,1.8,universal,FALSE,emergency,front,FALSE,FALSE,FALSE,FALSE,FALSE,FALSE,FALSE,FALSE,FALSE,TRUE,282,500
Citroen,C3,mechanical,silver,175,2002,gasoline,FALSE,gasoline,1.4,hatchback,FALSE,owned,front,FALSE,TRUE,FALSE,FALSE,FALSE,FALSE,FALSE,FALSE,FALSE,FALSE,8,3500
Mercedes-Benz,E350,automatic,black,155555,2007,gasoline,FALSE,gasoline,3.5,sedan,FALSE,owned,all,FALSE,TRUE,TRUE,TRUE,TRUE,TRUE,FALSE,FALSE,TRUE,TRUE,139,13000
Volkswagen,Passat,mechanical,black,170000,2008,gasoline,FALSE,gasoline,1.6,universal,FALSE,owned,front,FALSE,TRUE,FALSE,FALSE,FALSE,FALSE,FALSE,FALSE,TRUE,TRUE,46,6200
Peugeot,307,mechanical,grey,250000,2005,gasoline,FALSE,gasoline,2,universal,FALSE,owned,front,FALSE,TRUE,FALSE,FALSE,FALSE,FALSE,FALSE,FALSE,FALSE,TRUE,62,5400
Audi,A4,automatic,other,280000,2007,gasoline,FALSE,gasoline,2,sedan,FALSE,owned,front,FALSE,FALSE,TRUE,TRUE,TRUE,TRUE,FALSE,FALSE,TRUE,TRUE,10,6699
Peugeot,1007,automatic,blue,145000,2005,gasoline,FALSE,gasoline,1.6,universal,FALSE,owned,front,FALSE,TRUE,FALSE,TRUE,FALSE,FALSE,FALSE,FALSE,TRUE,TRUE,85,4500
Volkswagen,Golf,mechanical,yellow,233333,1984,gasoline,FALSE,gasoline,1.8,hatchback,FALSE,emergency,front,TRUE,FALSE,FALSE,FALSE,FALSE,FALSE,FALSE,FALSE,FALSE,FALSE,56,250
Chrysler,LHS,automatic,grey,325000,1999,gasoline,FALSE,gasoline,3.5,sedan,FALSE,owned,front,FALSE,TRUE,FALSE,TRUE,TRUE,TRUE,FALSE,FALSE,TRUE,TRUE,122,3300
Peugeot,Boxer,mechanical,white,500000,1996,diesel,FALSE,diesel,2.5,van,FALSE,owned,front,TRUE,FALSE,FALSE,FALSE,FALSE,FALSE,FALSE,FALSE,FALSE,FALSE,57,4000
Volvo,S60,automatic,black,406198,2001,gasoline,FALSE,gasoline,2.4,sedan,FALSE,owned,front,FALSE,TRUE,FALSE,FALSE,TRUE,TRUE,FALSE,FALSE,TRUE,TRUE,197,4500
BMW,216,mechanical,white,150000,2016,diesel,FALSE,diesel,1.5,minivan,FALSE,owned,front,FALSE,TRUE,FALSE,TRUE,FALSE,TRUE,TRUE,TRUE,TRUE,TRUE,88,12999
Suzuki,Wagon R,mechanical,other,165000,1999,gasoline,FALSE,gasoline,1.2,minivan,FALSE,owned,all,FALSE,FALSE,FALSE,FALSE,TRUE,FALSE,FALSE,FALSE,FALSE,FALSE,31,500
Ford,Focus,automatic,grey,2090,2019,gasoline,FALSE,gasoline,1.6,hatchback,FALSE,owned,front,FALSE,TRUE,TRUE,TRUE,FALSE,TRUE,FALSE,TRUE,TRUE,TRUE,58,18021.43
Dodge,Grand Caravan,automatic,white,280509,1997,gasoline,FALSE,gasoline,3.8,minivan,FALSE,owned,front,FALSE,TRUE,FALSE,FALSE,FALSE,FALSE,FALSE,FALSE,FALSE,TRUE,63,3700
Renault,Laguna,mechanical,other,350000,1994,hybrid-petrol,FALSE,gasoline,1.8,hatchback,FALSE,owned,front,TRUE,FALSE,FALSE,FALSE,FALSE,FALSE,FALSE,FALSE,FALSE,FALSE,29,1150
Fiat,Ducato,mechanical,white,320000,1988,diesel,FALSE,diesel,2.5,universal,FALSE,owned,front,FALSE,FALSE,FALSE,FALSE,TRUE,FALSE,FALSE,FALSE,FALSE,FALSE,75,7000
Mazda,CX-7,automatic,violet,199559,2007,gasoline,FALSE,gasoline,2.3,suv,FALSE,owned,front,TRUE,FALSE,FALSE,FALSE,FALSE,FALSE,FALSE,FALSE,FALSE,FALSE,42,6700
Mercedes-Benz,E250,mechanical,black,435000,1995,diesel,FALSE,diesel,2.5,universal,FALSE,owned,front,FALSE,TRUE,FALSE,FALSE,TRUE,TRUE,FALSE,FALSE,FALSE,TRUE,59,3500
Renault,Dokker,mechanical,black,120000,2015,gasoline,FALSE,gasoline,1.6,minivan,FALSE,owned,front,FALSE,TRUE,FALSE,FALSE,TRUE,TRUE,FALSE,TRUE,TRUE,FALSE,91,9000
Mitsubishi,Space Star,mechanical,red,293000,1999,gasoline,FALSE,gasoline,1.3,hatchback,FALSE,owned,front,FALSE,TRUE,FALSE,FALSE,FALSE,FALSE,FALSE,FALSE,FALSE,FALSE,186,2300
Nissan,Almera,mechanical,grey,234000,2003,diesel,FALSE,diesel,1.5,hatchback,FALSE,owned,front,FALSE,TRUE,FALSE,FALSE,TRUE,FALSE,FALSE,FALSE,TRUE,FALSE,57,3600
Ford,Mondeo,mechanical,blue,500000,1994,gasoline,FALSE,gasoline,1.8,universal,FALSE,emergency,front,FALSE,TRUE,FALSE,FALSE,FALSE,FALSE,FALSE,FALSE,FALSE,FALSE,3,260.83
Toyota,Corolla,mechanical,silver,350000,1995,gasoline,FALSE,gasoline,1.6,hatchback,FALSE,owned,front,FALSE,FALSE,FALSE,FALSE,FALSE,FALSE,FALSE,FALSE,FALSE,TRUE,222,1300
BMW,520,mechanical,other,313000,1991,gasoline,FALSE,gasoline,2,sedan,FALSE,owned,rear,FALSE,FALSE,TRUE,FALSE,FALSE,FALSE,FALSE,FALSE,TRUE,TRUE,86,2200
Volkswagen,Passat,mechanical,red,369000,1988,gasoline,FALSE,gasoline,1.8,sedan,FALSE,owned,front,TRUE,FALSE,FALSE,FALSE,FALSE,FALSE,FALSE,FALSE,FALSE,FALSE,72,1500
Kia,Cee'd,mechanical,black,103000,2013,gasoline,FALSE,gasoline,1.6,hatchback,FALSE,owned,front,FALSE,TRUE,FALSE,TRUE,FALSE,TRUE,FALSE,TRUE,TRUE,TRUE,9,10250
Opel,Omega,mechanical,green,302000,1997,gasoline,FALSE,gasoline,2,sedan,FALSE,owned,rear,FALSE,TRUE,TRUE,FALSE,FALSE,FALSE,FALSE,FALSE,FALSE,FALSE,122,1900
Chery,A13,mechanical,silver,200000,2012,gasoline,FALSE,gasoline,1.5,sedan,FALSE,owned,front,FALSE,TRUE,TRUE,FALSE,FALSE,FALSE,FALSE,FALSE,FALSE,TRUE,288,2700
Opel,Corsa,mechanical,silver,185000,2008,gasoline,FALSE,gasoline,1.4,hatchback,FALSE,owned,front,FALSE,TRUE,FALSE,FALSE,FALSE,TRUE,FALSE,FALSE,FALSE,TRUE,169,4800
Volkswagen,T4,mechanical,silver,425000,2002,diesel,FALSE,diesel,2.5,minibus,FALSE,owned,front,FALSE,TRUE,FALSE,FALSE,FALSE,TRUE,FALSE,FALSE,FALSE,FALSE,75,7400
ВАЗ,2108,mechanical,blue,111111,1990,gasoline,FALSE,gasoline,1.5,hatchback,FALSE,owned,front,TRUE,FALSE,FALSE,FALSE,FALSE,FALSE,FALSE,FALSE,FALSE,FALSE,94,650
Honda,Aerodeck,mechanical,violet,313000,1998,gasoline,FALSE,gasoline,1.5,universal,FALSE,owned,front,FALSE,TRUE,FALSE,FALSE,FALSE,FALSE,FALSE,FALSE,TRUE,FALSE,62,2000
BMW,X6,automatic,red,178235,2008,gasoline,FALSE,gasoline,3,suv,FALSE,owned,all,FALSE,FALSE,TRUE,TRUE,TRUE,TRUE,FALSE,FALSE,TRUE,TRUE,10,18000
Audi,A6,mechanical,silver,365000,2000,diesel,FALSE,diesel,2.5,sedan,FALSE,owned,front,FALSE,TRUE,FALSE,FALSE,TRUE,TRUE,FALSE,FALSE,FALSE,TRUE,115,4300
Nissan,Almera,mechanical,black,300000,2001,gasoline,FALSE,gasoline,1.5,hatchback,FALSE,owned,front,FALSE,TRUE,FALSE,FALSE,FALSE,FALSE,FALSE,FALSE,FALSE,TRUE,55,2000
Ford,Fusion,automatic,silver,94000,2016,gasoline,FALSE,gasoline,1.5,sedan,FALSE,owned,front,FALSE,FALSE,FALSE,TRUE,TRUE,TRUE,TRUE,TRUE,TRUE,TRUE,90,13700
Ford,Fusion,automatic,black,138000,2014,gasoline,FALSE,gasoline,1.5,sedan,FALSE,owned,front,FALSE,TRUE,FALSE,FALSE,TRUE,TRUE,TRUE,TRUE,TRUE,TRUE,22,9999
Nissan,Qashqai+2,mechanical,black,208000,2011,diesel,FALSE,diesel,1.5,suv,FALSE,owned,front,FALSE,TRUE,FALSE,TRUE,TRUE,TRUE,TRUE,TRUE,TRUE,TRUE,35,13200
Nissan,Qashqai,mechanical,red,159000,2008,gasoline,FALSE,gasoline,2,suv,FALSE,owned,front,FALSE,TRUE,FALSE,TRUE,FALSE,TRUE,FALSE,TRUE,TRUE,TRUE,71,9000
Opel,Corsa,automatic,black,180000,2008,gasoline,FALSE,gasoline,1.4,hatchback,FALSE,owned,front,FALSE,TRUE,FALSE,FALSE,FALSE,TRUE,FALSE,TRUE,FALSE,FALSE,40,5200
Renault,Megane Scenic,mechanical,blue,390000,1998,gasoline,FALSE,gasoline,2,hatchback,FALSE,owned,front,FALSE,FALSE,FALSE,FALSE,TRUE,FALSE,FALSE,FALSE,FALSE,FALSE,62,1400
Renault,Grand Scenic,mechanical,black,180000,2007,gasoline,FALSE,gasoline,2,minivan,FALSE,owned,front,FALSE,FALSE,FALSE,FALSE,FALSE,FALSE,FALSE,FALSE,FALSE,TRUE,8,6000
Renault,Trafic,mechanical,silver,150,2015,diesel,FALSE,diesel,1.6,minibus,FALSE,owned,all,TRUE,FALSE,FALSE,FALSE,FALSE,FALSE,FALSE,FALSE,FALSE,FALSE,9,18900
Volkswagen,Golf,mechanical,black,170000,2008,gasoline,FALSE,gasoline,1.4,hatchback,FALSE,owned,front,FALSE,TRUE,TRUE,TRUE,FALSE,FALSE,FALSE,TRUE,TRUE,TRUE,66,6200
Skoda,Kodiaq,mechanical,green,0,2019,gasoline,FALSE,gasoline,1.4,suv,TRUE,new,front,TRUE,FALSE,FALSE,FALSE,FALSE,FALSE,FALSE,FALSE,FALSE,FALSE,2,25072.09
Renault,Laguna,mechanical,other,250000,1999,gasoline,FALSE,gasoline,1.6,hatchback,FALSE,owned,front,FALSE,TRUE,FALSE,FALSE,FALSE,FALSE,FALSE,FALSE,FALSE,FALSE,4,2250
Mercedes-Benz,A180,mechanical,grey,184000,2008,diesel,FALSE,diesel,1.8,hatchback,FALSE,owned,front,FALSE,TRUE,FALSE,FALSE,FALSE,FALSE,FALSE,FALSE,FALSE,TRUE,142,6450
Volkswagen,Caddy,mechanical,white,146000,2013,gasoline,FALSE,gasoline,1.2,minivan,FALSE,owned,front,FALSE,TRUE,FALSE,FALSE,FALSE,TRUE,FALSE,FALSE,TRUE,TRUE,5,11900
Renault,Megane Scenic,mechanical,blue,351000,1999,diesel,FALSE,diesel,1.9,minivan,FALSE,owned,front,TRUE,FALSE,FALSE,FALSE,FALSE,FALSE,FALSE,FALSE,FALSE,FALSE,213,2700
Volvo,XC60,automatic,red,109000,2011,gasoline,FALSE,gasoline,2,suv,FALSE,owned,front,TRUE,FALSE,FALSE,FALSE,FALSE,FALSE,FALSE,FALSE,FALSE,FALSE,1,15750
BMW,525,mechanical,other,350000,2000,gasoline,FALSE,gasoline,2.5,sedan,FALSE,owned,rear,FALSE,TRUE,TRUE,FALSE,FALSE,FALSE,FALSE,FALSE,TRUE,TRUE,152,5000
Suzuki,Grand Vitara,automatic,blue,227000,2001,gasoline,FALSE,gasoline,2,suv,FALSE,owned,all,FALSE,TRUE,FALSE,FALSE,FALSE,FALSE,FALSE,TRUE,FALSE,TRUE,85,3800
Opel,Astra,mechanical,blue,439489,2007,diesel,FALSE,diesel,1.9,universal,FALSE,owned,front,FALSE,TRUE,FALSE,FALSE,FALSE,FALSE,FALSE,FALSE,FALSE,TRUE,68,3500
BMW,525,automatic,black,350000,2001,gasoline,FALSE,gasoline,2.5,sedan,FALSE,owned,rear,FALSE,TRUE,TRUE,TRUE,TRUE,TRUE,FALSE,FALSE,TRUE,TRUE,142,5500
Ford,Scorpio,mechanical,silver,39000,1993,gasoline,FALSE,gasoline,2,sedan,FALSE,owned,rear,TRUE,FALSE,FALSE,FALSE,FALSE,FALSE,FALSE,FALSE,FALSE,FALSE,67,750
Volkswagen,LT,mechanical,blue,263000,1998,diesel,FALSE,diesel,2.5,van,FALSE,owned,rear,TRUE,FALSE,FALSE,FALSE,FALSE,FALSE,FALSE,FALSE,FALSE,FALSE,113,6450
Mazda,323,mechanical,green,415000,1995,gasoline,FALSE,gasoline,1.5,hatchback,FALSE,owned,front,FALSE,FALSE,FALSE,TRUE,FALSE,FALSE,FALSE,FALSE,FALSE,FALSE,120,1700
Ford,Transit,mechanical,blue,500000,1996,diesel,FALSE,diesel,2.5,minibus,FALSE,owned,rear,TRUE,FALSE,FALSE,FALSE,FALSE,FALSE,FALSE,FALSE,FALSE,FALSE,161,995.92
Suzuki,Grand Vitara,automatic,grey,138000,2007,gasoline,FALSE,gasoline,2,suv,FALSE,owned,all,FALSE,TRUE,FALSE,FALSE,FALSE,TRUE,FALSE,FALSE,FALSE,TRUE,523,9500
Infiniti,QX,automatic,black,256000,2007,gas,TRUE,gasoline,5.6,suv,FALSE,owned,all,FALSE,TRUE,FALSE,TRUE,TRUE,TRUE,FALSE,TRUE,TRUE,TRUE,43,15900
Ford,Transit,mechanical,blue,455000,2000,diesel,FALSE,diesel,2.5,minibus,FALSE,owned,rear,TRUE,FALSE,FALSE,FALSE,FALSE,FALSE,FALSE,FALSE,FALSE,FALSE,3,5800
Peugeot,306,mechanical,red,211000,1997,gasoline,FALSE,gasoline,2,cabriolet,FALSE,owned,front,FALSE,FALSE,TRUE,FALSE,TRUE,FALSE,FALSE,FALSE,FALSE,TRUE,681,2300
Mercedes-Benz,E220,automatic,silver,350000,1998,diesel,FALSE,diesel,2.2,sedan,FALSE,owned,rear,FALSE,TRUE,TRUE,FALSE,TRUE,FALSE,FALSE,FALSE,FALSE,TRUE,101,3000
Suzuki,Grand Vitara,automatic,grey,198000,2005,gasoline,FALSE,gasoline,2,suv,FALSE,owned,all,FALSE,TRUE,TRUE,TRUE,FALSE,TRUE,FALSE,FALSE,TRUE,TRUE,205,7500
Volvo,C70,automatic,black,252000,1998,gasoline,FALSE,gasoline,2.3,coupe,FALSE,owned,front,FALSE,TRUE,TRUE,FALSE,TRUE,TRUE,FALSE,TRUE,TRUE,TRUE,171,4950
Opel,Vectra,mechanical,other,349000,1997,gasoline,FALSE,gasoline,1.8,sedan,FALSE,owned,front,FALSE,TRUE,FALSE,FALSE,FALSE,FALSE,FALSE,FALSE,FALSE,TRUE,89,2750
Porsche,Cayenne,automatic,green,190000,2008,gasoline,FALSE,gasoline,3.6,suv,FALSE,owned,all,FALSE,FALSE,TRUE,TRUE,TRUE,TRUE,TRUE,FALSE,TRUE,TRUE,50,13900
Ford,Transit,mechanical,blue,555555,1996,diesel,FALSE,diesel,2.5,van,FALSE,owned,rear,TRUE,FALSE,FALSE,FALSE,FALSE,FALSE,FALSE,FALSE,FALSE,FALSE,14,3500
Mercedes-Benz,Sprinter,automatic,white,315000,2008,gasoline,FALSE,gasoline,3,van,FALSE,owned,rear,FALSE,TRUE,FALSE,FALSE,FALSE,FALSE,FALSE,FALSE,FALSE,FALSE,125,16500
Mazda,626,mechanical,other,400000,1998,diesel,FALSE,diesel,2,hatchback,FALSE,owned,front,TRUE,FALSE,FALSE,FALSE,FALSE,FALSE,FALSE,FALSE,FALSE,FALSE,2,1800
Volkswagen,Touran,mechanical,blue,267000,2007,diesel,FALSE,diesel,1.9,minivan,FALSE,owned,front,FALSE,TRUE,FALSE,FALSE,FALSE,FALSE,FALSE,FALSE,TRUE,FALSE,80,9350
Opel,Corsa,mechanical,blue,250000,2007,diesel,FALSE,diesel,1.3,hatchback,FALSE,owned,front,FALSE,TRUE,FALSE,FALSE,FALSE,FALSE,FALSE,FALSE,FALSE,FALSE,83,4350
Ford,Focus,mechanical,other,196000,2011,gasoline,FALSE,gasoline,1.4,hatchback,FALSE,owned,front,FALSE,TRUE,FALSE,FALSE,FALSE,FALSE,FALSE,TRUE,TRUE,TRUE,24,6200
Ford,Mondeo,mechanical,blue,300000,1993,gasoline,FALSE,gasoline,1.6,hatchback,FALSE,owned,front,FALSE,FALSE,FALSE,FALSE,FALSE,FALSE,FALSE,FALSE,FALSE,TRUE,176,1050
BMW,320,automatic,brown,61500,2013,gasoline,FALSE,gasoline,2,sedan,FALSE,owned,rear,FALSE,TRUE,TRUE,TRUE,TRUE,TRUE,FALSE,TRUE,TRUE,TRUE,60,18200
Peugeot,308,automatic,blue,125000,2008,gasoline,FALSE,gasoline,1.6,hatchback,FALSE,owned,front,FALSE,TRUE,FALSE,FALSE,FALSE,TRUE,FALSE,FALSE,TRUE,TRUE,446,5650
Volkswagen,Passat,mechanical,brown,350000,1993,diesel,FALSE,diesel,1.9,hatchback,FALSE,owned,front,TRUE,FALSE,FALSE,FALSE,FALSE,FALSE,FALSE,FALSE,FALSE,FALSE,26,700
Rover,600-Series,mechanical,other,369000,1997,gasoline,FALSE,gasoline,2,sedan,FALSE,owned,front,FALSE,FALSE,FALSE,FALSE,TRUE,FALSE,FALSE,FALSE,FALSE,TRUE,20,1300
Ford,Explorer,automatic,blue,200500,1997,gasoline,FALSE,gasoline,4,suv,FALSE,owned,all,FALSE,TRUE,FALSE,TRUE,TRUE,FALSE,TRUE,TRUE,TRUE,TRUE,44,4100
LADA,4x4,mechanical,blue,110000,2014,gasoline,FALSE,gasoline,1.7,suv,FALSE,owned,all,TRUE,FALSE,FALSE,FALSE,FALSE,FALSE,FALSE,FALSE,FALSE,FALSE,45,4850
Subaru,Legacy,automatic,violet,333134,1998,gasoline,FALSE,gasoline,2.5,sedan,FALSE,owned,all,FALSE,TRUE,FALSE,FALSE,TRUE,FALSE,FALSE,FALSE,FALSE,TRUE,33,1800
Opel,Vectra,mechanical,blue,214000,1996,gasoline,FALSE,gasoline,1.6,hatchback,FALSE,owned,front,FALSE,TRUE,FALSE,FALSE,FALSE,FALSE,FALSE,FALSE,FALSE,FALSE,28,2050
Subaru,Tribeca,automatic,other,250000,2007,gasoline,FALSE,gasoline,3,suv,FALSE,owned,all,FALSE,TRUE,FALSE,FALSE,TRUE,TRUE,FALSE,FALSE,TRUE,TRUE,204,7200
Mazda,323,mechanical,blue,311000,1995,gasoline,FALSE,gasoline,1.5,hatchback,FALSE,owned,front,FALSE,TRUE,FALSE,FALSE,FALSE,FALSE,FALSE,TRUE,TRUE,TRUE,21,1050
Toyota,Yaris,mechanical,black,71500,2009,gasoline,FALSE,gasoline,1,hatchback,FALSE,owned,front,FALSE,FALSE,FALSE,TRUE,FALSE,FALSE,FALSE,FALSE,FALSE,FALSE,92,4850
Opel,Zafira,mechanical,grey,214000,2004,gasoline,FALSE,gasoline,1.6,minivan,FALSE,owned,front,FALSE,TRUE,FALSE,FALSE,FALSE,FALSE,FALSE,FALSE,FALSE,TRUE,57,5264.16
Honda,Accord,mechanical,other,370000,2003,gasoline,FALSE,gasoline,2.4,sedan,FALSE,owned,front,FALSE,TRUE,FALSE,FALSE,FALSE,FALSE,FALSE,FALSE,TRUE,TRUE,292,5200
Fiat,Punto,mechanical,black,291000,2002,diesel,FALSE,diesel,1.9,hatchback,FALSE,owned,front,TRUE,FALSE,FALSE,FALSE,FALSE,FALSE,FALSE,FALSE,FALSE,FALSE,2,2800
Audi,A6,mechanical,silver,290000,2006,diesel,FALSE,diesel,2,universal,FALSE,owned,front,TRUE,FALSE,FALSE,FALSE,FALSE,FALSE,FALSE,FALSE,FALSE,FALSE,0,7950
Nissan,Tiida,mechanical,other,169000,2009,gasoline,FALSE,gasoline,1.6,hatchback,FALSE,owned,front,FALSE,TRUE,FALSE,FALSE,FALSE,FALSE,FALSE,TRUE,FALSE,TRUE,64,8803.6
Fiat,Brava,mechanical,violet,260000,1996,gasoline,FALSE,gasoline,1.6,hatchback,FALSE,owned,front,FALSE,FALSE,FALSE,FALSE,FALSE,FALSE,FALSE,FALSE,FALSE,TRUE,158,1500
Fiat,Marea,mechanical,silver,299000,1999,gasoline,FALSE,gasoline,2,universal,FALSE,owned,front,FALSE,TRUE,FALSE,FALSE,FALSE,FALSE,FALSE,FALSE,FALSE,FALSE,65,850
Audi,A6,automatic,silver,231000,2007,gasoline,FALSE,gasoline,2.4,sedan,FALSE,owned,front,FALSE,TRUE,TRUE,TRUE,TRUE,TRUE,TRUE,TRUE,TRUE,TRUE,40,7850
Audi,A6,automatic,black,286000,2008,diesel,FALSE,diesel,2,universal,FALSE,owned,front,FALSE,TRUE,TRUE,TRUE,FALSE,TRUE,TRUE,TRUE,TRUE,TRUE,81,10500
Peugeot,Partner Tepee,mechanical,grey,157000,2013,gasoline,FALSE,gasoline,1.6,minivan,FALSE,owned,front,FALSE,TRUE,FALSE,FALSE,FALSE,TRUE,FALSE,FALSE,TRUE,FALSE,81,8000
Volkswagen,Vento,mechanical,silver,34657,1994,gas,TRUE,gasoline,2,sedan,FALSE,owned,front,TRUE,FALSE,FALSE,FALSE,FALSE,FALSE,FALSE,FALSE,FALSE,FALSE,29,1500
Opel,Astra,mechanical,white,420000,2005,diesel,FALSE,diesel,1.9,universal,FALSE,owned,front,FALSE,TRUE,FALSE,FALSE,FALSE,FALSE,FALSE,FALSE,TRUE,FALSE,27,3500
Mercedes-Benz,E200,mechanical,grey,148700,2015,diesel,FALSE,diesel,2.2,universal,FALSE,owned,front,FALSE,TRUE,TRUE,TRUE,TRUE,TRUE,TRUE,TRUE,TRUE,TRUE,12,22750
Dodge,Grand Caravan,automatic,grey,308994,2004,gas,TRUE,gasoline,3.3,minivan,FALSE,owned,front,FALSE,TRUE,FALSE,FALSE,FALSE,FALSE,FALSE,FALSE,FALSE,FALSE,89,4500
BMW,520,mechanical,silver,290000,2000,gasoline,FALSE,gasoline,2.5,sedan,FALSE,owned,rear,FALSE,FALSE,TRUE,FALSE,TRUE,FALSE,FALSE,FALSE,FALSE,TRUE,83,4500
Kia,Sportage,automatic,orange,90000,2014,gasoline,FALSE,gasoline,2,suv,FALSE,owned,front,FALSE,FALSE,FALSE,FALSE,FALSE,FALSE,FALSE,TRUE,FALSE,TRUE,8,15300
Audi,80,mechanical,green,260000,1992,gasoline,FALSE,gasoline,2.3,sedan,FALSE,owned,front,FALSE,FALSE,FALSE,FALSE,FALSE,FALSE,FALSE,FALSE,FALSE,TRUE,81,2100
Ford,Focus,mechanical,silver,150000,1998,gasoline,FALSE,gasoline,2,hatchback,FALSE,owned,front,FALSE,TRUE,FALSE,FALSE,FALSE,FALSE,FALSE,FALSE,FALSE,TRUE,14,1900
Skoda,Octavia,mechanical,white,257352,2006,gasoline,FALSE,gasoline,1.6,hatchback,FALSE,owned,front,FALSE,FALSE,FALSE,FALSE,FALSE,FALSE,FALSE,FALSE,FALSE,TRUE,58,5500
Mitsubishi,Grandis,automatic,black,215000,2008,gasoline,FALSE,gasoline,2.4,minivan,FALSE,owned,front,FALSE,TRUE,FALSE,TRUE,FALSE,TRUE,FALSE,FALSE,TRUE,TRUE,90,8400
Honda,Accord,mechanical,other,259000,2003,gas,TRUE,gasoline,2.4,sedan,FALSE,owned,front,FALSE,TRUE,TRUE,TRUE,FALSE,TRUE,FALSE,FALSE,TRUE,TRUE,89,5000
BMW,528,mechanical,silver,450000,1998,gasoline,FALSE,gasoline,2.8,sedan,FALSE,owned,rear,FALSE,TRUE,FALSE,FALSE,FALSE,FALSE,FALSE,FALSE,FALSE,TRUE,53,3700
Mazda,323,mechanical,green,1111,1994,gasoline,FALSE,gasoline,1.6,coupe,FALSE,owned,front,TRUE,FALSE,FALSE,FALSE,FALSE,FALSE,FALSE,FALSE,FALSE,FALSE,12,600
Opel,Corsa,mechanical,white,170000,2009,diesel,FALSE,diesel,1.3,hatchback,FALSE,owned,front,FALSE,TRUE,FALSE,FALSE,FALSE,FALSE,FALSE,FALSE,FALSE,FALSE,67,5200
Ford,Galaxy,automatic,blue,130000,2008,gasoline,FALSE,gasoline,2.3,minivan,FALSE,owned,front,FALSE,TRUE,FALSE,FALSE,FALSE,TRUE,TRUE,TRUE,TRUE,FALSE,23,9900
Volkswagen,Passat,automatic,black,262000,2006,diesel,FALSE,diesel,2,universal,FALSE,owned,front,FALSE,TRUE,TRUE,TRUE,FALSE,TRUE,TRUE,TRUE,TRUE,FALSE,11,5500
Citroen,Xsara Picasso,mechanical,silver,220000,2004,gasoline,FALSE,gasoline,1.6,minivan,FALSE,owned,front,FALSE,TRUE,TRUE,FALSE,FALSE,FALSE,FALSE,FALSE,FALSE,TRUE,43,5300
ВАЗ,2107,mechanical,white,60700,1989,gasoline,FALSE,gasoline,1.5,sedan,FALSE,owned,front,TRUE,FALSE,FALSE,FALSE,FALSE,FALSE,FALSE,FALSE,FALSE,FALSE,49,600
Audi,A6,mechanical,other,470000,1999,diesel,FALSE,diesel,2.5,universal,FALSE,owned,front,FALSE,TRUE,TRUE,FALSE,FALSE,FALSE,FALSE,FALSE,TRUE,TRUE,71,5000
Ford,Transit,mechanical,white,400000,1997,diesel,FALSE,diesel,2.5,minibus,FALSE,owned,rear,TRUE,FALSE,FALSE,FALSE,FALSE,FALSE,FALSE,FALSE,FALSE,FALSE,197,2500
Mitsubishi,Outlander,mechanical,black,196984,2005,gasoline,FALSE,gasoline,2.4,suv,FALSE,owned,front,TRUE,FALSE,FALSE,FALSE,FALSE,FALSE,FALSE,FALSE,FALSE,FALSE,89,6150
Mazda,CX-7,automatic,other,170000,2007,gasoline,FALSE,gasoline,2.3,suv,FALSE,owned,all,FALSE,TRUE,TRUE,TRUE,TRUE,TRUE,FALSE,FALSE,TRUE,TRUE,209,9200
BMW,318,mechanical,silver,396000,1986,gasoline,FALSE,gasoline,1.8,coupe,FALSE,emergency,rear,FALSE,FALSE,FALSE,FALSE,FALSE,FALSE,FALSE,FALSE,FALSE,TRUE,89,1200
Nissan,Primera,mechanical,blue,250000,1996,gasoline,FALSE,gasoline,2,hatchback,FALSE,owned,front,FALSE,TRUE,FALSE,FALSE,FALSE,FALSE,FALSE,FALSE,FALSE,TRUE,80,1707.29
Citroen,Xantia,mechanical,black,280000,2000,gasoline,FALSE,gasoline,1.8,liftback,FALSE,owned,front,FALSE,TRUE,FALSE,FALSE,FALSE,FALSE,FALSE,TRUE,FALSE,FALSE,1,2200
Land Rover,Freelander,mechanical,black,66200,2007,diesel,FALSE,diesel,2.2,suv,FALSE,owned,all,FALSE,TRUE,FALSE,TRUE,FALSE,TRUE,FALSE,FALSE,TRUE,TRUE,1174,15200
Honda,Accord,mechanical,black,380000,1994,gasoline,FALSE,gasoline,2,sedan,FALSE,owned,front,FALSE,TRUE,TRUE,FALSE,FALSE,FALSE,FALSE,FALSE,TRUE,FALSE,12,2100
Jeep,Cherokee,automatic,black,180000,2004,gasoline,FALSE,gasoline,4.7,suv,FALSE,owned,all,FALSE,TRUE,FALSE,TRUE,TRUE,TRUE,FALSE,TRUE,TRUE,TRUE,222,3500
Ford,C-Max,mechanical,silver,243600,2010,diesel,FALSE,diesel,1.6,minivan,FALSE,owned,front,FALSE,TRUE,FALSE,FALSE,FALSE,TRUE,FALSE,TRUE,TRUE,FALSE,43,9400
Mitsubishi,Pajero,mechanical,green,270000,2005,diesel,FALSE,diesel,3.2,suv,FALSE,owned,all,FALSE,TRUE,FALSE,FALSE,FALSE,FALSE,FALSE,FALSE,TRUE,TRUE,35,8536.46
Ford,Orion,mechanical,blue,300000,1990,gasoline,FALSE,gasoline,1.5,sedan,FALSE,owned,front,TRUE,FALSE,FALSE,FALSE,FALSE,FALSE,FALSE,FALSE,FALSE,FALSE,18,400
Alfa Romeo,146,mechanical,black,260000,1997,gasoline,FALSE,gasoline,1.8,hatchback,FALSE,owned,front,FALSE,TRUE,FALSE,FALSE,FALSE,FALSE,FALSE,FALSE,FALSE,FALSE,62,850
Renault,Scenic,mechanical,silver,270000,2004,diesel,FALSE,diesel,1.9,minivan,FALSE,owned,front,FALSE,TRUE,FALSE,FALSE,TRUE,FALSE,FALSE,FALSE,FALSE,TRUE,64,3600
Mazda,MX-6,mechanical,black,367000,1993,gasoline,FALSE,gasoline,2,coupe,FALSE,owned,front,FALSE,FALSE,FALSE,FALSE,FALSE,FALSE,FALSE,FALSE,FALSE,TRUE,42,3200
BMW,320,mechanical,other,360000,1997,gasoline,FALSE,gasoline,2,sedan,FALSE,owned,rear,FALSE,TRUE,FALSE,FALSE,TRUE,TRUE,FALSE,FALSE,FALSE,TRUE,201,2500
Peugeot,205,mechanical,red,232155,1993,gasoline,FALSE,gasoline,1.4,hatchback,FALSE,owned,front,TRUE,FALSE,FALSE,FALSE,FALSE,FALSE,FALSE,FALSE,FALSE,FALSE,87,500
Skoda,Superb,mechanical,black,162000,2009,diesel,FALSE,diesel,2,sedan,FALSE,owned,front,FALSE,FALSE,TRUE,FALSE,FALSE,TRUE,FALSE,FALSE,FALSE,TRUE,182,9000
Kia,Rio,automatic,blue,180000,2001,gasoline,FALSE,gasoline,1.5,universal,FALSE,owned,front,FALSE,TRUE,FALSE,FALSE,FALSE,FALSE,FALSE,FALSE,FALSE,FALSE,90,1999
Opel,Corsa,mechanical,black,322969,2001,gasoline,FALSE,gasoline,1,hatchback,FALSE,owned,front,TRUE,FALSE,FALSE,FALSE,FALSE,FALSE,FALSE,FALSE,FALSE,FALSE,75,2600
Nissan,Murano,automatic,black,180000,2003,gasoline,FALSE,gasoline,3.5,suv,FALSE,owned,all,FALSE,TRUE,TRUE,TRUE,TRUE,TRUE,FALSE,FALSE,TRUE,TRUE,379,7800
УАЗ,Patriot,mechanical,black,78000,2013,gas,TRUE,gasoline,2.7,suv,FALSE,owned,all,FALSE,TRUE,FALSE,TRUE,FALSE,TRUE,TRUE,TRUE,FALSE,TRUE,89,8500
Subaru,Legacy,mechanical,green,450000,1996,gasoline,FALSE,gasoline,2,universal,FALSE,owned,all,FALSE,TRUE,FALSE,FALSE,FALSE,FALSE,FALSE,FALSE,TRUE,FALSE,3,1400
Nissan,Almera,mechanical,other,230000,2005,gasoline,FALSE,gasoline,1.8,sedan,FALSE,owned,front,FALSE,FALSE,FALSE,FALSE,FALSE,TRUE,FALSE,FALSE,FALSE,FALSE,23,2900
Volkswagen,Polo Sedan,mechanical,silver,173500,2014,gasoline,FALSE,gasoline,1.6,sedan,FALSE,owned,front,FALSE,TRUE,FALSE,FALSE,FALSE,TRUE,FALSE,FALSE,TRUE,FALSE,232,7999
Citroen,Xsara Picasso,mechanical,grey,350030,2000,gasoline,FALSE,gasoline,1.8,hatchback,FALSE,owned,front,FALSE,TRUE,FALSE,FALSE,FALSE,FALSE,FALSE,FALSE,FALSE,FALSE,243,3350
Citroen,C3,mechanical,white,129015,2012,gasoline,FALSE,gasoline,1.4,hatchback,FALSE,owned,front,FALSE,TRUE,FALSE,FALSE,FALSE,FALSE,FALSE,FALSE,FALSE,FALSE,34,5406.43
Renault,Laguna,mechanical,silver,210000,2010,diesel,FALSE,diesel,1.5,liftback,FALSE,owned,front,FALSE,FALSE,FALSE,TRUE,FALSE,FALSE,TRUE,TRUE,TRUE,TRUE,84,7100
Fiat,Bravo,mechanical,blue,287000,2011,gas,TRUE,gasoline,1.4,hatchback,FALSE,owned,front,FALSE,TRUE,FALSE,TRUE,FALSE,FALSE,TRUE,TRUE,TRUE,TRUE,224,7650
BMW,530,automatic,grey,300000,2004,gasoline,FALSE,gasoline,3,sedan,FALSE,owned,rear,FALSE,TRUE,FALSE,TRUE,TRUE,TRUE,FALSE,FALSE,TRUE,TRUE,13,8000
Toyota,Avensis,mechanical,other,329529,1998,diesel,FALSE,diesel,2,sedan,FALSE,owned,front,FALSE,TRUE,FALSE,FALSE,FALSE,FALSE,FALSE,FALSE,FALSE,FALSE,20,3400
Ford,Escape,mechanical,blue,290000,2002,gasoline,FALSE,gasoline,2,suv,FALSE,owned,all,FALSE,TRUE,FALSE,FALSE,FALSE,FALSE,FALSE,FALSE,TRUE,TRUE,5,4690
Volkswagen,Touareg,automatic,black,33000,2017,diesel,FALSE,diesel,3,suv,TRUE,owned,all,FALSE,FALSE,TRUE,TRUE,TRUE,TRUE,TRUE,TRUE,TRUE,TRUE,2,43999
Mercedes-Benz,GL450,automatic,other,322000,2007,gasoline,FALSE,gasoline,4.7,suv,FALSE,owned,all,FALSE,TRUE,TRUE,TRUE,TRUE,TRUE,TRUE,TRUE,TRUE,TRUE,60,10900
Citroen,C4 Grand Picasso,mechanical,black,100000,2007,diesel,FALSE,diesel,1.6,minivan,FALSE,owned,front,TRUE,FALSE,FALSE,FALSE,FALSE,FALSE,FALSE,FALSE,FALSE,FALSE,4,6950
SsangYong,Rexton,automatic,black,170000,2003,diesel,FALSE,diesel,2.9,suv,FALSE,owned,all,FALSE,TRUE,FALSE,TRUE,TRUE,TRUE,FALSE,TRUE,TRUE,TRUE,62,7500
Volkswagen,Passat,mechanical,red,280000,1992,gasoline,FALSE,gasoline,2,universal,FALSE,owned,front,TRUE,FALSE,FALSE,FALSE,FALSE,FALSE,FALSE,FALSE,FALSE,FALSE,46,1400
Honda,CR-V,automatic,black,226113,2002,gasoline,FALSE,gasoline,2.4,suv,FALSE,owned,front,FALSE,TRUE,FALSE,FALSE,FALSE,FALSE,FALSE,FALSE,TRUE,FALSE,30,6600
Renault,Megane,mechanical,silver,270000,1997,gasoline,FALSE,gasoline,1.6,hatchback,FALSE,owned,front,FALSE,FALSE,FALSE,FALSE,FALSE,FALSE,FALSE,FALSE,FALSE,TRUE,29,1500
Nissan,Bluebird,mechanical,grey,372650,1990,diesel,FALSE,diesel,2,liftback,FALSE,owned,front,TRUE,FALSE,FALSE,FALSE,FALSE,FALSE,FALSE,FALSE,FALSE,FALSE,5,800
Chrysler,PT Cruiser,automatic,red,150000,2001,gasoline,FALSE,gasoline,2.4,hatchback,FALSE,owned,front,FALSE,TRUE,FALSE,FALSE,TRUE,FALSE,FALSE,FALSE,TRUE,TRUE,64,2999
Hyundai,Accent,automatic,white,8965,2017,gasoline,FALSE,gasoline,1.6,sedan,FALSE,owned,front,FALSE,TRUE,FALSE,FALSE,FALSE,FALSE,FALSE,FALSE,TRUE,FALSE,103,11999
Nissan,Sunny,mechanical,grey,459350,1990,gas,TRUE,gasoline,1.6,universal,FALSE,owned,front,TRUE,FALSE,FALSE,FALSE,FALSE,FALSE,FALSE,FALSE,FALSE,FALSE,387,500
Fiat,Punto,mechanical,black,255425,1995,gasoline,FALSE,gasoline,1.1,sedan,FALSE,owned,front,TRUE,FALSE,FALSE,FALSE,FALSE,FALSE,FALSE,FALSE,FALSE,FALSE,32,655.6
Opel,Astra,mechanical,red,150000,2011,gasoline,FALSE,gasoline,1.4,hatchback,FALSE,owned,front,FALSE,TRUE,FALSE,TRUE,FALSE,TRUE,FALSE,TRUE,TRUE,TRUE,78,9000
Toyota,Echo,mechanical,silver,402336,2002,gasoline,FALSE,gasoline,1.5,sedan,FALSE,owned,front,FALSE,TRUE,FALSE,FALSE,FALSE,FALSE,FALSE,FALSE,FALSE,FALSE,87,3100
Volkswagen,Polo,mechanical,grey,120000,2008,gasoline,FALSE,gasoline,1.4,hatchback,FALSE,owned,front,FALSE,TRUE,FALSE,FALSE,FALSE,FALSE,FALSE,FALSE,FALSE,FALSE,71,4800
Ford,Galaxy,mechanical,red,455764,1996,gasoline,FALSE,gasoline,2,minivan,FALSE,owned,front,FALSE,TRUE,FALSE,TRUE,FALSE,FALSE,FALSE,FALSE,FALSE,TRUE,20,3250
Chery,A13,mechanical,red,89000,2014,gasoline,FALSE,gasoline,1.5,sedan,FALSE,owned,front,FALSE,TRUE,FALSE,FALSE,FALSE,TRUE,FALSE,FALSE,TRUE,FALSE,28,4000
Volkswagen,Passat,mechanical,red,288700,1993,gasoline,FALSE,gasoline,1.8,sedan,FALSE,owned,front,FALSE,FALSE,TRUE,FALSE,FALSE,FALSE,FALSE,FALSE,FALSE,FALSE,93,2999
Mercedes-Benz,S500,automatic,white,320000,2001,gas,TRUE,gasoline,5,sedan,FALSE,owned,rear,FALSE,TRUE,TRUE,TRUE,TRUE,TRUE,TRUE,TRUE,TRUE,TRUE,14,5000
Skoda,Roomster,mechanical,grey,195000,2010,gasoline,FALSE,gasoline,1.2,universal,FALSE,owned,front,FALSE,TRUE,FALSE,TRUE,FALSE,FALSE,FALSE,FALSE,TRUE,TRUE,111,5700
Opel,Astra,mechanical,blue,300000,1996,gasoline,FALSE,gasoline,1.4,universal,FALSE,owned,front,TRUE,FALSE,FALSE,FALSE,FALSE,FALSE,FALSE,FALSE,FALSE,FALSE,34,1263.86
Mercedes-Benz,Vito,mechanical,blue,450000,2004,diesel,FALSE,diesel,2.2,minivan,FALSE,owned,rear,FALSE,TRUE,FALSE,FALSE,FALSE,FALSE,FALSE,FALSE,TRUE,TRUE,89,9400
Chevrolet,Cruze,mechanical,white,177000,2011,gasoline,FALSE,gasoline,1.6,sedan,FALSE,owned,front,FALSE,TRUE,FALSE,FALSE,FALSE,TRUE,FALSE,FALSE,FALSE,TRUE,33,6500
Peugeot,607,mechanical,blue,444444,2001,diesel,FALSE,diesel,2.2,sedan,FALSE,owned,front,FALSE,TRUE,FALSE,FALSE,FALSE,FALSE,FALSE,TRUE,TRUE,TRUE,50,4500
УАЗ,3303,mechanical,green,56000,1991,gasoline,FALSE,gasoline,2.4,suv,FALSE,owned,rear,TRUE,FALSE,FALSE,FALSE,FALSE,FALSE,FALSE,FALSE,FALSE,FALSE,15,1280.47
Toyota,Tundra,automatic,silver,210000,2005,gasoline,FALSE,gasoline,4.7,pickup,FALSE,owned,all,FALSE,TRUE,FALSE,FALSE,FALSE,FALSE,FALSE,FALSE,FALSE,TRUE,84,13000
Hyundai,Sonata,mechanical,green,350000,1999,gasoline,FALSE,gasoline,2,sedan,FALSE,owned,front,FALSE,TRUE,FALSE,FALSE,FALSE,FALSE,FALSE,FALSE,FALSE,FALSE,10,1300
Citroen,C5,mechanical,silver,358000,2001,diesel,FALSE,diesel,2.2,hatchback,FALSE,owned,front,FALSE,TRUE,TRUE,TRUE,FALSE,FALSE,FALSE,FALSE,TRUE,TRUE,77,2900
Audi,80,mechanical,silver,340000,1990,gasoline,FALSE,gasoline,1.8,sedan,FALSE,owned,front,FALSE,FALSE,FALSE,FALSE,FALSE,FALSE,FALSE,FALSE,FALSE,TRUE,77,1500
Dacia,Logan,mechanical,grey,65000,2007,gasoline,FALSE,gasoline,1.4,sedan,FALSE,owned,front,TRUE,FALSE,FALSE,FALSE,FALSE,FALSE,FALSE,FALSE,FALSE,FALSE,74,3300
Audi,A8,automatic,black,255000,2007,gasoline,FALSE,gasoline,4.2,sedan,FALSE,owned,all,FALSE,TRUE,TRUE,TRUE,TRUE,TRUE,TRUE,TRUE,TRUE,TRUE,60,9900
Dacia,Logan,mechanical,grey,189500,2011,diesel,FALSE,diesel,1.5,universal,FALSE,owned,front,FALSE,TRUE,FALSE,TRUE,FALSE,FALSE,FALSE,FALSE,TRUE,TRUE,23,6500
Kia,Rio,mechanical,black,10300,2018,gasoline,FALSE,gasoline,1.6,sedan,FALSE,owned,front,FALSE,FALSE,FALSE,FALSE,FALSE,TRUE,FALSE,TRUE,FALSE,TRUE,7,12400
Opel,Astra,mechanical,other,112000,2011,gasoline,FALSE,gasoline,1.4,hatchback,FALSE,owned,front,FALSE,TRUE,FALSE,FALSE,FALSE,TRUE,FALSE,TRUE,TRUE,FALSE,57,8000
Renault,Dokker,mechanical,blue,257000,2013,gasoline,FALSE,gasoline,1.6,van,FALSE,owned,front,TRUE,FALSE,FALSE,FALSE,FALSE,FALSE,FALSE,FALSE,FALSE,FALSE,89,5300
ВАЗ,2106,mechanical,blue,70000,1991,gasoline,FALSE,gasoline,1.6,sedan,FALSE,owned,front,TRUE,FALSE,FALSE,FALSE,FALSE,FALSE,FALSE,FALSE,FALSE,FALSE,77,663.95
Volkswagen,Passat,mechanical,other,390000,1992,gasoline,FALSE,gasoline,1.8,universal,FALSE,owned,front,TRUE,FALSE,FALSE,FALSE,FALSE,FALSE,FALSE,FALSE,FALSE,FALSE,23,1350
Citroen,Evasion,mechanical,blue,253000,1999,gasoline,FALSE,gasoline,2,minivan,FALSE,owned,front,FALSE,TRUE,FALSE,FALSE,FALSE,FALSE,FALSE,FALSE,TRUE,TRUE,107,3500
Lancia,Lybra,mechanical,silver,412000,2001,diesel,FALSE,diesel,2.4,universal,FALSE,owned,front,FALSE,TRUE,FALSE,FALSE,FALSE,FALSE,TRUE,TRUE,FALSE,TRUE,90,1800
Peugeot,3008,automatic,brown,119000,2012,gasoline,FALSE,gasoline,1.6,suv,FALSE,owned,front,FALSE,FALSE,FALSE,TRUE,FALSE,TRUE,FALSE,FALSE,TRUE,TRUE,46,9999
Peugeot,406,mechanical,silver,307000,2000,diesel,FALSE,diesel,2,universal,FALSE,owned,front,TRUE,FALSE,FALSE,FALSE,FALSE,FALSE,FALSE,FALSE,FALSE,FALSE,67,3000
Audi,A4,automatic,brown,156000,2006,gasoline,FALSE,gasoline,2,sedan,FALSE,owned,front,FALSE,TRUE,FALSE,TRUE,TRUE,TRUE,FALSE,FALSE,TRUE,TRUE,74,10000
Peugeot,406,mechanical,blue,262000,2003,gasoline,FALSE,gasoline,1.8,sedan,FALSE,owned,front,FALSE,FALSE,FALSE,FALSE,FALSE,FALSE,FALSE,FALSE,FALSE,TRUE,9,3000
Volkswagen,T4,mechanical,white,500000,1997,diesel,FALSE,diesel,2.5,van,FALSE,owned,front,TRUE,FALSE,FALSE,FALSE,FALSE,FALSE,FALSE,FALSE,FALSE,FALSE,101,5500
Citroen,C4,mechanical,silver,200000,2006,gasoline,FALSE,gasoline,1.6,hatchback,FALSE,owned,front,FALSE,TRUE,FALSE,FALSE,TRUE,TRUE,FALSE,FALSE,TRUE,TRUE,12,4300
Renault,Kangoo,mechanical,green,180000,2004,gasoline,FALSE,gasoline,1.4,minivan,FALSE,owned,front,FALSE,TRUE,FALSE,FALSE,FALSE,FALSE,FALSE,FALSE,TRUE,FALSE,1,3700
Mazda,6,mechanical,silver,285000,2004,gasoline,FALSE,gasoline,2,hatchback,FALSE,owned,front,FALSE,TRUE,TRUE,TRUE,TRUE,TRUE,FALSE,FALSE,TRUE,TRUE,239,4100
Kia,Cee'd,automatic,silver,171000,2007,gasoline,FALSE,gasoline,1.6,hatchback,FALSE,owned,front,FALSE,TRUE,FALSE,TRUE,FALSE,FALSE,FALSE,FALSE,FALSE,FALSE,63,5500
Volvo,S80,mechanical,black,196000,2011,gasoline,FALSE,gasoline,2,sedan,FALSE,owned,front,FALSE,TRUE,FALSE,FALSE,FALSE,TRUE,FALSE,TRUE,TRUE,TRUE,33,10950
Volkswagen,Touran,mechanical,silver,235500,2012,diesel,FALSE,diesel,1.6,minivan,FALSE,owned,front,FALSE,TRUE,FALSE,FALSE,FALSE,FALSE,FALSE,FALSE,TRUE,FALSE,150,9959.2
Peugeot,407,mechanical,silver,237500,2007,gasoline,FALSE,gasoline,2,sedan,FALSE,owned,front,FALSE,TRUE,FALSE,FALSE,FALSE,TRUE,FALSE,FALSE,TRUE,TRUE,138,5400
Peugeot,206,mechanical,silver,288730,1999,gasoline,FALSE,gasoline,2,hatchback,FALSE,owned,front,FALSE,TRUE,FALSE,FALSE,TRUE,FALSE,FALSE,FALSE,TRUE,TRUE,62,2500
Daewoo,Matiz,mechanical,other,65000,2009,gasoline,FALSE,gasoline,0.8,hatchback,FALSE,owned,front,TRUE,FALSE,FALSE,FALSE,FALSE,FALSE,FALSE,FALSE,FALSE,FALSE,108,2000
Volkswagen,Golf,mechanical,grey,128000,2013,gasoline,FALSE,gasoline,1.4,hatchback,FALSE,owned,front,FALSE,FALSE,FALSE,TRUE,FALSE,TRUE,FALSE,TRUE,TRUE,TRUE,74,11400
Audi,A8,automatic,grey,336000,1998,diesel,FALSE,diesel,2.5,sedan,FALSE,owned,front,FALSE,TRUE,FALSE,FALSE,TRUE,FALSE,FALSE,FALSE,TRUE,TRUE,58,4300
Jeep,Grand Cherokee,automatic,black,315431,1994,gasoline,FALSE,gasoline,5.2,suv,FALSE,owned,all,FALSE,TRUE,FALSE,FALSE,TRUE,FALSE,FALSE,FALSE,FALSE,TRUE,110,3509.44
УАЗ,Hunter,mechanical,green,200000,2003,gasoline,FALSE,gasoline,2.7,suv,FALSE,owned,all,TRUE,FALSE,FALSE,FALSE,FALSE,FALSE,FALSE,FALSE,FALSE,FALSE,13,700
Ford,Orion,mechanical,blue,250000,1992,gasoline,FALSE,gasoline,1.6,sedan,FALSE,owned,front,TRUE,FALSE,FALSE,FALSE,FALSE,FALSE,FALSE,FALSE,FALSE,FALSE,7,500
Ford,Transit,mechanical,white,502500,1988,diesel,FALSE,diesel,2.5,van,FALSE,owned,rear,TRUE,FALSE,FALSE,FALSE,FALSE,FALSE,FALSE,FALSE,FALSE,FALSE,90,1600
Volkswagen,Golf,mechanical,silver,205000,2009,gasoline,FALSE,gasoline,1.4,universal,FALSE,owned,front,FALSE,TRUE,TRUE,FALSE,TRUE,TRUE,TRUE,TRUE,TRUE,TRUE,461,7300
Audi,A6,automatic,grey,357000,2006,gasoline,FALSE,gasoline,3.2,sedan,FALSE,owned,all,FALSE,TRUE,TRUE,TRUE,TRUE,TRUE,TRUE,TRUE,TRUE,TRUE,31,6900
BMW,X5,automatic,black,268000,2007,diesel,FALSE,diesel,3,suv,FALSE,owned,all,FALSE,TRUE,TRUE,TRUE,TRUE,FALSE,FALSE,TRUE,TRUE,TRUE,38,15000
ЗАЗ,968м,mechanical,red,76000,1989,gasoline,FALSE,gasoline,0.9,coupe,FALSE,emergency,rear,TRUE,FALSE,FALSE,FALSE,FALSE,FALSE,FALSE,FALSE,FALSE,FALSE,59,550
Alfa Romeo,156,mechanical,blue,258000,2000,gasoline,FALSE,gasoline,1.8,universal,FALSE,owned,front,FALSE,TRUE,FALSE,FALSE,FALSE,FALSE,FALSE,FALSE,FALSE,TRUE,58,2200
BMW,X6,automatic,black,163782,2010,gasoline,FALSE,gasoline,4.4,suv,FALSE,owned,all,TRUE,FALSE,FALSE,FALSE,FALSE,FALSE,FALSE,FALSE,FALSE,FALSE,124,23200
Mazda,323,mechanical,silver,185000,2003,gasoline,FALSE,gasoline,2,sedan,FALSE,owned,front,FALSE,TRUE,FALSE,FALSE,FALSE,FALSE,FALSE,FALSE,FALSE,TRUE,21,1990
Renault,Duster,mechanical,brown,88000,2016,diesel,FALSE,diesel,1.5,suv,FALSE,owned,all,FALSE,TRUE,TRUE,TRUE,TRUE,TRUE,TRUE,TRUE,TRUE,TRUE,49,12933
Renault,Laguna,mechanical,grey,237339,2001,gasoline,FALSE,gasoline,2,universal,FALSE,owned,front,TRUE,FALSE,FALSE,FALSE,FALSE,FALSE,FALSE,FALSE,FALSE,FALSE,19,3074.6
Volkswagen,Touran,automatic,white,257000,2016,diesel,FALSE,diesel,2,minivan,FALSE,owned,front,FALSE,FALSE,FALSE,FALSE,TRUE,TRUE,TRUE,TRUE,TRUE,FALSE,10,11600
Mercedes-Benz,E230,mechanical,red,345000,1986,gasoline,FALSE,gasoline,2.3,sedan,FALSE,owned,rear,FALSE,FALSE,FALSE,FALSE,FALSE,FALSE,FALSE,FALSE,FALSE,TRUE,94,2200
Ford,Transit,mechanical,white,477000,2011,diesel,FALSE,diesel,2.4,van,FALSE,owned,rear,FALSE,TRUE,FALSE,FALSE,FALSE,FALSE,FALSE,FALSE,FALSE,FALSE,49,4500
Skoda,Rapid,mechanical,silver,0,2019,gasoline,FALSE,gasoline,1.6,sedan,TRUE,new,front,TRUE,FALSE,FALSE,FALSE,FALSE,FALSE,FALSE,FALSE,FALSE,FALSE,2,14746.28
Peugeot,3008,automatic,grey,86000,2013,gasoline,FALSE,gasoline,1.6,suv,FALSE,owned,front,FALSE,TRUE,FALSE,TRUE,FALSE,TRUE,FALSE,TRUE,TRUE,TRUE,36,10250
Ford,Galaxy,mechanical,yellow,250000,2013,diesel,FALSE,diesel,2,minivan,FALSE,owned,front,TRUE,FALSE,FALSE,FALSE,FALSE,FALSE,FALSE,FALSE,FALSE,FALSE,4,7300
Ford,Escort,mechanical,other,350000,1994,gasoline,FALSE,gasoline,1.4,hatchback,FALSE,emergency,front,TRUE,FALSE,FALSE,FALSE,FALSE,FALSE,FALSE,FALSE,FALSE,FALSE,16,150
Mazda,Premacy,mechanical,silver,250000,1999,gasoline,FALSE,gasoline,1.8,minivan,FALSE,owned,front,FALSE,TRUE,FALSE,FALSE,FALSE,FALSE,FALSE,FALSE,TRUE,FALSE,11,3250
Renault,Laguna,automatic,other,340000,1998,gasoline,FALSE,gasoline,2,hatchback,FALSE,owned,front,FALSE,TRUE,FALSE,FALSE,TRUE,TRUE,FALSE,FALSE,TRUE,TRUE,154,2400
Honda,Civic,mechanical,blue,364000,1998,gasoline,FALSE,gasoline,1.4,hatchback,FALSE,owned,front,FALSE,TRUE,FALSE,FALSE,FALSE,FALSE,FALSE,FALSE,FALSE,FALSE,90,3350
Volkswagen,Passat,mechanical,other,380000,1991,gasoline,FALSE,gasoline,1.8,sedan,FALSE,owned,front,FALSE,FALSE,FALSE,FALSE,FALSE,FALSE,FALSE,FALSE,FALSE,TRUE,183,2650
Renault,Laguna,mechanical,grey,130000,1996,gasoline,FALSE,gasoline,2,hatchback,FALSE,owned,front,FALSE,FALSE,FALSE,FALSE,FALSE,FALSE,FALSE,FALSE,TRUE,TRUE,11,1850
Audi,A6,mechanical,black,245000,2005,diesel,FALSE,diesel,2.7,universal,FALSE,owned,front,FALSE,TRUE,TRUE,TRUE,FALSE,FALSE,TRUE,TRUE,TRUE,TRUE,17,8900
Citroen,Xantia,mechanical,blue,360000,1996,gas,TRUE,gasoline,1.6,hatchback,FALSE,emergency,front,TRUE,FALSE,FALSE,FALSE,FALSE,FALSE,FALSE,FALSE,FALSE,FALSE,25,500
Dodge,Caravan,automatic,green,360000,2000,gasoline,FALSE,gasoline,2.4,minivan,FALSE,owned,front,TRUE,FALSE,FALSE,FALSE,FALSE,FALSE,FALSE,FALSE,FALSE,FALSE,43,2500
Mercedes-Benz,C230,mechanical,blue,217000,2003,gasoline,FALSE,gasoline,1.8,coupe,FALSE,owned,rear,FALSE,TRUE,FALSE,FALSE,FALSE,FALSE,FALSE,FALSE,FALSE,TRUE,58,7300
Hyundai,Terracan,mechanical,silver,260000,2005,diesel,FALSE,diesel,2.9,suv,FALSE,owned,all,FALSE,TRUE,FALSE,FALSE,TRUE,FALSE,FALSE,FALSE,FALSE,TRUE,69,9000
Mazda,6,automatic,grey,102000,2015,gasoline,FALSE,gasoline,2.5,sedan,FALSE,owned,front,TRUE,FALSE,FALSE,FALSE,FALSE,FALSE,FALSE,FALSE,FALSE,FALSE,24,20550
Mazda,323,automatic,blue,450000,1994,gasoline,FALSE,gasoline,1.6,hatchback,FALSE,owned,front,FALSE,FALSE,FALSE,TRUE,FALSE,FALSE,FALSE,FALSE,FALSE,TRUE,12,550
Toyota,Verso,mechanical,black,145000,2009,gasoline,FALSE,gasoline,1.6,minivan,FALSE,owned,front,FALSE,TRUE,TRUE,TRUE,FALSE,TRUE,FALSE,FALSE,TRUE,TRUE,60,9500
Skoda,Octavia,mechanical,silver,230,2015,gas,TRUE,gasoline,1.4,universal,FALSE,owned,front,FALSE,TRUE,FALSE,TRUE,FALSE,FALSE,TRUE,TRUE,TRUE,TRUE,9,13700
Mazda,323,mechanical,grey,326,1997,gasoline,FALSE,gasoline,1.5,hatchback,FALSE,owned,front,FALSE,FALSE,FALSE,FALSE,FALSE,FALSE,FALSE,FALSE,FALSE,TRUE,2,850
Audi,80,mechanical,blue,249000,1991,gasoline,FALSE,gasoline,1.8,sedan,FALSE,owned,front,FALSE,FALSE,FALSE,FALSE,FALSE,FALSE,FALSE,FALSE,FALSE,TRUE,21,735.08
ВАЗ,2105,mechanical,grey,300000,1996,gasoline,FALSE,gasoline,1.5,sedan,FALSE,owned,rear,TRUE,FALSE,FALSE,FALSE,FALSE,FALSE,FALSE,FALSE,FALSE,FALSE,201,600
Mitsubishi,ASX,mechanical,grey,119000,2013,gasoline,FALSE,gasoline,1.6,suv,FALSE,owned,front,FALSE,TRUE,FALSE,FALSE,FALSE,TRUE,FALSE,FALSE,FALSE,FALSE,25,10600
Mazda,626,mechanical,grey,222000,1991,gasoline,FALSE,gasoline,2,universal,FALSE,owned,front,FALSE,FALSE,FALSE,FALSE,FALSE,FALSE,FALSE,FALSE,FALSE,TRUE,0,142.27
Geely,EC7,mechanical,silver,95000,2012,gasoline,FALSE,gasoline,1.8,sedan,FALSE,owned,front,FALSE,FALSE,FALSE,FALSE,FALSE,TRUE,TRUE,TRUE,TRUE,FALSE,154,3600
Citroen,C-ELYSÉE,mechanical,silver,92000,2015,gasoline,FALSE,gasoline,1.2,sedan,FALSE,owned,front,FALSE,TRUE,FALSE,FALSE,FALSE,FALSE,FALSE,FALSE,FALSE,FALSE,84,6499
Subaru,Impreza,mechanical,red,363500,1994,gasoline,FALSE,gasoline,2,universal,FALSE,owned,front,FALSE,FALSE,FALSE,FALSE,FALSE,FALSE,FALSE,FALSE,FALSE,TRUE,370,1400
Renault,Scenic,mechanical,silver,230000,2009,diesel,FALSE,diesel,1.5,minivan,FALSE,owned,front,FALSE,TRUE,FALSE,TRUE,FALSE,FALSE,TRUE,TRUE,FALSE,TRUE,59,5928.1
Toyota,Avensis,mechanical,silver,87000,2009,gasoline,FALSE,gasoline,1.8,sedan,FALSE,owned,front,FALSE,TRUE,FALSE,FALSE,FALSE,TRUE,FALSE,FALSE,TRUE,TRUE,1,13300
Opel,Astra,automatic,grey,104000,2008,gasoline,FALSE,gasoline,1.6,hatchback,FALSE,owned,front,FALSE,TRUE,TRUE,FALSE,FALSE,TRUE,FALSE,FALSE,FALSE,TRUE,465,6000
ВАЗ,2107,mechanical,silver,25810,2010,gasoline,FALSE,gasoline,1.6,sedan,FALSE,owned,rear,TRUE,FALSE,FALSE,FALSE,FALSE,FALSE,FALSE,FALSE,FALSE,FALSE,4,3700
LADA,Largus,mechanical,black,30500,2017,gasoline,FALSE,gasoline,1.6,universal,TRUE,owned,front,FALSE,TRUE,FALSE,TRUE,FALSE,TRUE,FALSE,TRUE,FALSE,FALSE,6,8900
Skoda,Kodiaq,automatic,other,0,2019,gasoline,FALSE,gasoline,2,suv,TRUE,new,all,TRUE,FALSE,FALSE,FALSE,FALSE,FALSE,FALSE,FALSE,FALSE,FALSE,25,39272.5
Great Wall,H3,mechanical,grey,136000,2007,gasoline,FALSE,gasoline,2.4,suv,FALSE,owned,all,FALSE,TRUE,FALSE,TRUE,FALSE,FALSE,FALSE,FALSE,FALSE,TRUE,106,5400
Volkswagen,Passat,mechanical,red,300000,1989,gasoline,FALSE,gasoline,1.8,sedan,FALSE,owned,front,TRUE,FALSE,FALSE,FALSE,FALSE,FALSE,FALSE,FALSE,FALSE,FALSE,10,1000
Renault,Megane,mechanical,black,273007,2010,diesel,FALSE,diesel,1.5,universal,FALSE,owned,front,FALSE,TRUE,FALSE,TRUE,FALSE,FALSE,FALSE,TRUE,TRUE,TRUE,103,8700
Volvo,XC60,automatic,white,104000,2013,gasoline,FALSE,gasoline,2,suv,FALSE,owned,front,TRUE,FALSE,FALSE,FALSE,FALSE,FALSE,FALSE,FALSE,FALSE,FALSE,1,20550
Peugeot,406,mechanical,other,267000,2000,gasoline,FALSE,gasoline,2,sedan,FALSE,owned,front,FALSE,TRUE,FALSE,FALSE,FALSE,FALSE,FALSE,TRUE,FALSE,TRUE,15,3550
Ford,Escort,mechanical,red,12595,1992,gasoline,FALSE,gasoline,1.1,hatchback,FALSE,owned,front,TRUE,FALSE,FALSE,FALSE,FALSE,FALSE,FALSE,FALSE,FALSE,FALSE,15,850
Alfa Romeo,147,mechanical,black,183000,2008,gasoline,FALSE,gasoline,1.6,hatchback,FALSE,owned,front,FALSE,TRUE,FALSE,FALSE,FALSE,FALSE,FALSE,FALSE,FALSE,TRUE,6,5850
Volkswagen,Golf,mechanical,red,350000,1996,diesel,FALSE,diesel,1.6,hatchback,FALSE,owned,front,TRUE,FALSE,FALSE,FALSE,FALSE,FALSE,FALSE,FALSE,FALSE,FALSE,64,2100
Toyota,Aygo,mechanical,black,190000,2009,gasoline,FALSE,gasoline,1,hatchback,FALSE,owned,front,FALSE,FALSE,FALSE,FALSE,FALSE,FALSE,TRUE,TRUE,TRUE,FALSE,203,5000
Suzuki,Grand Vitara,automatic,silver,120000,2008,gasoline,FALSE,gasoline,2,suv,FALSE,owned,all,FALSE,TRUE,TRUE,TRUE,TRUE,TRUE,FALSE,FALSE,TRUE,TRUE,60,9900
Renault,Scenic,mechanical,blue,1000,1997,gasoline,FALSE,gasoline,1.6,minivan,FALSE,owned,front,FALSE,TRUE,FALSE,FALSE,FALSE,FALSE,FALSE,FALSE,FALSE,FALSE,304,2450
Peugeot,308,mechanical,grey,160000,2008,gasoline,FALSE,gasoline,1.6,hatchback,FALSE,owned,front,FALSE,TRUE,FALSE,FALSE,FALSE,TRUE,FALSE,FALSE,FALSE,FALSE,106,4750
Audi,100,mechanical,silver,410000,1989,gasoline,FALSE,gasoline,2,sedan,FALSE,owned,front,TRUE,FALSE,FALSE,FALSE,FALSE,FALSE,FALSE,FALSE,FALSE,FALSE,9,999
BMW,318,automatic,white,445000,1999,gasoline,FALSE,gasoline,1.9,sedan,FALSE,owned,rear,FALSE,FALSE,FALSE,FALSE,FALSE,FALSE,FALSE,TRUE,TRUE,TRUE,64,5500
BMW,X5,automatic,white,167000,2015,diesel,FALSE,diesel,3,suv,FALSE,owned,all,FALSE,TRUE,TRUE,TRUE,TRUE,TRUE,TRUE,TRUE,TRUE,TRUE,46,41500
Ford,Focus,mechanical,silver,408000,1999,diesel,FALSE,diesel,1.8,universal,FALSE,owned,front,FALSE,TRUE,FALSE,FALSE,FALSE,FALSE,FALSE,FALSE,FALSE,TRUE,60,2500
Mercedes-Benz,ML350,automatic,black,280000,2008,gasoline,FALSE,gasoline,3.5,suv,FALSE,owned,all,FALSE,TRUE,FALSE,FALSE,FALSE,TRUE,TRUE,TRUE,TRUE,TRUE,14,12600
Audi,A4,mechanical,silver,158100,2008,gasoline,FALSE,gasoline,1.8,sedan,FALSE,owned,front,FALSE,TRUE,TRUE,TRUE,FALSE,FALSE,TRUE,TRUE,TRUE,TRUE,67,10200
Ford,Transit,mechanical,white,358965,1996,diesel,FALSE,diesel,2.5,minibus,FALSE,owned,rear,TRUE,FALSE,FALSE,FALSE,FALSE,FALSE,FALSE,FALSE,FALSE,FALSE,75,3000
Mitsubishi,Lancer,mechanical,other,213000,2006,gasoline,FALSE,gasoline,1.3,sedan,FALSE,owned,front,FALSE,TRUE,FALSE,FALSE,FALSE,FALSE,FALSE,FALSE,FALSE,FALSE,76,3000
Lifan,620,mechanical,black,60000,2014,gasoline,FALSE,gasoline,1.8,sedan,FALSE,owned,front,FALSE,TRUE,TRUE,TRUE,TRUE,FALSE,FALSE,FALSE,FALSE,TRUE,23,2000
Audi,A4,mechanical,black,212000,2009,diesel,FALSE,diesel,2,universal,FALSE,owned,front,FALSE,FALSE,TRUE,TRUE,TRUE,TRUE,TRUE,TRUE,TRUE,TRUE,57,13450
BMW,316,mechanical,green,436000,1988,gasoline,FALSE,gasoline,1.6,sedan,FALSE,owned,rear,FALSE,FALSE,FALSE,FALSE,TRUE,FALSE,FALSE,FALSE,FALSE,TRUE,44,2500
Opel,Vectra,mechanical,grey,314000,2004,gasoline,FALSE,gasoline,1.8,sedan,FALSE,owned,front,FALSE,TRUE,TRUE,FALSE,TRUE,TRUE,TRUE,FALSE,TRUE,TRUE,19,5400
Renault,Logan,mechanical,white,127000,2016,gasoline,FALSE,gasoline,1.6,sedan,FALSE,owned,front,TRUE,FALSE,FALSE,FALSE,FALSE,FALSE,FALSE,FALSE,FALSE,FALSE,50,5250
Peugeot,5008,mechanical,silver,218000,2011,diesel,FALSE,diesel,1.6,universal,FALSE,owned,front,FALSE,TRUE,FALSE,TRUE,FALSE,FALSE,TRUE,TRUE,TRUE,TRUE,66,11450
BMW,750,automatic,black,30000,1998,gasoline,FALSE,gasoline,5.4,sedan,FALSE,owned,rear,TRUE,FALSE,FALSE,FALSE,FALSE,FALSE,FALSE,FALSE,FALSE,FALSE,1,7500
Honda,Civic,automatic,silver,184000,2009,hybrid-petrol,FALSE,gasoline,1.3,sedan,FALSE,owned,front,FALSE,TRUE,TRUE,TRUE,TRUE,TRUE,TRUE,TRUE,TRUE,TRUE,64,6560
Hyundai,Getz,mechanical,blue,154000,2007,gasoline,FALSE,gasoline,1.4,hatchback,FALSE,owned,front,FALSE,FALSE,FALSE,FALSE,FALSE,FALSE,FALSE,FALSE,FALSE,TRUE,67,4400
Ford,Transit,mechanical,white,234720,1994,diesel,FALSE,diesel,2.5,minibus,FALSE,owned,front,TRUE,FALSE,FALSE,FALSE,FALSE,FALSE,FALSE,FALSE,FALSE,FALSE,17,1000
Opel,Sintra,mechanical,red,200000,1996,gas,TRUE,gasoline,2.2,minivan,FALSE,owned,front,FALSE,TRUE,FALSE,FALSE,FALSE,FALSE,FALSE,FALSE,FALSE,FALSE,160,1700
Peugeot,3008,automatic,black,87000,2012,gasoline,FALSE,gasoline,1.6,suv,FALSE,owned,front,FALSE,TRUE,TRUE,TRUE,FALSE,TRUE,FALSE,TRUE,TRUE,TRUE,103,10850
Volkswagen,Crafter,mechanical,white,300000,2008,diesel,FALSE,diesel,2.5,minibus,FALSE,owned,rear,TRUE,FALSE,FALSE,FALSE,FALSE,FALSE,FALSE,FALSE,FALSE,FALSE,1284,21999
Skoda,Rapid,mechanical,black,0,2019,gasoline,FALSE,gasoline,1.6,sedan,TRUE,new,front,TRUE,FALSE,FALSE,FALSE,FALSE,FALSE,FALSE,FALSE,FALSE,FALSE,26,14746.28
Lincoln,Navigator,automatic,silver,225000,2006,gasoline,FALSE,gasoline,5.4,suv,FALSE,owned,all,FALSE,FALSE,TRUE,TRUE,TRUE,TRUE,TRUE,TRUE,TRUE,TRUE,87,10000
Mercedes-Benz,S430,automatic,other,450000,1999,gasoline,FALSE,gasoline,4.3,sedan,FALSE,owned,rear,FALSE,TRUE,TRUE,FALSE,TRUE,TRUE,TRUE,TRUE,TRUE,TRUE,57,3300
Infiniti,QX,automatic,black,195000,2011,gasoline,FALSE,gasoline,5.6,suv,FALSE,owned,all,FALSE,TRUE,TRUE,TRUE,TRUE,TRUE,TRUE,TRUE,TRUE,TRUE,57,19700
Ford,Mondeo,mechanical,blue,226000,2000,gasoline,FALSE,gasoline,1.6,universal,FALSE,owned,front,FALSE,TRUE,FALSE,TRUE,FALSE,FALSE,FALSE,FALSE,FALSE,TRUE,167,2999
BMW,X5,automatic,black,166000,2011,diesel,FALSE,diesel,3,suv,FALSE,owned,all,FALSE,TRUE,TRUE,TRUE,TRUE,TRUE,TRUE,FALSE,TRUE,TRUE,9,23900
Honda,Accord,automatic,white,135000,2013,gasoline,FALSE,gasoline,2.4,sedan,FALSE,owned,front,FALSE,TRUE,TRUE,TRUE,FALSE,TRUE,TRUE,TRUE,TRUE,TRUE,22,16900
Ford,Mondeo,mechanical,silver,300000,2004,gasoline,FALSE,gasoline,2.5,universal,FALSE,owned,front,FALSE,TRUE,TRUE,TRUE,FALSE,TRUE,FALSE,FALSE,FALSE,TRUE,8,5200
Mitsubishi,Lancer,mechanical,red,231700,1992,gasoline,FALSE,gasoline,1.8,hatchback,FALSE,owned,front,FALSE,TRUE,FALSE,FALSE,FALSE,FALSE,FALSE,FALSE,FALSE,TRUE,45,1000
Seat,Cordoba,mechanical,blue,240000,2000,gasoline,FALSE,gasoline,1.6,sedan,FALSE,owned,front,TRUE,FALSE,FALSE,FALSE,FALSE,FALSE,FALSE,FALSE,FALSE,FALSE,29,2050
Citroen,C5,mechanical,black,250000,2003,gasoline,FALSE,gasoline,2,liftback,FALSE,owned,front,TRUE,FALSE,FALSE,FALSE,FALSE,FALSE,FALSE,FALSE,FALSE,FALSE,4,2000
Volkswagen,Golf,mechanical,silver,160000,2009,gasoline,FALSE,gasoline,1.4,universal,FALSE,owned,front,FALSE,TRUE,FALSE,TRUE,FALSE,FALSE,FALSE,FALSE,TRUE,FALSE,76,8300
Rover,200-Series,mechanical,silver,219000,1999,diesel,FALSE,diesel,2,hatchback,FALSE,owned,front,TRUE,FALSE,FALSE,FALSE,FALSE,FALSE,FALSE,FALSE,FALSE,FALSE,192,1900
Honda,Accord,automatic,black,177680,2002,gasoline,FALSE,gasoline,2.3,sedan,FALSE,owned,front,FALSE,TRUE,FALSE,TRUE,FALSE,FALSE,FALSE,FALSE,FALSE,TRUE,22,4000
Toyota,Avensis,mechanical,silver,217000,2009,gasoline,FALSE,gasoline,1.6,sedan,FALSE,owned,front,FALSE,TRUE,FALSE,FALSE,FALSE,FALSE,FALSE,FALSE,FALSE,FALSE,89,10200
Toyota,Highlander,automatic,black,365000,2012,gasoline,FALSE,gasoline,3.5,suv,FALSE,owned,all,FALSE,TRUE,TRUE,TRUE,TRUE,TRUE,TRUE,TRUE,TRUE,TRUE,103,18100
Mercedes-Benz,S400,automatic,silver,460000,2003,diesel,FALSE,diesel,4,sedan,FALSE,owned,rear,FALSE,TRUE,TRUE,TRUE,TRUE,TRUE,TRUE,FALSE,TRUE,TRUE,37,6500
Skoda,Rapid,automatic,red,0,2019,gasoline,FALSE,gasoline,1.4,sedan,TRUE,new,front,TRUE,FALSE,FALSE,FALSE,FALSE,FALSE,FALSE,FALSE,FALSE,FALSE,2,18389.45
Opel,Vectra,mechanical,blue,350000,2002,diesel,FALSE,diesel,2.2,hatchback,FALSE,owned,front,FALSE,TRUE,FALSE,FALSE,TRUE,FALSE,TRUE,FALSE,TRUE,TRUE,46,4300
Volkswagen,Jetta,automatic,other,175000,2000,gasoline,FALSE,gasoline,2,sedan,FALSE,owned,front,FALSE,TRUE,FALSE,TRUE,TRUE,FALSE,FALSE,FALSE,TRUE,TRUE,22,3500
Citroen,C-ELYSÉE,mechanical,white,150000,2014,gasoline,FALSE,gasoline,1.2,sedan,FALSE,owned,front,FALSE,TRUE,FALSE,FALSE,FALSE,FALSE,FALSE,FALSE,FALSE,FALSE,8,5900
Volvo,XC90,automatic,blue,187000,2008,gasoline,FALSE,gasoline,2.5,suv,FALSE,owned,all,FALSE,TRUE,FALSE,TRUE,TRUE,TRUE,FALSE,FALSE,FALSE,FALSE,131,11700
Nissan,Qashqai,mechanical,black,191000,2009,diesel,FALSE,diesel,1.5,suv,FALSE,owned,front,FALSE,FALSE,TRUE,FALSE,TRUE,FALSE,TRUE,TRUE,TRUE,TRUE,2,8750
Peugeot,309,mechanical,black,290000,1993,gasoline,FALSE,gasoline,1.6,hatchback,FALSE,owned,front,TRUE,FALSE,FALSE,FALSE,FALSE,FALSE,FALSE,FALSE,FALSE,FALSE,71,1100
Audi,A6,mechanical,blue,310000,1999,gas,TRUE,gasoline,1.8,sedan,FALSE,owned,front,FALSE,TRUE,TRUE,TRUE,TRUE,TRUE,TRUE,TRUE,TRUE,TRUE,200,5500
Chrysler,Sebring,automatic,white,202777,2003,gasoline,FALSE,gasoline,2.4,coupe,FALSE,owned,front,FALSE,TRUE,FALSE,FALSE,FALSE,FALSE,FALSE,FALSE,FALSE,TRUE,31,3700
Hyundai,Sonata,automatic,other,205678,2006,diesel,FALSE,diesel,2,sedan,FALSE,owned,front,FALSE,TRUE,FALSE,FALSE,FALSE,TRUE,FALSE,FALSE,FALSE,TRUE,131,6250
ГАЗ,2410,mechanical,white,87000,1987,gasoline,FALSE,gasoline,2.4,sedan,FALSE,owned,rear,TRUE,FALSE,FALSE,FALSE,FALSE,FALSE,FALSE,FALSE,FALSE,FALSE,84,1300
Opel,Zafira,mechanical,black,298000,2002,diesel,FALSE,diesel,2.2,minivan,FALSE,owned,front,FALSE,TRUE,FALSE,FALSE,FALSE,FALSE,FALSE,TRUE,FALSE,TRUE,7,4650
Citroen,Berlingo,mechanical,other,287000,2004,gasoline,FALSE,gasoline,1.4,van,FALSE,owned,front,TRUE,FALSE,FALSE,FALSE,FALSE,FALSE,FALSE,FALSE,FALSE,FALSE,142,3450
Mercedes-Benz,Viano,automatic,black,98000,2008,gasoline,FALSE,gasoline,3.5,minivan,FALSE,owned,rear,FALSE,TRUE,TRUE,TRUE,TRUE,TRUE,TRUE,TRUE,TRUE,TRUE,236,25000
Ford,Mondeo,mechanical,green,206000,2000,gasoline,FALSE,gasoline,1.8,universal,FALSE,owned,front,FALSE,FALSE,FALSE,FALSE,TRUE,TRUE,FALSE,FALSE,FALSE,TRUE,4,2790
Toyota,Prius,automatic,grey,210784,2009,hybrid-petrol,FALSE,gasoline,1.5,hatchback,FALSE,owned,front,FALSE,FALSE,FALSE,FALSE,FALSE,FALSE,FALSE,FALSE,FALSE,TRUE,5,8599
Dodge,Grand Caravan,automatic,white,180000,2008,gasoline,FALSE,gasoline,3.8,minivan,FALSE,owned,front,FALSE,TRUE,FALSE,TRUE,FALSE,FALSE,FALSE,FALSE,FALSE,FALSE,138,11300
Citroen,Berlingo,mechanical,silver,200000,2005,gasoline,FALSE,gasoline,1.4,minivan,FALSE,owned,front,FALSE,FALSE,FALSE,FALSE,FALSE,FALSE,FALSE,FALSE,FALSE,TRUE,22,3650
Audi,100,mechanical,red,24500,1986,gasoline,FALSE,gasoline,2,sedan,FALSE,owned,front,TRUE,FALSE,FALSE,FALSE,FALSE,FALSE,FALSE,FALSE,FALSE,FALSE,3,900
Mazda,6,mechanical,grey,198000,2004,diesel,FALSE,diesel,2,universal,FALSE,owned,front,FALSE,TRUE,TRUE,FALSE,FALSE,TRUE,FALSE,FALSE,TRUE,TRUE,52,3950
Land Rover,Discovery,automatic,black,251000,2006,diesel,FALSE,diesel,2.7,suv,FALSE,owned,all,FALSE,TRUE,TRUE,TRUE,TRUE,TRUE,FALSE,FALSE,FALSE,TRUE,74,9300
Kia,Cee'd,mechanical,black,225275,2007,diesel,FALSE,diesel,1.6,hatchback,FALSE,owned,front,FALSE,TRUE,FALSE,TRUE,FALSE,TRUE,FALSE,FALSE,TRUE,FALSE,1,5450
BMW,X6,automatic,red,50000,2015,diesel,FALSE,diesel,3,suv,FALSE,owned,all,FALSE,TRUE,TRUE,TRUE,TRUE,TRUE,TRUE,TRUE,TRUE,TRUE,25,49900
Volkswagen,Passat,mechanical,blue,166000,2016,diesel,FALSE,diesel,1.6,universal,FALSE,owned,front,FALSE,TRUE,TRUE,TRUE,FALSE,TRUE,TRUE,TRUE,TRUE,TRUE,12,16900
Audi,A6,mechanical,silver,179000,2000,gasoline,FALSE,gasoline,1.8,sedan,FALSE,owned,front,FALSE,TRUE,FALSE,FALSE,FALSE,FALSE,FALSE,TRUE,FALSE,TRUE,95,7000
Mercedes-Benz,Vito,mechanical,blue,450000,2000,diesel,FALSE,diesel,2.2,minibus,FALSE,owned,front,FALSE,TRUE,FALSE,FALSE,FALSE,FALSE,FALSE,TRUE,FALSE,TRUE,6,4500
Skoda,Kodiaq,automatic,other,0,2019,gasoline,FALSE,gasoline,2,suv,TRUE,new,all,TRUE,FALSE,FALSE,FALSE,FALSE,FALSE,FALSE,FALSE,FALSE,FALSE,26,39288.15
Renault,Sandero,automatic,brown,50850,2013,gasoline,FALSE,gasoline,1.6,hatchback,FALSE,owned,front,TRUE,FALSE,FALSE,FALSE,FALSE,FALSE,FALSE,FALSE,FALSE,FALSE,28,7650
Mitsubishi,ASX,automatic,black,127291,2012,gasoline,FALSE,gasoline,2,suv,FALSE,owned,front,FALSE,TRUE,FALSE,FALSE,FALSE,FALSE,FALSE,FALSE,FALSE,TRUE,12,10500
Ford,Transit,mechanical,white,240000,1998,gasoline,FALSE,gasoline,2,minibus,FALSE,owned,rear,TRUE,FALSE,FALSE,FALSE,FALSE,FALSE,FALSE,FALSE,FALSE,FALSE,18,1350
Audi,Q5,automatic,black,101589,2017,gasoline,FALSE,gasoline,2,suv,FALSE,owned,all,FALSE,TRUE,TRUE,FALSE,FALSE,TRUE,FALSE,TRUE,TRUE,TRUE,70,36800
Volvo,244,mechanical,brown,180000,1983,gas,TRUE,gasoline,2.1,sedan,FALSE,owned,rear,TRUE,FALSE,FALSE,FALSE,FALSE,FALSE,FALSE,FALSE,FALSE,FALSE,11,1250
BMW,X5,automatic,black,345000,2005,diesel,FALSE,diesel,3,suv,FALSE,owned,all,FALSE,FALSE,TRUE,TRUE,TRUE,TRUE,TRUE,TRUE,TRUE,TRUE,34,10800
Volkswagen,Golf,mechanical,red,333000,1995,gasoline,FALSE,gasoline,1.8,universal,FALSE,owned,front,TRUE,FALSE,FALSE,FALSE,FALSE,FALSE,FALSE,FALSE,FALSE,FALSE,8,1500
Fiat,Punto,mechanical,blue,254000,2002,gasoline,FALSE,gasoline,1.2,hatchback,FALSE,owned,front,FALSE,TRUE,FALSE,FALSE,FALSE,FALSE,FALSE,FALSE,FALSE,FALSE,22,1999
Porsche,Cayenne,automatic,black,250000,2005,gasoline,FALSE,gasoline,4.5,suv,FALSE,owned,all,FALSE,TRUE,TRUE,TRUE,TRUE,TRUE,TRUE,TRUE,TRUE,TRUE,119,8500
Citroen,Xantia,mechanical,green,350000,1996,gasoline,FALSE,gasoline,1.8,universal,FALSE,owned,front,FALSE,TRUE,FALSE,FALSE,FALSE,FALSE,FALSE,FALSE,FALSE,FALSE,141,800
BMW,X5,automatic,white,122000,2013,diesel,FALSE,diesel,3,suv,FALSE,owned,all,FALSE,TRUE,TRUE,TRUE,TRUE,FALSE,FALSE,FALSE,FALSE,TRUE,56,32000
Rover,400-Series,mechanical,grey,389000,1999,gasoline,FALSE,gasoline,1.6,hatchback,FALSE,owned,front,TRUE,FALSE,FALSE,FALSE,FALSE,FALSE,FALSE,FALSE,FALSE,FALSE,64,1000
Audi,100,mechanical,silver,465000,1986,gasoline,FALSE,gasoline,1.8,sedan,FALSE,owned,front,TRUE,FALSE,FALSE,FALSE,FALSE,FALSE,FALSE,FALSE,FALSE,FALSE,13,799
Peugeot,406,mechanical,silver,390600,1999,diesel,FALSE,diesel,2,sedan,FALSE,owned,front,FALSE,TRUE,FALSE,FALSE,FALSE,FALSE,FALSE,FALSE,FALSE,TRUE,68,2205.25
Mercedes-Benz,T1,mechanical,white,458798,1991,diesel,FALSE,diesel,2.3,van,FALSE,owned,rear,TRUE,FALSE,FALSE,FALSE,FALSE,FALSE,FALSE,FALSE,FALSE,FALSE,69,3438.3
Opel,Vectra,mechanical,brown,578000,1994,gasoline,FALSE,gasoline,2,sedan,FALSE,owned,front,FALSE,FALSE,FALSE,FALSE,FALSE,TRUE,FALSE,FALSE,FALSE,FALSE,77,400
Opel,Insignia,mechanical,grey,214000,2010,gasoline,FALSE,gasoline,1.6,sedan,FALSE,owned,front,FALSE,TRUE,FALSE,FALSE,TRUE,TRUE,FALSE,TRUE,TRUE,TRUE,117,7999
Opel,Meriva,automatic,black,134000,2007,gasoline,FALSE,gasoline,1.6,hatchback,FALSE,owned,front,FALSE,TRUE,FALSE,TRUE,FALSE,FALSE,FALSE,FALSE,FALSE,TRUE,26,4500
Peugeot,607,automatic,silver,230000,2005,diesel,FALSE,diesel,2.2,sedan,FALSE,owned,front,FALSE,TRUE,FALSE,TRUE,TRUE,FALSE,TRUE,TRUE,TRUE,TRUE,87,7500
Volkswagen,Passat,mechanical,white,326000,1994,gasoline,FALSE,gasoline,1.8,sedan,FALSE,owned,front,TRUE,FALSE,FALSE,FALSE,FALSE,FALSE,FALSE,FALSE,FALSE,FALSE,2,1450
Lexus,RX,automatic,grey,167000,2010,gasoline,FALSE,gasoline,3.5,suv,FALSE,owned,all,FALSE,TRUE,TRUE,TRUE,TRUE,TRUE,TRUE,TRUE,TRUE,TRUE,113,19900
Audi,A4,mechanical,black,318000,2002,gasoline,FALSE,gasoline,1.8,sedan,FALSE,owned,all,TRUE,FALSE,FALSE,FALSE,FALSE,FALSE,FALSE,FALSE,FALSE,FALSE,103,6500
Audi,A6,automatic,blue,497000,1995,diesel,FALSE,diesel,2.5,sedan,FALSE,owned,front,FALSE,TRUE,FALSE,TRUE,FALSE,FALSE,FALSE,FALSE,FALSE,TRUE,37,2750
Peugeot,406,mechanical,blue,260000,1998,gasoline,FALSE,gasoline,1.8,sedan,FALSE,owned,front,FALSE,TRUE,FALSE,FALSE,FALSE,FALSE,FALSE,FALSE,FALSE,FALSE,118,2450
Chrysler,Voyager,automatic,grey,243000,2006,diesel,FALSE,diesel,2.8,minivan,FALSE,owned,front,FALSE,TRUE,FALSE,FALSE,TRUE,TRUE,FALSE,FALSE,TRUE,TRUE,130,7490
Skoda,Octavia,mechanical,red,38000,1960,gasoline,FALSE,gasoline,1.2,coupe,FALSE,owned,rear,TRUE,FALSE,FALSE,FALSE,FALSE,FALSE,FALSE,FALSE,FALSE,FALSE,88,400
Opel,Signum,mechanical,blue,351000,2003,diesel,FALSE,diesel,2.2,hatchback,FALSE,owned,front,FALSE,TRUE,FALSE,FALSE,FALSE,FALSE,FALSE,FALSE,TRUE,TRUE,57,4400
Opel,Zafira,automatic,silver,273000,2006,gasoline,FALSE,gasoline,2.2,minivan,FALSE,owned,front,FALSE,TRUE,FALSE,TRUE,TRUE,TRUE,FALSE,TRUE,TRUE,FALSE,61,5290
Mercedes-Benz,E240,mechanical,yellow,350000,1982,diesel,FALSE,diesel,2.4,universal,FALSE,owned,rear,FALSE,FALSE,FALSE,FALSE,TRUE,FALSE,FALSE,FALSE,FALSE,TRUE,140,3200
Mazda,626,mechanical,silver,163000,2001,gasoline,FALSE,gasoline,2,sedan,FALSE,owned,front,FALSE,TRUE,FALSE,FALSE,FALSE,FALSE,FALSE,FALSE,FALSE,TRUE,155,3800
Cadillac,Escalade,automatic,black,220000,2011,gasoline,FALSE,gasoline,6.2,suv,FALSE,owned,all,FALSE,TRUE,TRUE,TRUE,TRUE,TRUE,TRUE,TRUE,TRUE,TRUE,61,16800
Fiat,Marea,mechanical,silver,333000,1998,gasoline,FALSE,gasoline,1.6,universal,FALSE,owned,front,TRUE,FALSE,FALSE,FALSE,FALSE,FALSE,FALSE,FALSE,FALSE,FALSE,63,1350
Mazda,6,mechanical,black,128500,2007,gasoline,FALSE,gasoline,1.8,sedan,FALSE,owned,front,FALSE,TRUE,FALSE,FALSE,FALSE,TRUE,FALSE,FALSE,TRUE,FALSE,237,3000
Renault,Megane,mechanical,white,300000,1997,gasoline,FALSE,gasoline,1.4,hatchback,FALSE,owned,front,TRUE,FALSE,FALSE,FALSE,FALSE,FALSE,FALSE,FALSE,FALSE,FALSE,37,950
Lincoln,Town Car,automatic,black,226000,2000,gasoline,FALSE,gasoline,4.6,sedan,FALSE,owned,rear,FALSE,TRUE,FALSE,TRUE,TRUE,TRUE,FALSE,FALSE,TRUE,TRUE,1956,5800
BMW,520,mechanical,blue,234567,1998,gasoline,FALSE,gasoline,2,universal,FALSE,owned,rear,TRUE,FALSE,FALSE,FALSE,FALSE,FALSE,FALSE,FALSE,FALSE,FALSE,1,2700
ГАЗ,2410,mechanical,white,1500,1986,gasoline,FALSE,gasoline,2.4,sedan,FALSE,owned,rear,FALSE,FALSE,TRUE,FALSE,FALSE,FALSE,FALSE,FALSE,FALSE,FALSE,7,300
BMW,328,mechanical,black,444444,1995,gasoline,FALSE,gasoline,2.8,sedan,FALSE,owned,rear,TRUE,FALSE,FALSE,FALSE,FALSE,FALSE,FALSE,FALSE,FALSE,FALSE,14,2100
Citroen,C4,mechanical,white,87000,2014,gasoline,FALSE,gasoline,1.6,sedan,FALSE,owned,front,TRUE,FALSE,FALSE,FALSE,FALSE,FALSE,FALSE,FALSE,FALSE,FALSE,67,9850
Nissan,Murano,automatic,green,181000,2005,gasoline,FALSE,gasoline,3.5,suv,FALSE,owned,front,FALSE,TRUE,TRUE,FALSE,FALSE,TRUE,FALSE,FALSE,TRUE,TRUE,13,6399
Toyota,Tundra,automatic,grey,148000,2009,gasoline,FALSE,gasoline,5.7,pickup,FALSE,owned,all,FALSE,TRUE,FALSE,FALSE,FALSE,FALSE,FALSE,TRUE,TRUE,TRUE,87,17900
Kia,Optima,automatic,other,179000,2003,gasoline,FALSE,gasoline,2.4,sedan,FALSE,owned,front,FALSE,TRUE,FALSE,FALSE,FALSE,FALSE,FALSE,FALSE,FALSE,TRUE,47,4200
Renault,Megane,mechanical,green,302000,1997,gasoline,FALSE,gasoline,1.6,sedan,FALSE,owned,front,TRUE,FALSE,FALSE,FALSE,FALSE,FALSE,FALSE,FALSE,FALSE,FALSE,46,1050
Toyota,Yaris,mechanical,blue,367000,1999,gasoline,FALSE,gasoline,1.3,hatchback,FALSE,owned,front,FALSE,TRUE,FALSE,FALSE,FALSE,FALSE,FALSE,FALSE,FALSE,FALSE,58,3100
Volkswagen,Golf,mechanical,silver,265000,1995,diesel,FALSE,diesel,1.9,hatchback,FALSE,owned,front,FALSE,FALSE,FALSE,FALSE,FALSE,FALSE,FALSE,FALSE,FALSE,TRUE,205,2500
Mazda,6,mechanical,silver,300000,2003,diesel,FALSE,diesel,2,sedan,FALSE,owned,front,FALSE,TRUE,TRUE,FALSE,FALSE,FALSE,FALSE,TRUE,TRUE,TRUE,92,4000
Mitsubishi,Montero,automatic,green,180000,2000,gasoline,FALSE,gasoline,3,suv,FALSE,owned,rear,FALSE,FALSE,FALSE,FALSE,FALSE,FALSE,FALSE,FALSE,FALSE,TRUE,9,4700
Hyundai,Santa Fe,automatic,black,88000,2014,gasoline,FALSE,gasoline,2.4,suv,FALSE,owned,all,FALSE,TRUE,TRUE,TRUE,TRUE,TRUE,TRUE,TRUE,TRUE,TRUE,132,21700
Volkswagen,Vento,mechanical,blue,289706,1994,gasoline,FALSE,gasoline,1.8,sedan,FALSE,owned,front,TRUE,FALSE,FALSE,FALSE,FALSE,FALSE,FALSE,FALSE,FALSE,FALSE,11,1650
Audi,A6,mechanical,blue,700000,1996,diesel,FALSE,diesel,2.5,universal,FALSE,owned,all,FALSE,TRUE,FALSE,FALSE,FALSE,FALSE,FALSE,FALSE,TRUE,TRUE,17,4150
Opel,Astra,mechanical,black,300000,1992,gasoline,FALSE,gasoline,1.6,universal,FALSE,owned,front,TRUE,FALSE,FALSE,FALSE,FALSE,FALSE,FALSE,FALSE,FALSE,FALSE,15,900
Cadillac,STS,automatic,other,176000,2005,gasoline,FALSE,gasoline,4.6,sedan,FALSE,owned,all,FALSE,TRUE,TRUE,TRUE,TRUE,TRUE,FALSE,TRUE,TRUE,TRUE,65,6500
Dodge,Caravan,automatic,silver,260714,2000,gas,TRUE,gasoline,2.4,minivan,FALSE,owned,front,TRUE,FALSE,FALSE,FALSE,FALSE,FALSE,FALSE,FALSE,FALSE,FALSE,59,2700
Kia,Rio,automatic,blue,147000,2011,gasoline,FALSE,gasoline,1.6,sedan,FALSE,owned,front,FALSE,TRUE,TRUE,TRUE,TRUE,TRUE,FALSE,TRUE,FALSE,TRUE,68,4650
Chery,QQ,mechanical,blue,110000,2009,gasoline,FALSE,gasoline,1.1,hatchback,FALSE,owned,front,FALSE,FALSE,FALSE,FALSE,FALSE,FALSE,FALSE,FALSE,FALSE,TRUE,14,2200
Mercedes-Benz,A140,automatic,black,124000,1997,diesel,FALSE,diesel,3,sedan,FALSE,owned,rear,FALSE,FALSE,FALSE,FALSE,TRUE,FALSE,FALSE,FALSE,FALSE,TRUE,137,6000
Hyundai,Coupe,automatic,silver,240000,2003,gasoline,FALSE,gasoline,2.7,liftback,FALSE,owned,front,FALSE,TRUE,FALSE,FALSE,TRUE,TRUE,FALSE,TRUE,TRUE,TRUE,78,4300
Volkswagen,Sharan,mechanical,silver,275000,2004,diesel,FALSE,diesel,1.9,minivan,FALSE,owned,front,FALSE,TRUE,FALSE,FALSE,FALSE,FALSE,FALSE,FALSE,TRUE,TRUE,167,7000
Volkswagen,Passat,automatic,blue,234500,2008,diesel,FALSE,diesel,2,universal,FALSE,owned,front,FALSE,TRUE,TRUE,TRUE,FALSE,TRUE,TRUE,TRUE,TRUE,FALSE,92,7500
Opel,Astra,mechanical,black,220000,2010,gasoline,FALSE,gasoline,1.4,hatchback,FALSE,owned,front,FALSE,TRUE,FALSE,FALSE,FALSE,FALSE,FALSE,TRUE,TRUE,TRUE,85,6600
Infiniti,FX,automatic,brown,321869,2004,gasoline,FALSE,gasoline,3.5,suv,FALSE,owned,all,FALSE,TRUE,TRUE,TRUE,TRUE,TRUE,TRUE,FALSE,TRUE,TRUE,192,8000
Toyota,Camry,automatic,black,297729,2007,gasoline,FALSE,gasoline,2.4,sedan,FALSE,owned,front,FALSE,TRUE,FALSE,FALSE,FALSE,FALSE,FALSE,FALSE,TRUE,TRUE,29,8000
SsangYong,Rexton,automatic,black,420000,2007,diesel,FALSE,diesel,2.7,suv,FALSE,owned,all,FALSE,TRUE,FALSE,TRUE,TRUE,FALSE,FALSE,FALSE,TRUE,TRUE,46,7700
Volkswagen,Passat,mechanical,silver,180000,2011,diesel,FALSE,diesel,1.6,universal,FALSE,owned,rear,FALSE,TRUE,FALSE,TRUE,FALSE,TRUE,FALSE,FALSE,FALSE,FALSE,77,11200
Audi,A6,mechanical,red,200000,1994,diesel,FALSE,diesel,1.9,universal,FALSE,owned,all,FALSE,TRUE,TRUE,TRUE,TRUE,TRUE,FALSE,FALSE,TRUE,TRUE,44,4500
Citroen,C5,mechanical,brown,267000,2006,gasoline,FALSE,gasoline,1.8,liftback,FALSE,owned,front,FALSE,TRUE,FALSE,FALSE,FALSE,TRUE,FALSE,FALSE,TRUE,FALSE,87,6150
Audi,A6,mechanical,other,237000,2002,diesel,FALSE,diesel,2.5,universal,FALSE,owned,all,FALSE,TRUE,TRUE,FALSE,TRUE,TRUE,FALSE,FALSE,TRUE,TRUE,33,5300
Volkswagen,Polo,mechanical,black,205310,1991,gasoline,FALSE,gasoline,1,coupe,FALSE,owned,front,TRUE,FALSE,FALSE,FALSE,FALSE,FALSE,FALSE,FALSE,FALSE,FALSE,61,600
Nissan,Terrano,mechanical,silver,17100,2017,gasoline,FALSE,gasoline,2,suv,FALSE,owned,all,FALSE,TRUE,FALSE,TRUE,FALSE,TRUE,FALSE,TRUE,TRUE,TRUE,40,13753.2
Audi,80,mechanical,other,300000,1993,gasoline,FALSE,gasoline,2,sedan,FALSE,owned,front,FALSE,TRUE,FALSE,FALSE,FALSE,TRUE,FALSE,FALSE,FALSE,FALSE,59,2800
Volvo,S80,automatic,black,417000,1999,gasoline,FALSE,gasoline,2.8,sedan,FALSE,owned,front,FALSE,TRUE,FALSE,FALSE,TRUE,TRUE,FALSE,FALSE,FALSE,FALSE,80,2500
Lexus,GS,automatic,black,161000,2006,gasoline,FALSE,gasoline,3,sedan,FALSE,owned,rear,FALSE,TRUE,TRUE,TRUE,TRUE,TRUE,TRUE,TRUE,TRUE,TRUE,88,12600
Renault,Laguna,mechanical,green,412777,2000,gasoline,FALSE,gasoline,2,liftback,FALSE,owned,front,FALSE,TRUE,FALSE,FALSE,TRUE,FALSE,TRUE,TRUE,FALSE,TRUE,42,2500
Renault,Megane Scenic,mechanical,green,290000,1997,gasoline,FALSE,gasoline,1.6,minivan,FALSE,owned,front,TRUE,FALSE,FALSE,FALSE,FALSE,FALSE,FALSE,FALSE,FALSE,FALSE,75,2350
Mercedes-Benz,A140,mechanical,silver,230500,1999,gasoline,FALSE,gasoline,1.4,hatchback,FALSE,owned,front,TRUE,FALSE,FALSE,FALSE,FALSE,FALSE,FALSE,FALSE,FALSE,FALSE,46,2371.23
Nissan,Primera,mechanical,silver,256000,1998,gasoline,FALSE,gasoline,1.6,sedan,FALSE,owned,front,FALSE,FALSE,TRUE,FALSE,FALSE,FALSE,FALSE,FALSE,FALSE,FALSE,244,850
Volkswagen,Caddy,mechanical,red,177700,2009,gasoline,FALSE,gasoline,1.4,minivan,FALSE,owned,front,FALSE,FALSE,FALSE,FALSE,FALSE,FALSE,FALSE,FALSE,TRUE,TRUE,79,7950
Skoda,Octavia,mechanical,white,225000,2010,gasoline,FALSE,gasoline,1.6,hatchback,FALSE,owned,front,FALSE,TRUE,FALSE,FALSE,FALSE,FALSE,FALSE,FALSE,TRUE,FALSE,62,8700
Mitsubishi,Carisma,mechanical,silver,300000,1997,gasoline,FALSE,gasoline,1.6,hatchback,FALSE,owned,front,FALSE,TRUE,FALSE,FALSE,FALSE,FALSE,FALSE,FALSE,FALSE,TRUE,13,1750
Hyundai,Accent,automatic,white,87100,2013,gasoline,FALSE,gasoline,1.6,sedan,FALSE,owned,front,FALSE,TRUE,FALSE,FALSE,FALSE,FALSE,FALSE,FALSE,FALSE,FALSE,59,8200
Fiat,Punto,automatic,red,222000,1995,gasoline,FALSE,gasoline,1.2,hatchback,FALSE,owned,front,TRUE,FALSE,FALSE,FALSE,FALSE,FALSE,FALSE,FALSE,FALSE,FALSE,60,1150
Renault,Laguna,mechanical,white,170000,2013,diesel,FALSE,diesel,1.5,hatchback,FALSE,owned,front,FALSE,TRUE,FALSE,TRUE,TRUE,FALSE,TRUE,TRUE,TRUE,TRUE,105,8700
Peugeot,Bipper,mechanical,silver,162000,2010,gasoline,FALSE,gasoline,1.4,van,FALSE,owned,front,FALSE,TRUE,FALSE,FALSE,FALSE,FALSE,FALSE,FALSE,FALSE,FALSE,89,5000
Audi,A6,mechanical,grey,460000,1996,diesel,FALSE,diesel,1.9,sedan,FALSE,owned,front,FALSE,TRUE,TRUE,FALSE,FALSE,FALSE,FALSE,FALSE,FALSE,TRUE,54,4999
Audi,A6,automatic,black,238000,2001,diesel,FALSE,diesel,2.5,universal,FALSE,owned,all,FALSE,TRUE,TRUE,TRUE,TRUE,TRUE,TRUE,TRUE,TRUE,TRUE,498,6500
Renault,19,mechanical,grey,333333,1993,gasoline,FALSE,gasoline,1.7,hatchback,FALSE,owned,front,TRUE,FALSE,FALSE,FALSE,FALSE,FALSE,FALSE,FALSE,FALSE,FALSE,26,500
BMW,750,automatic,other,123456,2007,gasoline,FALSE,gasoline,4.8,sedan,FALSE,owned,rear,TRUE,FALSE,FALSE,FALSE,FALSE,FALSE,FALSE,FALSE,FALSE,FALSE,76,8821.02
Ford,Focus,automatic,black,142440,2016,gasoline,FALSE,gasoline,1.5,hatchback,FALSE,owned,front,FALSE,TRUE,FALSE,TRUE,FALSE,TRUE,FALSE,TRUE,TRUE,TRUE,44,13300
Ford,Scorpio,automatic,grey,189000,1996,gasoline,FALSE,gasoline,2,universal,FALSE,owned,front,TRUE,FALSE,FALSE,FALSE,FALSE,FALSE,FALSE,FALSE,FALSE,FALSE,34,300
ВАЗ,2106,mechanical,green,75062,1984,gasoline,FALSE,gasoline,1.2,sedan,FALSE,owned,rear,TRUE,FALSE,FALSE,FALSE,FALSE,FALSE,FALSE,FALSE,FALSE,FALSE,56,550
Nissan,Teana,automatic,silver,212000,2007,gasoline,FALSE,gasoline,2.3,sedan,FALSE,owned,front,FALSE,FALSE,FALSE,TRUE,TRUE,FALSE,FALSE,FALSE,TRUE,TRUE,1,5700
BMW,525,mechanical,grey,358000,1989,gasoline,FALSE,gasoline,2.5,sedan,FALSE,owned,rear,FALSE,FALSE,FALSE,FALSE,FALSE,TRUE,FALSE,FALSE,FALSE,TRUE,240,1650
Audi,A6,automatic,black,404000,2007,diesel,FALSE,diesel,2.7,sedan,FALSE,owned,all,FALSE,TRUE,TRUE,TRUE,TRUE,TRUE,TRUE,FALSE,TRUE,TRUE,76,11000
Opel,Zafira,mechanical,silver,246000,2001,diesel,FALSE,diesel,2,minivan,FALSE,owned,front,TRUE,FALSE,FALSE,FALSE,FALSE,FALSE,FALSE,FALSE,FALSE,FALSE,61,5100
Mercedes-Benz,ML350,automatic,other,145000,2006,gasoline,FALSE,gasoline,3.5,suv,FALSE,owned,all,FALSE,TRUE,TRUE,TRUE,TRUE,TRUE,TRUE,TRUE,TRUE,TRUE,51,10900
Ford,Galaxy,mechanical,green,337000,1996,gas,TRUE,gasoline,2,minivan,FALSE,owned,front,TRUE,FALSE,FALSE,FALSE,FALSE,FALSE,FALSE,FALSE,FALSE,FALSE,77,3550
Mazda,CX-7,automatic,white,148060,2012,gasoline,FALSE,gasoline,2.5,suv,FALSE,owned,front,FALSE,TRUE,TRUE,TRUE,TRUE,TRUE,FALSE,TRUE,TRUE,TRUE,60,11500
Renault,Laguna,mechanical,grey,260000,2008,diesel,FALSE,diesel,1.5,hatchback,FALSE,owned,front,FALSE,FALSE,FALSE,FALSE,FALSE,FALSE,TRUE,TRUE,TRUE,TRUE,8,6350
Renault,Megane,mechanical,blue,200000,1999,gasoline,FALSE,gasoline,2,sedan,FALSE,owned,front,FALSE,TRUE,FALSE,FALSE,FALSE,FALSE,FALSE,FALSE,FALSE,FALSE,59,2584.65
Ford,Sierra,mechanical,red,250000,1990,gasoline,FALSE,gasoline,1.6,sedan,FALSE,owned,rear,TRUE,FALSE,FALSE,FALSE,FALSE,FALSE,FALSE,FALSE,FALSE,FALSE,46,142.27
Peugeot,207,mechanical,grey,168711,2008,gasoline,FALSE,gasoline,1.4,universal,FALSE,owned,front,FALSE,TRUE,FALSE,FALSE,FALSE,FALSE,FALSE,FALSE,FALSE,FALSE,12,5501.28
Citroen,C4,mechanical,blue,207000,2008,gasoline,FALSE,gasoline,1.6,hatchback,FALSE,owned,front,FALSE,TRUE,FALSE,FALSE,FALSE,FALSE,FALSE,FALSE,FALSE,TRUE,46,5500
Ford,Scorpio,mechanical,green,301000,1996,gasoline,FALSE,gasoline,2.3,universal,FALSE,owned,rear,FALSE,FALSE,FALSE,FALSE,FALSE,TRUE,FALSE,TRUE,TRUE,TRUE,64,2200
Chevrolet,Captiva,mechanical,silver,155000,2010,gasoline,FALSE,gasoline,2.4,suv,FALSE,owned,all,FALSE,TRUE,FALSE,TRUE,FALSE,TRUE,FALSE,TRUE,TRUE,TRUE,88,10500
Citroen,C4,automatic,green,61000,2014,gasoline,FALSE,gasoline,1.6,hatchback,FALSE,owned,front,FALSE,TRUE,TRUE,FALSE,FALSE,TRUE,FALSE,TRUE,TRUE,TRUE,26,9500
Peugeot,Expert,mechanical,blue,350000,1999,diesel,FALSE,diesel,1.9,minivan,FALSE,owned,front,FALSE,FALSE,TRUE,FALSE,FALSE,FALSE,FALSE,FALSE,FALSE,FALSE,15,3000
Fiat,Scudo,mechanical,blue,285000,1998,diesel,FALSE,diesel,1.9,minibus,FALSE,owned,front,TRUE,FALSE,FALSE,FALSE,FALSE,FALSE,FALSE,FALSE,FALSE,FALSE,54,3850
Skoda,Octavia,automatic,blue,0,2019,gasoline,FALSE,gasoline,1.8,sedan,TRUE,new,front,TRUE,FALSE,FALSE,FALSE,FALSE,FALSE,FALSE,FALSE,FALSE,FALSE,2,27595.56
Volkswagen,Jetta,mechanical,other,611100,1986,gasoline,FALSE,gasoline,1.8,sedan,FALSE,owned,front,TRUE,FALSE,FALSE,FALSE,FALSE,FALSE,FALSE,FALSE,FALSE,FALSE,17,550
Kia,Sportage,automatic,blue,14600,2018,diesel,FALSE,diesel,2,suv,FALSE,owned,all,FALSE,TRUE,FALSE,TRUE,TRUE,TRUE,TRUE,TRUE,TRUE,TRUE,59,32000
Volkswagen,Jetta,mechanical,black,195000,2008,diesel,FALSE,diesel,1.9,sedan,FALSE,owned,front,FALSE,TRUE,FALSE,TRUE,FALSE,TRUE,FALSE,FALSE,TRUE,TRUE,82,7500
Citroen,Xantia,mechanical,silver,233000,1998,gasoline,FALSE,gasoline,1.8,universal,FALSE,owned,front,FALSE,TRUE,FALSE,FALSE,FALSE,TRUE,FALSE,FALSE,FALSE,TRUE,11,1450
Kia,Rio,mechanical,silver,310000,2001,gasoline,FALSE,gasoline,1.3,universal,FALSE,owned,front,FALSE,FALSE,FALSE,FALSE,FALSE,FALSE,FALSE,FALSE,FALSE,TRUE,28,2100
Lexus,ES,automatic,black,157877,2012,gasoline,FALSE,gasoline,3.5,sedan,FALSE,owned,front,TRUE,FALSE,FALSE,FALSE,FALSE,FALSE,FALSE,FALSE,FALSE,FALSE,58,15900
Audi,A6,automatic,blue,244000,2005,gasoline,FALSE,gasoline,2.4,universal,FALSE,owned,front,FALSE,TRUE,FALSE,TRUE,TRUE,TRUE,FALSE,FALSE,FALSE,TRUE,1,8100
Mercedes-Benz,Sprinter,mechanical,white,500000,1999,diesel,FALSE,diesel,2.9,van,FALSE,owned,rear,FALSE,FALSE,TRUE,FALSE,FALSE,FALSE,FALSE,FALSE,FALSE,FALSE,91,14000
Renault,Laguna,mechanical,black,190000,2001,gasoline,FALSE,gasoline,1.6,liftback,FALSE,owned,front,TRUE,FALSE,FALSE,FALSE,FALSE,FALSE,FALSE,FALSE,FALSE,FALSE,1,2300
Volkswagen,Passat CC,automatic,white,137000,2010,gasoline,FALSE,gasoline,2,coupe,FALSE,owned,front,FALSE,TRUE,TRUE,FALSE,TRUE,TRUE,TRUE,TRUE,TRUE,TRUE,13,10500
Toyota,Corolla,mechanical,silver,205000,2005,gasoline,FALSE,gasoline,1.4,hatchback,FALSE,owned,front,FALSE,TRUE,FALSE,FALSE,FALSE,FALSE,FALSE,FALSE,FALSE,TRUE,118,4000
BMW,320,automatic,blue,0,2019,diesel,FALSE,diesel,2,sedan,TRUE,new,all,FALSE,FALSE,FALSE,TRUE,FALSE,TRUE,FALSE,FALSE,TRUE,TRUE,11,47000
Renault,Scenic,mechanical,red,68000,2002,diesel,FALSE,diesel,1.9,minivan,FALSE,owned,front,FALSE,TRUE,FALSE,FALSE,FALSE,TRUE,FALSE,FALSE,FALSE,FALSE,105,4100
Renault,Clio,mechanical,other,76000,2013,gasoline,FALSE,gasoline,1.2,universal,FALSE,owned,front,FALSE,TRUE,FALSE,TRUE,FALSE,FALSE,TRUE,FALSE,TRUE,TRUE,142,9115.53
Renault,Clio,mechanical,other,257000,1991,gasoline,FALSE,gasoline,1.4,hatchback,FALSE,owned,front,TRUE,FALSE,FALSE,FALSE,FALSE,FALSE,FALSE,FALSE,FALSE,FALSE,88,699
Citroen,ZX,mechanical,silver,400000,1991,gasoline,FALSE,gasoline,1.4,hatchback,FALSE,owned,front,TRUE,FALSE,FALSE,FALSE,FALSE,FALSE,FALSE,FALSE,FALSE,FALSE,69,400
Fiat,Punto,mechanical,red,200000,1999,gasoline,FALSE,gasoline,1.2,hatchback,FALSE,owned,front,TRUE,FALSE,FALSE,FALSE,FALSE,FALSE,FALSE,FALSE,FALSE,FALSE,92,1650
Volkswagen,Polo Sedan,mechanical,other,41000,2017,gasoline,FALSE,gasoline,1.6,sedan,FALSE,owned,front,FALSE,TRUE,FALSE,FALSE,FALSE,TRUE,FALSE,TRUE,FALSE,TRUE,54,11000
Chrysler,PT Cruiser,automatic,violet,189903,2003,gasoline,FALSE,gasoline,2.4,hatchback,FALSE,owned,front,FALSE,TRUE,FALSE,TRUE,FALSE,FALSE,FALSE,FALSE,FALSE,TRUE,61,3990
Renault,19,mechanical,white,250000,1994,gas,TRUE,gasoline,1.8,sedan,FALSE,owned,front,FALSE,FALSE,FALSE,FALSE,FALSE,FALSE,FALSE,FALSE,FALSE,TRUE,141,650
Mercedes-Benz,E200,mechanical,blue,460000,1993,diesel,FALSE,diesel,2,sedan,FALSE,owned,rear,FALSE,FALSE,FALSE,FALSE,FALSE,FALSE,FALSE,FALSE,FALSE,TRUE,53,1300
Volkswagen,Golf,mechanical,red,232000,1998,gasoline,FALSE,gasoline,1.8,universal,FALSE,owned,front,TRUE,FALSE,FALSE,FALSE,FALSE,FALSE,FALSE,FALSE,FALSE,FALSE,38,3450
Skoda,Octavia,automatic,black,59000,2017,gasoline,FALSE,gasoline,1.8,hatchback,FALSE,owned,front,FALSE,TRUE,TRUE,TRUE,FALSE,TRUE,TRUE,TRUE,TRUE,TRUE,169,19999
Hyundai,Solaris,mechanical,white,170000,2014,gasoline,FALSE,gasoline,1.4,hatchback,FALSE,owned,front,FALSE,TRUE,FALSE,FALSE,FALSE,TRUE,FALSE,FALSE,FALSE,FALSE,59,7990
Renault,Clio,mechanical,silver,245000,2009,gasoline,FALSE,gasoline,1.2,universal,FALSE,owned,front,FALSE,TRUE,FALSE,FALSE,FALSE,FALSE,FALSE,FALSE,TRUE,TRUE,157,4800
Volkswagen,T5,mechanical,white,555555,2004,diesel,FALSE,diesel,2.5,minibus,FALSE,owned,front,TRUE,FALSE,FALSE,FALSE,FALSE,FALSE,FALSE,FALSE,FALSE,FALSE,10,8200
Volkswagen,Jetta,automatic,black,17700,2014,gasoline,FALSE,gasoline,1.4,sedan,FALSE,owned,front,FALSE,TRUE,FALSE,FALSE,FALSE,TRUE,FALSE,FALSE,FALSE,FALSE,15,12500
Chrysler,PT Cruiser,mechanical,silver,250000,2000,gasoline,FALSE,gasoline,2,hatchback,FALSE,owned,front,FALSE,TRUE,FALSE,FALSE,TRUE,TRUE,FALSE,TRUE,TRUE,TRUE,39,3400
Fiat,Marea,mechanical,silver,325000,1999,diesel,FALSE,diesel,2.4,universal,FALSE,owned,front,FALSE,FALSE,FALSE,FALSE,FALSE,FALSE,FALSE,FALSE,FALSE,TRUE,86,2000
Mazda,323,mechanical,blue,240000,1998,gasoline,FALSE,gasoline,1.5,hatchback,FALSE,owned,front,FALSE,TRUE,TRUE,FALSE,FALSE,FALSE,FALSE,FALSE,FALSE,TRUE,118,1950
Iveco,Daily,mechanical,yellow,111000,1997,diesel,FALSE,diesel,2.8,minibus,FALSE,owned,rear,TRUE,FALSE,FALSE,FALSE,FALSE,FALSE,FALSE,FALSE,FALSE,FALSE,20,10000
Citroen,Nemo,automatic,white,233525,2008,diesel,FALSE,diesel,1.4,minivan,FALSE,owned,front,FALSE,TRUE,FALSE,TRUE,FALSE,FALSE,FALSE,FALSE,FALSE,FALSE,81,3500
Citroen,C5,mechanical,black,118000,2011,gasoline,FALSE,gasoline,1.6,sedan,FALSE,owned,front,FALSE,TRUE,FALSE,TRUE,FALSE,TRUE,FALSE,FALSE,TRUE,TRUE,1024,9700
Renault,Twingo,mechanical,red,150000,2003,gasoline,FALSE,gasoline,1.2,hatchback,FALSE,owned,front,TRUE,FALSE,FALSE,FALSE,FALSE,FALSE,FALSE,FALSE,FALSE,FALSE,76,2100
Volkswagen,Passat,automatic,silver,174000,2009,gasoline,FALSE,gasoline,1.8,universal,FALSE,owned,front,FALSE,TRUE,TRUE,TRUE,TRUE,TRUE,FALSE,FALSE,TRUE,TRUE,60,6500
Skoda,Octavia,mechanical,white,150000,2005,gasoline,FALSE,gasoline,1.4,hatchback,FALSE,owned,front,FALSE,TRUE,FALSE,FALSE,FALSE,FALSE,FALSE,FALSE,FALSE,FALSE,119,3950
Volkswagen,Golf,mechanical,blue,280000,1996,diesel,FALSE,diesel,1.9,hatchback,FALSE,owned,front,FALSE,TRUE,FALSE,FALSE,FALSE,FALSE,FALSE,TRUE,FALSE,TRUE,17,2100
Ford,Focus,automatic,other,236000,2008,gasoline,FALSE,gasoline,2,sedan,FALSE,owned,front,FALSE,TRUE,TRUE,FALSE,FALSE,FALSE,FALSE,FALSE,TRUE,TRUE,206,5400
Fiat,Bravo,mechanical,silver,215000,1999,gasoline,FALSE,gasoline,1.2,hatchback,FALSE,owned,front,FALSE,TRUE,TRUE,FALSE,FALSE,TRUE,FALSE,FALSE,TRUE,FALSE,88,1250
Opel,Vectra,mechanical,silver,364000,2001,diesel,FALSE,diesel,2,universal,FALSE,owned,front,FALSE,TRUE,FALSE,FALSE,FALSE,FALSE,TRUE,TRUE,FALSE,FALSE,2,2850
Skoda,Rapid,mechanical,white,0,2019,gasoline,FALSE,gasoline,1.6,sedan,TRUE,new,front,TRUE,FALSE,FALSE,FALSE,FALSE,FALSE,FALSE,FALSE,FALSE,FALSE,1,15009.49
Mazda,323,mechanical,red,400000,1998,gasoline,FALSE,gasoline,1.5,hatchback,FALSE,owned,front,FALSE,TRUE,FALSE,FALSE,FALSE,FALSE,FALSE,FALSE,FALSE,TRUE,24,1200
SsangYong,Rodius,mechanical,other,290000,2005,diesel,FALSE,diesel,2.7,minivan,FALSE,owned,all,FALSE,TRUE,FALSE,TRUE,FALSE,TRUE,FALSE,FALSE,TRUE,TRUE,64,7113.72
Citroen,Xsara,mechanical,grey,238000,1998,gasoline,FALSE,gasoline,1.8,hatchback,FALSE,owned,front,FALSE,TRUE,FALSE,FALSE,FALSE,FALSE,FALSE,FALSE,FALSE,FALSE,179,2150
Renault,Clio,mechanical,green,225000,2002,diesel,FALSE,diesel,1.5,hatchback,FALSE,owned,front,FALSE,TRUE,FALSE,FALSE,FALSE,FALSE,FALSE,FALSE,TRUE,FALSE,27,2700
Opel,Vectra,mechanical,brown,207000,2003,gasoline,FALSE,gasoline,2.2,sedan,FALSE,owned,front,TRUE,FALSE,FALSE,FALSE,FALSE,FALSE,FALSE,FALSE,FALSE,FALSE,31,4000
Toyota,Camry,automatic,red,100000,2008,gasoline,FALSE,gasoline,2.4,sedan,FALSE,owned,front,FALSE,TRUE,FALSE,FALSE,FALSE,FALSE,TRUE,TRUE,FALSE,TRUE,9,9300
Volkswagen,T5,mechanical,white,364000,2007,diesel,FALSE,diesel,2.5,minibus,FALSE,owned,front,TRUE,FALSE,FALSE,FALSE,FALSE,FALSE,FALSE,FALSE,FALSE,FALSE,124,10999
Volkswagen,Passat,mechanical,black,364000,2002,diesel,FALSE,diesel,1.9,universal,FALSE,owned,front,FALSE,TRUE,TRUE,FALSE,FALSE,FALSE,FALSE,FALSE,FALSE,TRUE,53,5700
Volkswagen,Golf,mechanical,silver,162000,2009,gasoline,FALSE,gasoline,1.4,universal,FALSE,owned,front,TRUE,FALSE,FALSE,FALSE,FALSE,FALSE,FALSE,FALSE,FALSE,FALSE,0,7100
Subaru,Forester,automatic,other,80467,2016,gasoline,FALSE,gasoline,2.5,suv,FALSE,owned,all,FALSE,FALSE,FALSE,FALSE,TRUE,TRUE,FALSE,TRUE,TRUE,TRUE,13,27950
Hyundai,Lantra,mechanical,green,293000,1996,gasoline,FALSE,gasoline,1.6,sedan,FALSE,owned,front,FALSE,TRUE,FALSE,FALSE,FALSE,FALSE,FALSE,FALSE,FALSE,FALSE,20,1000
Volkswagen,Touareg,automatic,black,345000,2003,gasoline,FALSE,gasoline,3.2,suv,FALSE,owned,all,FALSE,TRUE,TRUE,TRUE,TRUE,TRUE,TRUE,TRUE,TRUE,TRUE,64,12500
Mazda,626,mechanical,silver,300000,1999,gasoline,FALSE,gasoline,2,universal,FALSE,owned,front,TRUE,FALSE,FALSE,FALSE,FALSE,FALSE,FALSE,FALSE,FALSE,FALSE,250,1400
Citroen,Xantia,mechanical,green,286000,1998,gasoline,FALSE,gasoline,1.8,hatchback,FALSE,owned,front,FALSE,TRUE,FALSE,FALSE,FALSE,FALSE,FALSE,TRUE,FALSE,FALSE,28,2000
Land Rover,Freelander,mechanical,grey,2500,2002,diesel,FALSE,diesel,2,suv,FALSE,owned,all,FALSE,TRUE,FALSE,FALSE,FALSE,FALSE,FALSE,TRUE,FALSE,TRUE,5,5700
Volkswagen,Golf,automatic,black,127000,2011,gasoline,FALSE,gasoline,1.6,hatchback,FALSE,owned,front,FALSE,FALSE,FALSE,FALSE,FALSE,TRUE,FALSE,FALSE,TRUE,TRUE,3,9000
Mercedes-Benz,GL320,automatic,black,270000,2009,diesel,FALSE,diesel,3,suv,FALSE,owned,all,FALSE,FALSE,TRUE,TRUE,TRUE,TRUE,FALSE,FALSE,FALSE,TRUE,9,16100
Mazda,MPV,automatic,other,207850,2001,gasoline,FALSE,gasoline,2.5,minivan,FALSE,owned,front,FALSE,TRUE,FALSE,TRUE,FALSE,FALSE,FALSE,FALSE,FALSE,TRUE,13,4050
Nissan,Almera,automatic,black,197000,2007,gasoline,FALSE,gasoline,1.6,sedan,FALSE,owned,front,FALSE,TRUE,FALSE,FALSE,FALSE,TRUE,FALSE,FALSE,FALSE,TRUE,76,4100
Kia,Sorento,mechanical,black,264500,2004,diesel,FALSE,diesel,2.5,suv,FALSE,owned,all,FALSE,TRUE,FALSE,FALSE,FALSE,FALSE,FALSE,FALSE,FALSE,FALSE,74,7000
Renault,Koleos,mechanical,grey,383045,2008,gasoline,FALSE,gasoline,2.5,suv,FALSE,owned,all,FALSE,FALSE,FALSE,FALSE,FALSE,TRUE,FALSE,FALSE,FALSE,FALSE,1,7200
Volvo,V50,mechanical,green,280348,2008,diesel,FALSE,diesel,1.6,universal,FALSE,owned,front,TRUE,FALSE,FALSE,FALSE,FALSE,FALSE,FALSE,FALSE,FALSE,FALSE,32,5246.09
Volkswagen,Jetta,mechanical,blue,499000,1987,diesel,FALSE,diesel,1.6,sedan,FALSE,owned,front,FALSE,FALSE,FALSE,FALSE,FALSE,FALSE,FALSE,FALSE,FALSE,TRUE,112,1200
Opel,Signum,automatic,black,240000,2003,diesel,FALSE,diesel,2.2,hatchback,FALSE,owned,front,FALSE,TRUE,FALSE,TRUE,FALSE,FALSE,FALSE,FALSE,TRUE,TRUE,52,5250
Mazda,6,automatic,blue,201168,2008,gasoline,FALSE,gasoline,2.5,sedan,FALSE,owned,front,FALSE,TRUE,TRUE,FALSE,TRUE,FALSE,FALSE,TRUE,TRUE,TRUE,176,9000
Ford,Probe,mechanical,red,370000,1994,gasoline,FALSE,gasoline,2,coupe,FALSE,owned,front,FALSE,FALSE,FALSE,FALSE,FALSE,FALSE,FALSE,FALSE,FALSE,TRUE,4,1000
Audi,80,mechanical,red,111000,1990,gasoline,FALSE,gasoline,1.8,sedan,FALSE,owned,front,FALSE,FALSE,FALSE,FALSE,FALSE,FALSE,FALSE,FALSE,FALSE,TRUE,19,700
Renault,Scenic,mechanical,silver,258086,2000,diesel,FALSE,diesel,1.9,hatchback,FALSE,owned,front,TRUE,FALSE,FALSE,FALSE,FALSE,FALSE,FALSE,FALSE,FALSE,FALSE,125,3000
Toyota,Sienna,automatic,red,175418,2010,gasoline,FALSE,gasoline,3.5,minivan,FALSE,owned,front,FALSE,TRUE,TRUE,TRUE,TRUE,TRUE,FALSE,TRUE,TRUE,TRUE,135,18000
BMW,520,automatic,black,190000,2011,diesel,FALSE,diesel,2,sedan,FALSE,owned,rear,FALSE,TRUE,TRUE,TRUE,TRUE,TRUE,TRUE,TRUE,TRUE,TRUE,1224,22500
Volkswagen,Passat,automatic,silver,360000,1997,gasoline,FALSE,gasoline,1.8,sedan,FALSE,owned,front,FALSE,TRUE,TRUE,FALSE,FALSE,TRUE,FALSE,FALSE,TRUE,FALSE,57,2750
Volkswagen,Golf,mechanical,white,380000,1998,diesel,FALSE,diesel,1.9,universal,FALSE,owned,front,FALSE,TRUE,FALSE,FALSE,FALSE,FALSE,FALSE,FALSE,FALSE,FALSE,61,2300
BMW,525,automatic,grey,276000,2008,gasoline,FALSE,gasoline,2.5,sedan,FALSE,owned,rear,FALSE,TRUE,TRUE,TRUE,TRUE,TRUE,TRUE,TRUE,TRUE,TRUE,112,9800
Citroen,C-Crosser,mechanical,grey,167868,2009,diesel,FALSE,diesel,2.2,suv,FALSE,owned,all,FALSE,TRUE,TRUE,TRUE,TRUE,TRUE,FALSE,TRUE,TRUE,TRUE,54,9950
Volkswagen,Golf,mechanical,violet,300000,1995,gasoline,FALSE,gasoline,1.6,hatchback,FALSE,owned,front,FALSE,FALSE,FALSE,FALSE,FALSE,FALSE,FALSE,FALSE,FALSE,TRUE,126,2300
Citroen,Xantia,mechanical,silver,261000,1999,gasoline,FALSE,gasoline,1.8,hatchback,FALSE,owned,front,FALSE,TRUE,FALSE,FALSE,FALSE,FALSE,FALSE,FALSE,FALSE,FALSE,2,1500
Ford,Taunus,mechanical,black,13000,1981,gasoline,FALSE,gasoline,2.8,coupe,FALSE,owned,rear,TRUE,FALSE,FALSE,FALSE,FALSE,FALSE,FALSE,FALSE,FALSE,FALSE,196,3500
Volkswagen,Golf,mechanical,silver,360000,2002,diesel,FALSE,diesel,1.9,universal,FALSE,owned,front,TRUE,FALSE,FALSE,FALSE,FALSE,FALSE,FALSE,FALSE,FALSE,FALSE,12,4700
Ford,Escape,automatic,black,3377,2018,gasoline,FALSE,gasoline,1.5,suv,FALSE,owned,front,FALSE,TRUE,FALSE,TRUE,FALSE,TRUE,TRUE,TRUE,TRUE,TRUE,41,16900
BMW,525,automatic,green,321000,2004,diesel,FALSE,diesel,2.5,sedan,FALSE,owned,rear,FALSE,TRUE,FALSE,FALSE,TRUE,FALSE,FALSE,FALSE,TRUE,TRUE,66,8750
Volkswagen,Passat,automatic,black,204000,2010,gasoline,FALSE,gasoline,1.4,sedan,FALSE,owned,front,FALSE,TRUE,TRUE,TRUE,TRUE,FALSE,TRUE,TRUE,TRUE,TRUE,179,7999
Rover,400-Series,mechanical,red,170000,1999,gasoline,FALSE,gasoline,1.6,hatchback,FALSE,owned,front,FALSE,TRUE,FALSE,FALSE,TRUE,FALSE,FALSE,FALSE,FALSE,FALSE,15,2500
Volvo,S40,mechanical,white,500000,1996,gasoline,FALSE,gasoline,2,sedan,FALSE,owned,front,FALSE,TRUE,FALSE,FALSE,FALSE,TRUE,FALSE,FALSE,TRUE,TRUE,316,1700
BMW,523,automatic,blue,175000,2010,gasoline,FALSE,gasoline,2.5,sedan,FALSE,owned,rear,FALSE,FALSE,TRUE,TRUE,TRUE,TRUE,TRUE,FALSE,TRUE,TRUE,148,16000
Volkswagen,Sharan,automatic,blue,354322,1999,diesel,FALSE,diesel,1.9,minivan,FALSE,owned,front,TRUE,FALSE,FALSE,FALSE,FALSE,FALSE,FALSE,FALSE,FALSE,FALSE,4,2987.76
Volkswagen,Passat,mechanical,black,141000,2010,gasoline,FALSE,gasoline,1.8,sedan,FALSE,owned,front,FALSE,TRUE,TRUE,FALSE,FALSE,TRUE,FALSE,FALSE,TRUE,TRUE,237,11500
BMW,520,mechanical,silver,302000,1996,gasoline,FALSE,gasoline,2,sedan,FALSE,owned,rear,FALSE,TRUE,FALSE,FALSE,FALSE,FALSE,FALSE,FALSE,TRUE,TRUE,50,3800
Audi,A8,automatic,blue,215000,2009,diesel,FALSE,diesel,3,sedan,FALSE,owned,all,FALSE,TRUE,TRUE,TRUE,TRUE,TRUE,TRUE,TRUE,TRUE,TRUE,81,14800
Kia,Cee'd,mechanical,black,44000,2015,gasoline,FALSE,gasoline,1.6,universal,FALSE,owned,front,FALSE,TRUE,FALSE,FALSE,FALSE,TRUE,FALSE,TRUE,TRUE,FALSE,55,12000
Renault,Clio,mechanical,silver,152000,2004,gasoline,FALSE,gasoline,1.4,hatchback,FALSE,owned,front,FALSE,TRUE,FALSE,FALSE,FALSE,FALSE,FALSE,FALSE,FALSE,FALSE,63,3500
Opel,Zafira,mechanical,black,215000,2007,diesel,FALSE,diesel,1.9,minivan,FALSE,owned,front,TRUE,FALSE,FALSE,FALSE,FALSE,FALSE,FALSE,FALSE,FALSE,FALSE,0,7200
Mazda,3,automatic,other,58000,2014,gasoline,FALSE,gasoline,1.5,sedan,FALSE,owned,front,FALSE,TRUE,FALSE,TRUE,FALSE,FALSE,FALSE,TRUE,TRUE,TRUE,35,13400
Volkswagen,Tiguan,mechanical,silver,170900,2015,gasoline,FALSE,gasoline,1.4,suv,FALSE,owned,front,FALSE,TRUE,FALSE,FALSE,FALSE,TRUE,FALSE,FALSE,TRUE,TRUE,28,11800
Ford,Fusion,automatic,yellow,177028,2014,gasoline,FALSE,gasoline,1.5,sedan,FALSE,owned,front,TRUE,FALSE,FALSE,FALSE,FALSE,FALSE,FALSE,FALSE,FALSE,FALSE,88,11950
Dodge,Intrepid,automatic,silver,241402,2001,gasoline,FALSE,gasoline,2.7,sedan,FALSE,owned,front,FALSE,TRUE,FALSE,FALSE,FALSE,FALSE,FALSE,FALSE,FALSE,TRUE,74,2700
Subaru,Impreza,mechanical,blue,10000,1999,gasoline,FALSE,gasoline,3,sedan,FALSE,owned,all,TRUE,FALSE,FALSE,FALSE,FALSE,FALSE,FALSE,FALSE,FALSE,FALSE,86,9999
Mercedes-Benz,E220,automatic,silver,330000,2001,diesel,FALSE,diesel,2.2,sedan,FALSE,owned,rear,FALSE,TRUE,TRUE,FALSE,TRUE,TRUE,FALSE,FALSE,TRUE,TRUE,27,4000
Peugeot,206,mechanical,black,260000,2008,gasoline,FALSE,gasoline,1.4,sedan,FALSE,owned,front,FALSE,TRUE,FALSE,FALSE,FALSE,FALSE,FALSE,FALSE,FALSE,FALSE,33,2600
Toyota,Auris,mechanical,silver,108500,2010,gasoline,FALSE,gasoline,1.3,hatchback,FALSE,owned,front,FALSE,TRUE,FALSE,FALSE,FALSE,FALSE,FALSE,FALSE,TRUE,TRUE,40,8300
Peugeot,308,mechanical,red,156550,2008,gasoline,FALSE,gasoline,1.6,hatchback,FALSE,owned,front,FALSE,TRUE,FALSE,FALSE,FALSE,TRUE,FALSE,FALSE,FALSE,TRUE,57,5350
Toyota,HiAce,mechanical,red,470000,2001,diesel,FALSE,diesel,2.5,minibus,FALSE,owned,rear,FALSE,FALSE,FALSE,FALSE,FALSE,TRUE,FALSE,FALSE,FALSE,FALSE,156,7777
ЗАЗ,Таврия,mechanical,red,80000,1994,gasoline,FALSE,gasoline,1.1,hatchback,FALSE,owned,front,TRUE,FALSE,FALSE,FALSE,FALSE,FALSE,FALSE,FALSE,FALSE,FALSE,5,331.97
Citroen,Xsara,mechanical,other,400000,1999,diesel,FALSE,diesel,2,hatchback,FALSE,owned,front,TRUE,FALSE,FALSE,FALSE,FALSE,FALSE,FALSE,FALSE,FALSE,FALSE,44,1999
Renault,Laguna,mechanical,grey,311000,1997,gas,TRUE,gasoline,2,universal,FALSE,owned,front,FALSE,TRUE,FALSE,FALSE,FALSE,FALSE,FALSE,FALSE,FALSE,FALSE,61,2700
Volkswagen,Passat,mechanical,silver,300001,1998,gasoline,FALSE,gasoline,1.8,universal,FALSE,owned,front,FALSE,TRUE,FALSE,FALSE,TRUE,FALSE,FALSE,FALSE,FALSE,TRUE,20,4150
Suzuki,Swift,automatic,grey,106000,2011,gasoline,FALSE,gasoline,1.2,hatchback,FALSE,owned,front,FALSE,TRUE,FALSE,TRUE,FALSE,TRUE,FALSE,FALSE,TRUE,TRUE,223,7900
Peugeot,Expert,mechanical,blue,274000,2005,diesel,FALSE,diesel,2,minivan,FALSE,owned,front,FALSE,TRUE,FALSE,FALSE,FALSE,FALSE,FALSE,FALSE,FALSE,FALSE,25,6000
Opel,Astra,mechanical,grey,301000,2003,diesel,FALSE,diesel,1.7,sedan,FALSE,owned,front,FALSE,TRUE,FALSE,FALSE,FALSE,FALSE,FALSE,FALSE,FALSE,FALSE,18,2700
Ford,S-Max,mechanical,black,260000,2007,diesel,FALSE,diesel,2,minivan,FALSE,owned,front,FALSE,TRUE,FALSE,TRUE,TRUE,FALSE,FALSE,FALSE,FALSE,TRUE,67,9500
Renault,Logan,mechanical,brown,39000,2019,gas,TRUE,gasoline,1.6,sedan,FALSE,owned,front,FALSE,TRUE,FALSE,FALSE,FALSE,TRUE,FALSE,TRUE,TRUE,TRUE,16,10000
Hyundai,Santa Fe,automatic,grey,115000,2012,diesel,FALSE,diesel,2.2,suv,FALSE,owned,all,FALSE,TRUE,TRUE,FALSE,TRUE,TRUE,TRUE,TRUE,TRUE,TRUE,49,20800
Chevrolet,Cruze,mechanical,white,184000,2010,gasoline,FALSE,gasoline,1.6,sedan,FALSE,owned,front,FALSE,TRUE,FALSE,FALSE,FALSE,TRUE,FALSE,FALSE,TRUE,TRUE,120,7500
BMW,530,automatic,black,241000,2003,gasoline,FALSE,gasoline,3,sedan,FALSE,owned,rear,FALSE,TRUE,TRUE,TRUE,TRUE,TRUE,TRUE,TRUE,TRUE,TRUE,29,8500
Seat,Toledo,mechanical,green,274000,1999,gasoline,FALSE,gasoline,1.6,liftback,FALSE,owned,front,FALSE,TRUE,FALSE,FALSE,FALSE,FALSE,FALSE,FALSE,FALSE,TRUE,87,1699
Nissan,Maxima,mechanical,green,450,1997,gasoline,FALSE,gasoline,2,sedan,FALSE,owned,front,FALSE,FALSE,TRUE,FALSE,FALSE,FALSE,FALSE,FALSE,FALSE,TRUE,3,1800
Volkswagen,Polo Sedan,mechanical,white,121400,2012,gasoline,FALSE,gasoline,1.6,sedan,FALSE,owned,front,FALSE,TRUE,FALSE,TRUE,FALSE,TRUE,FALSE,FALSE,TRUE,TRUE,67,7000
Nissan,Tiida,automatic,red,90000,2012,gasoline,FALSE,gasoline,1.6,hatchback,FALSE,owned,front,FALSE,TRUE,FALSE,FALSE,FALSE,TRUE,FALSE,FALSE,TRUE,FALSE,54,8850
Daewoo,Lanos,mechanical,violet,300000,1998,gasoline,FALSE,gasoline,1.5,hatchback,FALSE,owned,front,TRUE,FALSE,FALSE,FALSE,FALSE,FALSE,FALSE,FALSE,FALSE,FALSE,33,1100
Toyota,Sienna,automatic,silver,206000,2008,gas,TRUE,gasoline,3.5,minivan,FALSE,owned,front,FALSE,TRUE,TRUE,TRUE,FALSE,FALSE,TRUE,FALSE,FALSE,TRUE,154,10550
Nissan,X-Trail,automatic,grey,96000,2014,gasoline,FALSE,gasoline,2,suv,FALSE,owned,all,FALSE,TRUE,TRUE,TRUE,FALSE,TRUE,TRUE,TRUE,TRUE,TRUE,35,14400
Opel,Corsa,mechanical,blue,200000,2000,gasoline,FALSE,gasoline,1,hatchback,FALSE,owned,front,TRUE,FALSE,FALSE,FALSE,FALSE,FALSE,FALSE,FALSE,FALSE,FALSE,81,1500
Opel,Omega,mechanical,green,450000,1995,gasoline,FALSE,gasoline,2,universal,FALSE,owned,rear,FALSE,FALSE,TRUE,TRUE,FALSE,FALSE,FALSE,FALSE,FALSE,FALSE,64,2200
Audi,A6,mechanical,silver,123086,1998,diesel,FALSE,diesel,1.9,universal,FALSE,owned,front,FALSE,TRUE,TRUE,TRUE,FALSE,TRUE,FALSE,FALSE,TRUE,TRUE,55,5700
Opel,Grandland X,automatic,grey,12500,2017,gasoline,FALSE,gasoline,1.2,suv,FALSE,owned,front,FALSE,TRUE,TRUE,TRUE,TRUE,TRUE,TRUE,TRUE,TRUE,TRUE,246,18995
BMW,530,automatic,white,80000,2017,gasoline,FALSE,gasoline,2,sedan,FALSE,owned,rear,FALSE,FALSE,TRUE,TRUE,FALSE,TRUE,TRUE,TRUE,TRUE,TRUE,18,39000
Honda,Fit,automatic,red,217261,2009,gasoline,FALSE,gasoline,1.5,hatchback,FALSE,owned,front,FALSE,TRUE,FALSE,FALSE,FALSE,FALSE,FALSE,TRUE,TRUE,TRUE,57,7750
Chrysler,Stratus,automatic,green,380000,1997,gasoline,FALSE,gasoline,2.5,sedan,FALSE,owned,front,FALSE,FALSE,FALSE,TRUE,TRUE,TRUE,TRUE,TRUE,FALSE,TRUE,12,1500
Volkswagen,Jetta,mechanical,other,57000,1986,gasoline,FALSE,gasoline,1.6,coupe,FALSE,owned,front,FALSE,FALSE,FALSE,FALSE,FALSE,FALSE,FALSE,TRUE,FALSE,FALSE,14,550
Daewoo,Matiz,mechanical,yellow,172000,2009,gasoline,FALSE,gasoline,0.8,hatchback,FALSE,owned,front,TRUE,FALSE,FALSE,FALSE,FALSE,FALSE,FALSE,FALSE,FALSE,FALSE,93,2000
Mazda,E2200,mechanical,yellow,230000,1997,diesel,FALSE,diesel,2.2,minibus,FALSE,owned,rear,FALSE,FALSE,FALSE,FALSE,FALSE,TRUE,FALSE,FALSE,FALSE,FALSE,175,650
Opel,Astra,automatic,white,135000,2011,gasoline,FALSE,gasoline,1.4,hatchback,FALSE,owned,front,FALSE,TRUE,FALSE,FALSE,FALSE,TRUE,FALSE,FALSE,TRUE,FALSE,85,7700
ГАЗ,21,mechanical,grey,250000,1962,gasoline,FALSE,gasoline,2.4,sedan,FALSE,owned,rear,TRUE,FALSE,FALSE,FALSE,FALSE,FALSE,FALSE,FALSE,FALSE,FALSE,122,3100
BMW,320,mechanical,silver,404000,2001,diesel,FALSE,diesel,2,universal,FALSE,owned,rear,FALSE,TRUE,TRUE,FALSE,TRUE,FALSE,FALSE,FALSE,TRUE,TRUE,135,5200
Nissan,Almera Tino,mechanical,other,290000,2001,diesel,FALSE,diesel,2.2,minivan,FALSE,owned,front,FALSE,TRUE,FALSE,FALSE,FALSE,FALSE,FALSE,FALSE,TRUE,FALSE,11,3750
Daewoo,Matiz,mechanical,red,134000,1998,gasoline,FALSE,gasoline,0.8,minivan,FALSE,owned,front,FALSE,FALSE,FALSE,FALSE,FALSE,FALSE,TRUE,FALSE,FALSE,FALSE,236,1100
Ford,Mondeo,automatic,brown,154000,2011,gasoline,FALSE,gasoline,2,sedan,FALSE,owned,front,FALSE,FALSE,TRUE,TRUE,FALSE,FALSE,TRUE,TRUE,TRUE,TRUE,7,9800
Citroen,Evasion,mechanical,silver,320000,2001,gasoline,FALSE,gasoline,2,minivan,FALSE,owned,front,FALSE,TRUE,FALSE,TRUE,FALSE,FALSE,FALSE,FALSE,FALSE,FALSE,18,4200
Mitsubishi,Lancer Evolution,mechanical,blue,100000,1996,gasoline,FALSE,gasoline,2,coupe,FALSE,owned,front,TRUE,FALSE,FALSE,FALSE,FALSE,FALSE,FALSE,FALSE,FALSE,FALSE,30,3500
Volvo,XC60,automatic,black,91000,2010,diesel,FALSE,diesel,2.4,suv,FALSE,owned,all,FALSE,TRUE,TRUE,TRUE,TRUE,TRUE,FALSE,TRUE,TRUE,TRUE,159,17450
Ford,Escort,mechanical,white,400000,1993,diesel,FALSE,diesel,1.8,universal,FALSE,owned,front,TRUE,FALSE,FALSE,FALSE,FALSE,FALSE,FALSE,FALSE,FALSE,FALSE,5,300
Renault,Laguna,mechanical,other,338000,1996,gasoline,FALSE,gasoline,1.8,hatchback,FALSE,owned,front,FALSE,TRUE,FALSE,FALSE,FALSE,FALSE,FALSE,FALSE,FALSE,TRUE,83,1850
Ford,S-Max,mechanical,green,191000,2006,gasoline,FALSE,gasoline,2,minivan,FALSE,owned,front,FALSE,TRUE,FALSE,TRUE,TRUE,FALSE,FALSE,FALSE,FALSE,TRUE,61,7650
Volkswagen,Passat,mechanical,other,390000,2008,diesel,FALSE,diesel,2,sedan,FALSE,owned,front,FALSE,TRUE,TRUE,FALSE,FALSE,TRUE,FALSE,FALSE,TRUE,FALSE,205,6599
Dodge,Caravan,automatic,blue,410383,2000,gas,TRUE,gasoline,2.4,minivan,FALSE,owned,front,FALSE,TRUE,FALSE,FALSE,TRUE,FALSE,FALSE,FALSE,FALSE,TRUE,56,3500
Volkswagen,Tiguan,mechanical,silver,105000,2013,gasoline,FALSE,gasoline,1.4,suv,FALSE,owned,front,FALSE,TRUE,FALSE,TRUE,FALSE,FALSE,FALSE,TRUE,TRUE,TRUE,89,11900
Citroen,Xantia,mechanical,silver,520000,1998,diesel,FALSE,diesel,2.1,universal,FALSE,owned,front,FALSE,TRUE,FALSE,FALSE,FALSE,FALSE,FALSE,FALSE,FALSE,FALSE,16,1000
Volkswagen,Passat,mechanical,other,350000,1997,gasoline,FALSE,gasoline,1.6,sedan,FALSE,owned,front,TRUE,FALSE,FALSE,FALSE,FALSE,FALSE,FALSE,FALSE,FALSE,FALSE,77,3319.74
Volkswagen,T3,mechanical,red,456987,1988,diesel,FALSE,diesel,1.6,minibus,FALSE,owned,rear,TRUE,FALSE,FALSE,FALSE,FALSE,FALSE,FALSE,FALSE,FALSE,FALSE,82,1550
Москвич,2140,mechanical,other,1,1981,gasoline,FALSE,gasoline,1.5,sedan,FALSE,owned,rear,TRUE,FALSE,FALSE,FALSE,FALSE,FALSE,FALSE,FALSE,FALSE,FALSE,59,300
Opel,Zafira,mechanical,silver,300000,2006,diesel,FALSE,diesel,1.9,minivan,FALSE,owned,rear,TRUE,FALSE,FALSE,FALSE,FALSE,FALSE,FALSE,FALSE,FALSE,FALSE,9,6500
Seat,Toledo,mechanical,other,280000,2004,diesel,FALSE,diesel,1.9,minivan,FALSE,owned,front,FALSE,TRUE,FALSE,FALSE,FALSE,FALSE,FALSE,FALSE,TRUE,FALSE,89,5200
Lincoln,Mark VIII,automatic,red,250000,1998,gasoline,FALSE,gasoline,4.6,coupe,FALSE,owned,rear,FALSE,TRUE,FALSE,FALSE,TRUE,FALSE,FALSE,FALSE,FALSE,TRUE,297,4500
Volkswagen,Golf,mechanical,white,300000,1986,gasoline,FALSE,gasoline,1.6,hatchback,FALSE,owned,front,TRUE,FALSE,FALSE,FALSE,FALSE,FALSE,FALSE,FALSE,FALSE,FALSE,32,350
Nissan,Vanette,mechanical,green,350000,2000,diesel,FALSE,diesel,2.3,minivan,FALSE,owned,front,TRUE,FALSE,FALSE,FALSE,FALSE,FALSE,FALSE,FALSE,FALSE,FALSE,133,2300
Peugeot,307,mechanical,black,381000,2004,diesel,FALSE,diesel,2,universal,FALSE,owned,front,TRUE,FALSE,FALSE,FALSE,FALSE,FALSE,FALSE,FALSE,FALSE,FALSE,15,4499
Peugeot,308,mechanical,grey,151000,2009,diesel,FALSE,diesel,1.6,universal,FALSE,owned,front,FALSE,FALSE,FALSE,FALSE,FALSE,FALSE,FALSE,FALSE,TRUE,FALSE,11,6800
Renault,Megane Scenic,mechanical,blue,375500,2000,diesel,FALSE,diesel,1.9,hatchback,FALSE,owned,front,FALSE,TRUE,FALSE,FALSE,FALSE,FALSE,FALSE,FALSE,FALSE,FALSE,90,3500
Opel,Zafira,mechanical,silver,260000,2001,diesel,FALSE,diesel,2,minivan,FALSE,owned,front,FALSE,TRUE,FALSE,FALSE,FALSE,FALSE,FALSE,FALSE,TRUE,TRUE,159,4100
Mazda,626,mechanical,other,342850,1996,gasoline,FALSE,gasoline,2.5,sedan,FALSE,owned,front,FALSE,TRUE,FALSE,FALSE,FALSE,FALSE,FALSE,FALSE,FALSE,FALSE,697,2020
Opel,Vivaro,mechanical,white,317000,2001,diesel,FALSE,diesel,1.9,minibus,FALSE,owned,front,FALSE,FALSE,FALSE,FALSE,FALSE,FALSE,FALSE,TRUE,FALSE,FALSE,91,7500
Honda,Pilot,automatic,black,96000,2012,gasoline,FALSE,gasoline,3.5,suv,FALSE,owned,all,TRUE,FALSE,FALSE,FALSE,FALSE,FALSE,FALSE,FALSE,FALSE,FALSE,9,16800
Peugeot,308,automatic,blue,166800,2008,gasoline,FALSE,gasoline,1.6,hatchback,FALSE,owned,front,FALSE,FALSE,TRUE,TRUE,FALSE,FALSE,FALSE,FALSE,FALSE,FALSE,35,5150
BMW,320,mechanical,blue,371000,2000,diesel,FALSE,diesel,2,sedan,FALSE,owned,rear,FALSE,TRUE,FALSE,FALSE,FALSE,FALSE,FALSE,FALSE,TRUE,TRUE,21,4200
Renault,Laguna,mechanical,green,300000,1994,gasoline,FALSE,gasoline,1.8,sedan,FALSE,owned,front,TRUE,FALSE,FALSE,FALSE,FALSE,FALSE,FALSE,FALSE,FALSE,FALSE,17,1100
Peugeot,406,mechanical,silver,250000,1996,gasoline,FALSE,gasoline,2,sedan,FALSE,owned,front,FALSE,TRUE,FALSE,FALSE,FALSE,FALSE,FALSE,FALSE,FALSE,FALSE,35,1450
Ford,Transit,mechanical,grey,454700,2000,diesel,FALSE,diesel,2.4,minibus,FALSE,owned,rear,FALSE,TRUE,TRUE,FALSE,FALSE,TRUE,FALSE,TRUE,FALSE,FALSE,139,5700
Volkswagen,Fox,mechanical,white,97000,2009,gasoline,FALSE,gasoline,1.2,hatchback,FALSE,owned,front,FALSE,FALSE,TRUE,FALSE,FALSE,TRUE,FALSE,FALSE,FALSE,FALSE,121,5100
Mitsubishi,Outlander,automatic,silver,225308,2010,gasoline,FALSE,gasoline,2.4,suv,FALSE,owned,front,FALSE,TRUE,FALSE,FALSE,FALSE,FALSE,FALSE,FALSE,FALSE,TRUE,60,11000
Mercedes-Benz,B160,mechanical,white,50000,2014,diesel,FALSE,diesel,1.5,minivan,FALSE,owned,front,FALSE,TRUE,FALSE,TRUE,FALSE,FALSE,FALSE,TRUE,TRUE,FALSE,60,16000
Renault,Kadjar,automatic,black,138000,2015,diesel,FALSE,diesel,1.5,suv,FALSE,owned,front,FALSE,TRUE,FALSE,TRUE,FALSE,TRUE,TRUE,TRUE,TRUE,TRUE,67,15400
Nissan,Navara,mechanical,red,296000,1999,diesel,FALSE,diesel,2.5,pickup,FALSE,owned,all,TRUE,FALSE,FALSE,FALSE,FALSE,FALSE,FALSE,FALSE,FALSE,FALSE,80,5100
BMW,316,automatic,black,355000,1995,gasoline,FALSE,gasoline,1.6,coupe,FALSE,owned,rear,FALSE,FALSE,FALSE,FALSE,TRUE,FALSE,FALSE,FALSE,FALSE,TRUE,20,6000
Ford,Fiesta,mechanical,white,231231,1994,gasoline,FALSE,gasoline,1.1,hatchback,FALSE,owned,front,TRUE,FALSE,FALSE,FALSE,FALSE,FALSE,FALSE,FALSE,FALSE,FALSE,6,550
Nissan,Terrano,automatic,silver,105000,2014,gasoline,FALSE,gasoline,2,suv,FALSE,owned,front,FALSE,TRUE,FALSE,TRUE,TRUE,TRUE,TRUE,FALSE,TRUE,TRUE,143,10100
Mercedes-Benz,E230,automatic,black,250000,1990,gasoline,FALSE,gasoline,2.3,sedan,FALSE,owned,rear,FALSE,TRUE,TRUE,TRUE,TRUE,TRUE,FALSE,FALSE,TRUE,TRUE,51,4300
Alfa Romeo,166,mechanical,black,375000,2000,diesel,FALSE,diesel,2.4,sedan,FALSE,owned,front,FALSE,TRUE,FALSE,FALSE,TRUE,FALSE,TRUE,FALSE,FALSE,TRUE,61,3750
Fiat,Tempra,mechanical,blue,200000,1993,gasoline,FALSE,gasoline,1.6,sedan,FALSE,owned,front,TRUE,FALSE,FALSE,FALSE,FALSE,FALSE,FALSE,FALSE,FALSE,FALSE,89,600
Mercedes-Benz,Vito,automatic,silver,350000,1998,diesel,FALSE,diesel,2.3,minivan,FALSE,owned,front,FALSE,TRUE,FALSE,FALSE,FALSE,FALSE,FALSE,FALSE,FALSE,TRUE,43,4300
Volkswagen,Passat,mechanical,white,444000,1994,gasoline,FALSE,gasoline,2,universal,FALSE,owned,front,FALSE,TRUE,FALSE,FALSE,FALSE,FALSE,FALSE,FALSE,FALSE,TRUE,83,2350
Mazda,121,mechanical,red,234000,1993,gasoline,FALSE,gasoline,1.3,sedan,FALSE,owned,front,FALSE,FALSE,FALSE,FALSE,FALSE,FALSE,FALSE,FALSE,FALSE,TRUE,35,700
LADA,4x4,mechanical,blue,44000,2015,gasoline,FALSE,gasoline,1.7,suv,FALSE,owned,all,TRUE,FALSE,FALSE,FALSE,FALSE,FALSE,FALSE,FALSE,FALSE,FALSE,34,5500
Ford,Focus,mechanical,blue,211500,2004,gasoline,FALSE,gasoline,1.6,hatchback,FALSE,owned,front,FALSE,TRUE,FALSE,FALSE,FALSE,TRUE,TRUE,FALSE,FALSE,TRUE,34,3599
Kia,Cee'd,mechanical,black,230000,2008,gasoline,FALSE,gasoline,1.4,hatchback,FALSE,owned,front,FALSE,TRUE,FALSE,FALSE,FALSE,FALSE,FALSE,FALSE,TRUE,TRUE,33,5300
Opel,Omega,mechanical,black,480000,1999,gasoline,FALSE,gasoline,2.5,sedan,FALSE,owned,rear,TRUE,FALSE,FALSE,FALSE,FALSE,FALSE,FALSE,FALSE,FALSE,FALSE,4,1450
Audi,A4,mechanical,blue,388000,1997,gasoline,FALSE,gasoline,1.8,sedan,FALSE,owned,front,TRUE,FALSE,FALSE,FALSE,FALSE,FALSE,FALSE,FALSE,FALSE,FALSE,90,3500
Mercedes-Benz,E230,mechanical,white,500000,1987,gas,TRUE,gasoline,2.3,sedan,FALSE,owned,rear,TRUE,FALSE,FALSE,FALSE,FALSE,FALSE,FALSE,FALSE,FALSE,FALSE,138,1000
Renault,Megane,mechanical,white,299014,1997,gasoline,FALSE,gasoline,1.4,hatchback,FALSE,owned,front,TRUE,FALSE,FALSE,FALSE,FALSE,FALSE,FALSE,FALSE,FALSE,FALSE,51,650
Audi,A4,mechanical,black,190000,2009,diesel,FALSE,diesel,2,universal,FALSE,owned,front,FALSE,FALSE,FALSE,FALSE,FALSE,FALSE,FALSE,TRUE,TRUE,TRUE,74,13999
Ford,Expedition,automatic,black,262000,2001,gasoline,FALSE,gasoline,5.4,suv,FALSE,owned,all,FALSE,TRUE,FALSE,FALSE,TRUE,TRUE,FALSE,FALSE,TRUE,TRUE,105,5600
Peugeot,307,automatic,blue,116000,2006,gasoline,FALSE,gasoline,1.6,hatchback,FALSE,owned,front,FALSE,TRUE,TRUE,TRUE,FALSE,FALSE,FALSE,FALSE,FALSE,FALSE,76,3700
Iveco,Daily,mechanical,white,500000,1995,diesel,FALSE,diesel,2.5,minibus,FALSE,owned,rear,TRUE,FALSE,FALSE,FALSE,FALSE,FALSE,FALSE,FALSE,FALSE,FALSE,155,3200
Peugeot,406,mechanical,blue,300000,1996,gasoline,FALSE,gasoline,1.8,sedan,FALSE,owned,front,FALSE,FALSE,FALSE,FALSE,FALSE,FALSE,FALSE,FALSE,FALSE,TRUE,90,1900
Opel,Corsa,mechanical,black,160000,2001,gasoline,FALSE,gasoline,1.2,hatchback,FALSE,owned,front,TRUE,FALSE,FALSE,FALSE,FALSE,FALSE,FALSE,FALSE,FALSE,FALSE,14,2500
Honda,Civic,automatic,silver,200000,2007,hybrid-petrol,FALSE,gasoline,1.3,sedan,FALSE,owned,front,FALSE,FALSE,FALSE,FALSE,FALSE,TRUE,FALSE,FALSE,TRUE,TRUE,11,5500
Volkswagen,Golf,mechanical,blue,219000,1998,gasoline,FALSE,gasoline,1.8,universal,FALSE,owned,front,FALSE,FALSE,FALSE,FALSE,FALSE,TRUE,FALSE,FALSE,FALSE,TRUE,33,2600
Opel,Astra,mechanical,grey,340000,2008,diesel,FALSE,diesel,1.3,coupe,FALSE,owned,front,FALSE,TRUE,FALSE,TRUE,FALSE,FALSE,TRUE,FALSE,FALSE,TRUE,1,6000
Peugeot,406,mechanical,grey,240000,1998,gasoline,FALSE,gasoline,1.8,sedan,FALSE,owned,front,FALSE,TRUE,FALSE,FALSE,FALSE,FALSE,FALSE,TRUE,FALSE,FALSE,229,2350
Opel,Astra,mechanical,grey,84000,2009,gasoline,FALSE,gasoline,1.4,universal,FALSE,owned,front,FALSE,TRUE,FALSE,FALSE,FALSE,FALSE,FALSE,FALSE,FALSE,TRUE,64,8800
BMW,320,mechanical,silver,329500,2001,diesel,FALSE,diesel,2,sedan,FALSE,owned,rear,FALSE,TRUE,FALSE,FALSE,FALSE,FALSE,FALSE,FALSE,TRUE,TRUE,43,4200
Skoda,Octavia,mechanical,other,183000,2007,gasoline,FALSE,gasoline,2,universal,FALSE,owned,all,FALSE,TRUE,FALSE,TRUE,FALSE,FALSE,FALSE,FALSE,TRUE,TRUE,79,8500
Mercedes-Benz,T1,mechanical,red,47000,1970,gasoline,FALSE,gasoline,2.4,pickup,FALSE,owned,rear,TRUE,FALSE,FALSE,FALSE,FALSE,FALSE,FALSE,FALSE,FALSE,FALSE,26,5000
BMW,X5,automatic,black,11,2003,gasoline,FALSE,gasoline,4.4,suv,FALSE,owned,all,TRUE,FALSE,FALSE,FALSE,FALSE,FALSE,FALSE,FALSE,FALSE,FALSE,32,4794.08
Volkswagen,Crafter,mechanical,blue,417000,2011,diesel,FALSE,diesel,2,minibus,FALSE,owned,rear,FALSE,TRUE,TRUE,FALSE,TRUE,FALSE,FALSE,FALSE,TRUE,FALSE,78,15200
Toyota,Avensis,mechanical,silver,196700,2009,gasoline,FALSE,gasoline,1.6,sedan,FALSE,owned,front,FALSE,TRUE,FALSE,FALSE,FALSE,FALSE,FALSE,FALSE,TRUE,FALSE,81,10555
Volvo,S40,automatic,blue,162000,2006,gasoline,FALSE,gasoline,2.4,sedan,FALSE,owned,front,FALSE,TRUE,FALSE,FALSE,FALSE,TRUE,FALSE,TRUE,FALSE,TRUE,57,7100
Porsche,Cayenne,automatic,grey,30000,2005,gasoline,FALSE,gasoline,4.5,suv,FALSE,owned,all,FALSE,TRUE,TRUE,FALSE,TRUE,TRUE,TRUE,FALSE,TRUE,TRUE,186,15000
Fiat,Marea,mechanical,grey,295000,1996,gasoline,FALSE,gasoline,1.6,universal,FALSE,owned,front,FALSE,FALSE,TRUE,FALSE,FALSE,FALSE,FALSE,FALSE,FALSE,FALSE,106,700
BMW,X1,automatic,brown,166408,2011,diesel,FALSE,diesel,2,suv,FALSE,owned,all,FALSE,TRUE,TRUE,TRUE,TRUE,TRUE,TRUE,TRUE,TRUE,TRUE,48,13900
ВАЗ,2107,mechanical,white,86000,1985,gas,TRUE,gasoline,1.5,sedan,FALSE,owned,rear,FALSE,FALSE,FALSE,FALSE,FALSE,FALSE,FALSE,FALSE,FALSE,TRUE,70,1300
Peugeot,207,automatic,orange,135000,2007,gasoline,FALSE,gasoline,1.6,hatchback,FALSE,owned,front,FALSE,TRUE,FALSE,TRUE,FALSE,TRUE,FALSE,FALSE,FALSE,TRUE,58,4200
Acura,MDX,automatic,grey,224166,2006,gasoline,FALSE,gasoline,3.7,suv,FALSE,owned,all,FALSE,TRUE,TRUE,FALSE,TRUE,TRUE,TRUE,TRUE,TRUE,TRUE,790,12500
Opel,Vectra,mechanical,blue,424000,1998,gasoline,FALSE,gasoline,1.8,sedan,FALSE,owned,front,FALSE,TRUE,FALSE,FALSE,FALSE,FALSE,FALSE,FALSE,FALSE,TRUE,58,1185.61
Citroen,ZX,mechanical,blue,250000,1997,gasoline,FALSE,gasoline,1.4,universal,FALSE,owned,front,TRUE,FALSE,FALSE,FALSE,FALSE,FALSE,FALSE,FALSE,FALSE,FALSE,4,900
Dodge,1500,automatic,blue,210502,2009,gasoline,FALSE,gasoline,4.7,pickup,FALSE,owned,all,FALSE,TRUE,FALSE,FALSE,FALSE,FALSE,FALSE,FALSE,TRUE,TRUE,229,18900
Fiat,Punto,mechanical,orange,200000,1997,gasoline,FALSE,gasoline,1.1,hatchback,FALSE,owned,front,FALSE,FALSE,FALSE,FALSE,FALSE,FALSE,FALSE,FALSE,FALSE,TRUE,11,1500
Seat,Alhambra,mechanical,silver,250000,2003,diesel,FALSE,diesel,1.9,minivan,FALSE,owned,front,FALSE,TRUE,FALSE,FALSE,FALSE,FALSE,FALSE,TRUE,TRUE,TRUE,36,6500
Mazda,323,mechanical,red,325000,1994,gasoline,FALSE,gasoline,1.5,hatchback,FALSE,owned,front,FALSE,FALSE,FALSE,FALSE,FALSE,FALSE,FALSE,FALSE,FALSE,TRUE,41,1200
Peugeot,3008,mechanical,grey,124000,2012,gasoline,FALSE,gasoline,1.6,suv,FALSE,owned,front,TRUE,FALSE,FALSE,FALSE,FALSE,FALSE,FALSE,FALSE,FALSE,FALSE,11,9350
Volvo,S60,automatic,grey,40300,2017,gasoline,FALSE,gasoline,2,sedan,FALSE,owned,all,FALSE,FALSE,TRUE,TRUE,TRUE,TRUE,TRUE,TRUE,TRUE,TRUE,35,17900
Volkswagen,Sharan,mechanical,green,423000,1998,gasoline,FALSE,gasoline,2,minivan,FALSE,owned,front,FALSE,TRUE,FALSE,FALSE,FALSE,FALSE,FALSE,FALSE,FALSE,TRUE,21,3900
Chevrolet,Cruze,automatic,black,80000,2014,gasoline,FALSE,gasoline,1.8,universal,FALSE,owned,front,FALSE,TRUE,FALSE,TRUE,FALSE,TRUE,FALSE,TRUE,TRUE,TRUE,91,9650
Nissan,Juke,mechanical,brown,144000,2012,gasoline,FALSE,gasoline,1.6,suv,FALSE,owned,front,FALSE,TRUE,TRUE,FALSE,FALSE,TRUE,FALSE,TRUE,TRUE,TRUE,95,10600
Ford,Orion,mechanical,blue,100000,1989,gasoline,FALSE,gasoline,1.4,sedan,FALSE,owned,front,FALSE,TRUE,TRUE,FALSE,TRUE,TRUE,TRUE,TRUE,TRUE,TRUE,49,300
Audi,100,mechanical,other,280000,1987,gasoline,FALSE,gasoline,2,sedan,FALSE,owned,front,TRUE,FALSE,FALSE,FALSE,FALSE,FALSE,FALSE,FALSE,FALSE,FALSE,34,1000
Toyota,RAV4,automatic,blue,422000,2002,gasoline,FALSE,gasoline,2,suv,FALSE,owned,all,FALSE,TRUE,FALSE,FALSE,FALSE,FALSE,FALSE,FALSE,FALSE,TRUE,76,6700
Mercedes-Benz,Sprinter,mechanical,white,519000,2009,diesel,FALSE,diesel,2.2,van,FALSE,owned,rear,FALSE,TRUE,TRUE,FALSE,FALSE,FALSE,FALSE,FALSE,TRUE,FALSE,76,17700
Chrysler,Grand Voyager,mechanical,other,300000,2002,gas,TRUE,gasoline,2.4,minivan,FALSE,owned,front,FALSE,TRUE,FALSE,FALSE,FALSE,FALSE,FALSE,FALSE,FALSE,FALSE,73,6550
Seat,Alhambra,mechanical,silver,341000,1999,diesel,FALSE,diesel,1.9,minivan,FALSE,owned,front,FALSE,TRUE,FALSE,FALSE,TRUE,FALSE,FALSE,TRUE,FALSE,TRUE,71,4200
Mercedes-Benz,Sprinter,mechanical,white,500000,1997,diesel,FALSE,diesel,2.9,van,FALSE,owned,rear,TRUE,FALSE,FALSE,FALSE,FALSE,FALSE,FALSE,FALSE,FALSE,FALSE,117,7000
Ford,Focus,automatic,silver,133000,2013,gasoline,FALSE,gasoline,1.6,sedan,FALSE,owned,front,FALSE,FALSE,FALSE,FALSE,FALSE,TRUE,FALSE,FALSE,TRUE,TRUE,0,8300
Mitsubishi,Lancer,automatic,silver,230,2003,gas,TRUE,gasoline,2,sedan,FALSE,owned,front,FALSE,TRUE,TRUE,TRUE,FALSE,FALSE,FALSE,FALSE,TRUE,FALSE,11,3500
Skoda,Roomster,mechanical,blue,209000,2009,diesel,FALSE,diesel,1.4,universal,FALSE,owned,front,FALSE,TRUE,FALSE,TRUE,FALSE,FALSE,FALSE,TRUE,TRUE,TRUE,62,5501
Volkswagen,Golf Plus,mechanical,black,376174,2005,diesel,FALSE,diesel,1.9,hatchback,FALSE,owned,front,FALSE,FALSE,FALSE,FALSE,FALSE,TRUE,FALSE,FALSE,FALSE,FALSE,6,5975.53
Mercedes-Benz,S500,automatic,white,219000,2011,gasoline,FALSE,gasoline,4.7,sedan,FALSE,owned,all,FALSE,TRUE,TRUE,TRUE,TRUE,TRUE,TRUE,TRUE,TRUE,TRUE,77,23000
Ford,Transit,mechanical,blue,333000,1991,diesel,FALSE,diesel,2.5,van,FALSE,owned,rear,TRUE,FALSE,FALSE,FALSE,FALSE,FALSE,FALSE,FALSE,FALSE,FALSE,61,6200
Volkswagen,Golf,mechanical,blue,224000,1997,diesel,FALSE,diesel,1.9,universal,FALSE,owned,front,FALSE,TRUE,FALSE,FALSE,FALSE,FALSE,FALSE,FALSE,FALSE,FALSE,102,2600
Mercedes-Benz,E260,automatic,black,395000,1992,gasoline,FALSE,gasoline,2.6,sedan,FALSE,owned,rear,TRUE,FALSE,FALSE,FALSE,FALSE,FALSE,FALSE,FALSE,FALSE,FALSE,59,1000
Volkswagen,Passat,mechanical,white,390000,1991,diesel,FALSE,diesel,1.9,universal,FALSE,owned,front,TRUE,FALSE,FALSE,FALSE,FALSE,FALSE,FALSE,FALSE,FALSE,FALSE,0,1650
Audi,A4,mechanical,black,156000,2009,gasoline,FALSE,gasoline,1.8,sedan,FALSE,owned,front,FALSE,TRUE,FALSE,TRUE,FALSE,TRUE,FALSE,FALSE,FALSE,TRUE,165,10900
Volvo,V50,automatic,grey,240000,2004,gasoline,FALSE,gasoline,2.4,universal,FALSE,owned,front,FALSE,TRUE,FALSE,FALSE,FALSE,TRUE,FALSE,FALSE,FALSE,FALSE,9,5500
Citroen,C4,mechanical,other,82000,2013,gasoline,FALSE,gasoline,1.6,sedan,FALSE,owned,front,FALSE,FALSE,FALSE,TRUE,FALSE,FALSE,FALSE,FALSE,FALSE,TRUE,7,7900
Mazda,626,mechanical,green,400000,1997,gasoline,FALSE,gasoline,1.8,hatchback,FALSE,owned,front,FALSE,TRUE,FALSE,FALSE,FALSE,FALSE,FALSE,FALSE,FALSE,TRUE,60,1700
Audi,A4,automatic,black,180000,2011,gasoline,FALSE,gasoline,2,sedan,FALSE,owned,front,FALSE,TRUE,TRUE,TRUE,TRUE,TRUE,TRUE,TRUE,TRUE,TRUE,81,10200
Rover,400-Series,mechanical,red,234567,1999,gasoline,FALSE,gasoline,1.4,sedan,FALSE,owned,front,FALSE,FALSE,FALSE,FALSE,FALSE,FALSE,FALSE,FALSE,FALSE,TRUE,3,699
Peugeot,307,mechanical,silver,253000,2004,diesel,FALSE,diesel,1.6,universal,FALSE,owned,front,FALSE,TRUE,FALSE,FALSE,FALSE,FALSE,FALSE,FALSE,TRUE,TRUE,119,5300
Mercedes-Benz,E250,mechanical,black,500000,1985,diesel,FALSE,diesel,2.5,sedan,FALSE,owned,rear,TRUE,FALSE,FALSE,FALSE,FALSE,FALSE,FALSE,FALSE,FALSE,FALSE,4,650
Opel,Astra,mechanical,white,339000,1999,diesel,FALSE,diesel,2,hatchback,FALSE,owned,front,TRUE,FALSE,FALSE,FALSE,FALSE,FALSE,FALSE,FALSE,FALSE,FALSE,88,2600
Citroen,Xsara Picasso,mechanical,white,300000,2000,diesel,FALSE,diesel,2,minivan,FALSE,owned,front,FALSE,TRUE,FALSE,FALSE,FALSE,FALSE,FALSE,FALSE,FALSE,TRUE,4,3300
Nissan,Almera Tino,automatic,blue,350000,2001,gasoline,FALSE,gasoline,2,minivan,FALSE,owned,front,TRUE,FALSE,FALSE,FALSE,FALSE,FALSE,FALSE,FALSE,FALSE,FALSE,11,2750
BMW,318,automatic,black,194000,2015,diesel,FALSE,diesel,2,universal,FALSE,owned,rear,FALSE,TRUE,FALSE,TRUE,FALSE,TRUE,TRUE,TRUE,TRUE,TRUE,90,17599
Volkswagen,T5,mechanical,white,380000,2003,diesel,FALSE,diesel,1.9,minibus,FALSE,owned,front,FALSE,TRUE,FALSE,TRUE,FALSE,FALSE,FALSE,FALSE,TRUE,TRUE,146,9450
Mercedes-Benz,C180,mechanical,black,270000,2008,gasoline,FALSE,gasoline,1.8,sedan,FALSE,owned,front,FALSE,TRUE,FALSE,FALSE,FALSE,TRUE,FALSE,TRUE,FALSE,TRUE,32,9000
Toyota,Yaris,mechanical,grey,320000,1999,gasoline,FALSE,gasoline,1,hatchback,FALSE,owned,front,TRUE,FALSE,FALSE,FALSE,FALSE,FALSE,FALSE,FALSE,FALSE,FALSE,48,1800
Mitsubishi,Space Star,mechanical,green,375000,2001,gasoline,FALSE,gasoline,1.3,minivan,FALSE,owned,front,FALSE,TRUE,FALSE,FALSE,FALSE,FALSE,FALSE,FALSE,FALSE,TRUE,268,2750
Opel,Vectra,mechanical,violet,250000,1997,gasoline,FALSE,gasoline,1.8,universal,FALSE,owned,front,FALSE,FALSE,FALSE,FALSE,FALSE,FALSE,FALSE,FALSE,FALSE,TRUE,16,1800
Citroen,C5,mechanical,other,216000,2003,diesel,FALSE,diesel,2.2,sedan,FALSE,owned,front,FALSE,TRUE,TRUE,TRUE,FALSE,FALSE,FALSE,FALSE,TRUE,TRUE,198,4200
Opel,Vectra,mechanical,silver,635000,2002,gasoline,FALSE,gasoline,2.2,sedan,FALSE,owned,front,FALSE,TRUE,FALSE,FALSE,FALSE,FALSE,FALSE,FALSE,FALSE,FALSE,88,3319.74
Mazda,323,mechanical,green,264738,1993,gasoline,FALSE,gasoline,1.8,hatchback,FALSE,owned,front,FALSE,FALSE,FALSE,FALSE,FALSE,FALSE,FALSE,FALSE,FALSE,TRUE,57,750
Honda,CR-V,automatic,black,22000,2018,gasoline,FALSE,gasoline,2.4,suv,TRUE,owned,all,FALSE,FALSE,FALSE,TRUE,FALSE,TRUE,TRUE,TRUE,TRUE,TRUE,11,38000
Suzuki,Grand Vitara,mechanical,brown,350000,2005,gasoline,FALSE,gasoline,2.8,suv,FALSE,owned,all,FALSE,TRUE,FALSE,FALSE,FALSE,TRUE,FALSE,FALSE,FALSE,TRUE,20,6500
Mercedes-Benz,C180,automatic,white,172000,2011,gasoline,FALSE,gasoline,1.8,sedan,FALSE,owned,rear,FALSE,TRUE,TRUE,TRUE,TRUE,TRUE,FALSE,TRUE,TRUE,TRUE,36,13999
ВАЗ,2105,mechanical,green,61000,1983,gasoline,FALSE,gasoline,1.6,sedan,FALSE,owned,rear,TRUE,FALSE,FALSE,FALSE,FALSE,FALSE,FALSE,FALSE,FALSE,FALSE,85,1600
Hyundai,Elantra,mechanical,black,46000,2015,gasoline,FALSE,gasoline,1.6,sedan,FALSE,owned,front,FALSE,TRUE,FALSE,FALSE,FALSE,TRUE,TRUE,TRUE,TRUE,TRUE,81,14500
Nissan,Primera,mechanical,green,285000,2002,gasoline,FALSE,gasoline,2,hatchback,FALSE,owned,front,FALSE,TRUE,TRUE,FALSE,FALSE,TRUE,FALSE,FALSE,TRUE,TRUE,200,3750
Saab,900,mechanical,black,350000,1995,gasoline,FALSE,gasoline,2,hatchback,FALSE,owned,front,FALSE,FALSE,FALSE,FALSE,TRUE,FALSE,FALSE,FALSE,FALSE,TRUE,534,1450
Renault,Clio,mechanical,grey,198000,2005,gasoline,FALSE,gasoline,1.2,hatchback,FALSE,owned,front,FALSE,FALSE,FALSE,FALSE,FALSE,FALSE,FALSE,FALSE,TRUE,TRUE,86,2450
Citroen,C5,automatic,black,247000,2002,diesel,FALSE,diesel,2.2,hatchback,FALSE,owned,front,FALSE,TRUE,TRUE,TRUE,TRUE,TRUE,TRUE,TRUE,TRUE,TRUE,71,4500
Volkswagen,Passat,automatic,silver,500000,2000,gasoline,FALSE,gasoline,2.8,sedan,FALSE,owned,all,FALSE,TRUE,TRUE,FALSE,TRUE,TRUE,FALSE,FALSE,FALSE,TRUE,27,3000
Subaru,Tribeca,automatic,grey,154000,2008,gasoline,FALSE,gasoline,3.6,suv,FALSE,owned,all,FALSE,TRUE,TRUE,TRUE,TRUE,TRUE,FALSE,TRUE,TRUE,TRUE,77,8900
Skoda,Octavia,mechanical,other,280000,2001,gasoline,FALSE,gasoline,1.6,liftback,FALSE,owned,front,FALSE,TRUE,FALSE,FALSE,FALSE,FALSE,FALSE,FALSE,FALSE,TRUE,55,3300
Volkswagen,Passat,mechanical,white,298000,1990,gasoline,FALSE,gasoline,1.8,universal,FALSE,owned,front,FALSE,FALSE,FALSE,FALSE,FALSE,FALSE,FALSE,FALSE,FALSE,TRUE,166,1000
Fiat,Punto,mechanical,silver,212800,2001,gasoline,FALSE,gasoline,1.8,hatchback,FALSE,owned,front,FALSE,TRUE,TRUE,FALSE,FALSE,FALSE,FALSE,FALSE,FALSE,TRUE,57,2150
Mercedes-Benz,R350,automatic,grey,350000,2005,gasoline,FALSE,gasoline,3.5,universal,FALSE,owned,all,FALSE,TRUE,FALSE,TRUE,TRUE,TRUE,FALSE,FALSE,TRUE,TRUE,22,8800
Mercedes-Benz,E220,automatic,silver,221200,2009,diesel,FALSE,diesel,2.2,sedan,FALSE,owned,rear,FALSE,TRUE,TRUE,TRUE,TRUE,FALSE,TRUE,TRUE,TRUE,TRUE,214,14800
Nissan,Primera,automatic,blue,600000,1992,gasoline,FALSE,gasoline,2,universal,FALSE,owned,front,FALSE,TRUE,FALSE,TRUE,FALSE,TRUE,FALSE,FALSE,TRUE,FALSE,25,500
Opel,Omega,mechanical,green,400000,1994,gasoline,FALSE,gasoline,2,sedan,FALSE,owned,rear,FALSE,FALSE,FALSE,FALSE,FALSE,FALSE,FALSE,FALSE,FALSE,TRUE,31,1600
Volkswagen,Caddy,mechanical,silver,156000,2011,diesel,FALSE,diesel,1.6,van,FALSE,owned,front,TRUE,FALSE,FALSE,FALSE,FALSE,FALSE,FALSE,FALSE,FALSE,FALSE,13,9600
Fiat,Doblo,mechanical,white,0,2019,diesel,FALSE,diesel,1.3,van,FALSE,new,front,FALSE,TRUE,FALSE,FALSE,FALSE,FALSE,FALSE,FALSE,TRUE,FALSE,839,19480.41
Skoda,Yeti,automatic,grey,150000,2011,gasoline,FALSE,gasoline,1.2,universal,FALSE,owned,front,FALSE,TRUE,FALSE,TRUE,FALSE,TRUE,FALSE,FALSE,TRUE,TRUE,31,8000
Opel,Frontera,mechanical,blue,320000,2000,diesel,FALSE,diesel,2.2,suv,FALSE,owned,all,TRUE,FALSE,FALSE,FALSE,FALSE,FALSE,FALSE,FALSE,FALSE,FALSE,21,3000
Fiat,Scudo,mechanical,blue,467750,1998,diesel,FALSE,diesel,1.9,minivan,FALSE,owned,front,TRUE,FALSE,FALSE,FALSE,FALSE,FALSE,FALSE,FALSE,FALSE,FALSE,34,3350
Renault,Laguna,mechanical,silver,366000,2002,diesel,FALSE,diesel,2.2,universal,FALSE,owned,front,FALSE,TRUE,TRUE,TRUE,FALSE,FALSE,FALSE,TRUE,TRUE,TRUE,18,3300
Kia,Optima,automatic,brown,89000,2016,gasoline,FALSE,gasoline,2.4,sedan,FALSE,owned,front,FALSE,TRUE,TRUE,TRUE,TRUE,TRUE,TRUE,TRUE,TRUE,TRUE,18,22100
Mercedes-Benz,C200,automatic,silver,171000,2002,gasoline,FALSE,gasoline,1.8,coupe,FALSE,owned,rear,FALSE,TRUE,FALSE,FALSE,FALSE,FALSE,FALSE,FALSE,FALSE,TRUE,150,5250
Peugeot,607,mechanical,grey,359800,2004,diesel,FALSE,diesel,2.2,sedan,FALSE,owned,front,TRUE,FALSE,FALSE,FALSE,FALSE,FALSE,FALSE,FALSE,FALSE,FALSE,32,3810.54
Mitsubishi,Outlander,automatic,other,217000,2008,gas,TRUE,gasoline,2.4,suv,FALSE,owned,all,FALSE,TRUE,FALSE,TRUE,TRUE,TRUE,FALSE,FALSE,TRUE,TRUE,199,9100
Audi,80,mechanical,silver,300000,1989,gasoline,FALSE,gasoline,1.8,sedan,FALSE,owned,front,FALSE,FALSE,FALSE,FALSE,FALSE,FALSE,FALSE,FALSE,FALSE,TRUE,130,2000
Seat,Ibiza,mechanical,red,209000,1997,gasoline,FALSE,gasoline,1,hatchback,FALSE,owned,front,FALSE,FALSE,FALSE,FALSE,FALSE,FALSE,FALSE,FALSE,FALSE,TRUE,31,1299
Mercedes-Benz,B180,automatic,white,143000,2010,gasoline,FALSE,gasoline,1.8,hatchback,FALSE,owned,front,FALSE,TRUE,FALSE,TRUE,FALSE,TRUE,FALSE,TRUE,FALSE,FALSE,135,10000
BMW,318,mechanical,blue,400000,1994,gasoline,FALSE,gasoline,1.8,sedan,FALSE,owned,rear,FALSE,TRUE,FALSE,FALSE,TRUE,FALSE,FALSE,FALSE,FALSE,TRUE,116,1100
Hyundai,i20,mechanical,red,155000,2009,gasoline,FALSE,gasoline,1.2,hatchback,FALSE,owned,front,FALSE,TRUE,FALSE,FALSE,FALSE,FALSE,FALSE,FALSE,FALSE,FALSE,68,4800
Opel,Vectra,mechanical,blue,300000,2000,gasoline,FALSE,gasoline,1.6,sedan,FALSE,owned,front,TRUE,FALSE,FALSE,FALSE,FALSE,FALSE,FALSE,FALSE,FALSE,FALSE,61,1680
Ford,Focus,mechanical,black,106000,2012,gasoline,FALSE,gasoline,1.6,sedan,FALSE,owned,front,FALSE,TRUE,FALSE,FALSE,FALSE,TRUE,FALSE,FALSE,FALSE,FALSE,4,5800
Chrysler,Neon,mechanical,black,320000,1995,gasoline,FALSE,gasoline,2,sedan,FALSE,owned,front,FALSE,TRUE,FALSE,FALSE,FALSE,FALSE,FALSE,FALSE,FALSE,TRUE,95,600
Mercedes-Benz,ML350,automatic,black,170000,2012,diesel,FALSE,diesel,3,suv,FALSE,owned,all,FALSE,TRUE,TRUE,TRUE,TRUE,TRUE,TRUE,TRUE,TRUE,TRUE,25,26900
Ford,Focus,mechanical,violet,305000,1999,gasoline,FALSE,gasoline,1.6,hatchback,FALSE,owned,front,TRUE,FALSE,FALSE,FALSE,FALSE,FALSE,FALSE,FALSE,FALSE,FALSE,54,1890
Volkswagen,Phaeton,automatic,other,270000,2004,gas,TRUE,gasoline,3.2,sedan,FALSE,owned,front,FALSE,TRUE,TRUE,TRUE,TRUE,TRUE,TRUE,TRUE,TRUE,TRUE,206,7500
Kia,Sephia,mechanical,green,268000,1995,gasoline,FALSE,gasoline,1.6,sedan,FALSE,owned,front,FALSE,TRUE,FALSE,FALSE,FALSE,FALSE,FALSE,FALSE,FALSE,FALSE,57,500
Volkswagen,Touran,mechanical,blue,313000,2005,diesel,FALSE,diesel,2,minivan,FALSE,owned,front,FALSE,TRUE,FALSE,FALSE,FALSE,TRUE,FALSE,FALSE,TRUE,FALSE,194,6550
Nissan,Murano,automatic,silver,236574,2003,gasoline,FALSE,gasoline,3.5,suv,FALSE,owned,front,FALSE,TRUE,TRUE,TRUE,TRUE,TRUE,TRUE,TRUE,TRUE,TRUE,56,6333
Audi,A6,automatic,black,163256,2011,diesel,FALSE,diesel,3,sedan,FALSE,owned,all,FALSE,TRUE,TRUE,TRUE,TRUE,TRUE,FALSE,TRUE,TRUE,TRUE,90,21490
Volkswagen,Passat,mechanical,brown,268000,2006,diesel,FALSE,diesel,1.9,universal,FALSE,owned,front,FALSE,TRUE,FALSE,FALSE,FALSE,FALSE,FALSE,FALSE,FALSE,FALSE,59,6900
Peugeot,306,mechanical,green,251000,1993,gasoline,FALSE,gasoline,1.4,hatchback,FALSE,owned,front,FALSE,FALSE,FALSE,FALSE,FALSE,FALSE,FALSE,TRUE,FALSE,FALSE,18,1500
Nissan,Sunny,mechanical,blue,350000,1998,diesel,FALSE,diesel,2,universal,FALSE,owned,front,TRUE,FALSE,FALSE,FALSE,FALSE,FALSE,FALSE,FALSE,FALSE,FALSE,139,806.22
Audi,A6,automatic,silver,301000,2005,diesel,FALSE,diesel,3,sedan,FALSE,owned,all,FALSE,TRUE,TRUE,TRUE,FALSE,FALSE,TRUE,TRUE,TRUE,TRUE,86,7900
Chrysler,Stratus,mechanical,other,314000,1998,gasoline,FALSE,gasoline,2,sedan,FALSE,owned,front,FALSE,TRUE,TRUE,FALSE,FALSE,FALSE,FALSE,FALSE,FALSE,FALSE,82,1300
Volvo,XC90,automatic,brown,199500,2010,diesel,FALSE,diesel,2.4,suv,FALSE,owned,all,FALSE,TRUE,TRUE,TRUE,FALSE,TRUE,FALSE,TRUE,TRUE,TRUE,42,17099
Volkswagen,Sharan,mechanical,silver,393000,2000,gasoline,FALSE,gasoline,2,minivan,FALSE,owned,front,FALSE,TRUE,FALSE,FALSE,FALSE,TRUE,FALSE,FALSE,TRUE,FALSE,177,4800
Chrysler,Grand Voyager,automatic,other,280000,2002,gasoline,FALSE,gasoline,3.3,minivan,FALSE,owned,front,FALSE,TRUE,FALSE,FALSE,FALSE,FALSE,FALSE,FALSE,TRUE,FALSE,160,4100
Mercedes-Benz,E250,mechanical,silver,427000,1998,diesel,FALSE,diesel,2.5,sedan,FALSE,owned,rear,TRUE,FALSE,FALSE,FALSE,FALSE,FALSE,FALSE,FALSE,FALSE,FALSE,22,3500
Volkswagen,Passat,automatic,blue,260000,2011,diesel,FALSE,diesel,2,sedan,FALSE,owned,front,TRUE,FALSE,FALSE,FALSE,FALSE,FALSE,FALSE,FALSE,FALSE,FALSE,9,10900
Hyundai,Lantra,mechanical,silver,285000,1993,gasoline,FALSE,gasoline,1.5,sedan,FALSE,emergency,front,TRUE,FALSE,FALSE,FALSE,FALSE,FALSE,FALSE,FALSE,FALSE,FALSE,28,284.55
Daewoo,Lanos,mechanical,silver,212800,1997,gasoline,FALSE,gasoline,1.5,sedan,FALSE,owned,front,FALSE,TRUE,FALSE,FALSE,FALSE,FALSE,FALSE,FALSE,FALSE,FALSE,67,1700
Lexus,RX,automatic,blue,205000,2003,gasoline,FALSE,gasoline,3.3,suv,FALSE,owned,front,FALSE,TRUE,FALSE,FALSE,TRUE,FALSE,FALSE,FALSE,TRUE,TRUE,37,8450
Nissan,Sunny,mechanical,grey,334000,1993,diesel,FALSE,diesel,2,universal,FALSE,owned,front,TRUE,FALSE,FALSE,FALSE,FALSE,FALSE,FALSE,FALSE,FALSE,FALSE,59,850
Mercedes-Benz,E220,mechanical,other,362000,2003,diesel,FALSE,diesel,2.2,sedan,FALSE,owned,rear,FALSE,TRUE,FALSE,FALSE,TRUE,TRUE,TRUE,FALSE,TRUE,TRUE,173,6650
Infiniti,QX,automatic,black,22600,2017,gasoline,FALSE,gasoline,2,hatchback,FALSE,owned,front,FALSE,FALSE,FALSE,TRUE,TRUE,TRUE,TRUE,TRUE,TRUE,TRUE,7,23500
Nissan,Juke,automatic,white,99000,2014,gasoline,FALSE,gasoline,1.8,hatchback,FALSE,owned,front,FALSE,TRUE,TRUE,TRUE,FALSE,TRUE,TRUE,TRUE,TRUE,FALSE,91,12999
Volvo,S60,mechanical,other,265000,2005,gasoline,FALSE,gasoline,2.4,sedan,FALSE,owned,front,FALSE,TRUE,TRUE,TRUE,TRUE,TRUE,FALSE,FALSE,TRUE,TRUE,79,8500
BMW,X3,mechanical,black,204000,2008,diesel,FALSE,diesel,2,suv,FALSE,owned,all,FALSE,FALSE,FALSE,FALSE,TRUE,FALSE,FALSE,TRUE,TRUE,TRUE,7,11840
Renault,Laguna,mechanical,silver,300000,1996,gasoline,FALSE,gasoline,1.8,hatchback,FALSE,owned,front,FALSE,TRUE,FALSE,FALSE,FALSE,FALSE,FALSE,FALSE,FALSE,TRUE,66,1600
Mazda,323,mechanical,green,314507,1998,gasoline,FALSE,gasoline,1.5,hatchback,FALSE,owned,front,FALSE,TRUE,FALSE,FALSE,FALSE,FALSE,FALSE,FALSE,TRUE,TRUE,307,1300
Lexus,GS,automatic,red,178306,2011,hybrid-petrol,FALSE,gasoline,3.5,sedan,FALSE,owned,rear,FALSE,FALSE,TRUE,TRUE,TRUE,TRUE,TRUE,TRUE,TRUE,TRUE,89,16750
BMW,740,automatic,black,300000,2000,gasoline,FALSE,gasoline,4.4,sedan,FALSE,owned,rear,FALSE,FALSE,TRUE,FALSE,TRUE,TRUE,TRUE,FALSE,TRUE,TRUE,91,4000
Renault,Grand Scenic,mechanical,silver,195000,2009,gasoline,FALSE,gasoline,1.4,liftback,FALSE,owned,front,FALSE,TRUE,FALSE,TRUE,FALSE,FALSE,FALSE,TRUE,FALSE,TRUE,90,7500
Subaru,Legacy,automatic,grey,300000,2007,gasoline,FALSE,gasoline,2,universal,FALSE,owned,all,FALSE,TRUE,FALSE,FALSE,FALSE,TRUE,FALSE,FALSE,TRUE,TRUE,38,5999
Renault,Laguna,automatic,white,208782,2015,diesel,FALSE,diesel,1.5,universal,FALSE,owned,front,FALSE,FALSE,FALSE,TRUE,FALSE,FALSE,TRUE,TRUE,TRUE,TRUE,125,9700
Renault,Sandero,mechanical,black,49000,2016,gasoline,FALSE,gasoline,1.6,hatchback,FALSE,owned,front,FALSE,TRUE,FALSE,TRUE,FALSE,TRUE,FALSE,TRUE,TRUE,TRUE,88,9500
Audi,A6,automatic,black,287000,2009,diesel,FALSE,diesel,2.7,sedan,FALSE,owned,front,FALSE,TRUE,FALSE,TRUE,TRUE,TRUE,FALSE,FALSE,TRUE,TRUE,96,12000
Chevrolet,Malibu,automatic,black,43200,2016,gasoline,FALSE,gasoline,1.5,sedan,FALSE,owned,front,FALSE,TRUE,FALSE,FALSE,FALSE,FALSE,TRUE,TRUE,TRUE,TRUE,28,9500
Audi,100,mechanical,other,510000,1994,gasoline,FALSE,gasoline,2,sedan,FALSE,owned,front,FALSE,TRUE,FALSE,FALSE,FALSE,FALSE,FALSE,FALSE,FALSE,TRUE,11,3950
Volkswagen,Passat,mechanical,white,307000,2004,gasoline,FALSE,gasoline,2,universal,FALSE,owned,front,FALSE,TRUE,FALSE,FALSE,FALSE,TRUE,TRUE,FALSE,TRUE,FALSE,161,4200
Ford,Fusion,automatic,green,99000,2014,gasoline,FALSE,gasoline,1.5,sedan,FALSE,owned,front,FALSE,TRUE,FALSE,FALSE,TRUE,TRUE,FALSE,TRUE,TRUE,TRUE,59,11000
BMW,730,automatic,black,300000,2004,diesel,FALSE,diesel,3,sedan,FALSE,owned,rear,FALSE,TRUE,TRUE,TRUE,TRUE,TRUE,TRUE,TRUE,FALSE,TRUE,36,10000
Renault,Clio,mechanical,red,240000,1991,gasoline,FALSE,gasoline,1.4,hatchback,FALSE,owned,front,TRUE,FALSE,FALSE,FALSE,FALSE,FALSE,FALSE,FALSE,FALSE,FALSE,35,1000
Renault,Modus,mechanical,red,250000,2009,gasoline,FALSE,gasoline,1.2,minivan,FALSE,owned,front,FALSE,TRUE,FALSE,FALSE,FALSE,FALSE,FALSE,FALSE,FALSE,FALSE,78,4900
Dodge,Durango,automatic,black,65000,2011,gasoline,FALSE,gasoline,3.6,suv,FALSE,owned,all,FALSE,FALSE,FALSE,TRUE,FALSE,FALSE,FALSE,TRUE,TRUE,TRUE,90,19900
Mazda,323,mechanical,silver,450000,1996,gasoline,FALSE,gasoline,1.8,sedan,FALSE,owned,front,TRUE,FALSE,FALSE,FALSE,FALSE,FALSE,FALSE,FALSE,FALSE,FALSE,78,1400
Renault,Duster,automatic,white,80000,2016,gasoline,FALSE,gasoline,2,suv,FALSE,owned,all,FALSE,TRUE,TRUE,TRUE,TRUE,TRUE,TRUE,TRUE,TRUE,TRUE,90,9600
Volkswagen,Passat,mechanical,blue,333333,2000,diesel,FALSE,diesel,1.9,sedan,FALSE,owned,front,FALSE,TRUE,FALSE,FALSE,FALSE,FALSE,FALSE,FALSE,TRUE,FALSE,21,4450
BMW,520,automatic,blue,44500,2017,diesel,FALSE,diesel,2,sedan,FALSE,owned,rear,FALSE,TRUE,TRUE,TRUE,TRUE,TRUE,TRUE,TRUE,TRUE,TRUE,98,34900
Mitsubishi,Space Star,mechanical,green,200000,1999,gasoline,FALSE,gasoline,1.3,minivan,FALSE,owned,front,FALSE,TRUE,FALSE,FALSE,FALSE,FALSE,FALSE,FALSE,FALSE,TRUE,50,2600
Mazda,323,mechanical,green,424850,2000,diesel,FALSE,diesel,2,hatchback,FALSE,owned,front,FALSE,FALSE,FALSE,FALSE,FALSE,FALSE,FALSE,FALSE,FALSE,TRUE,23,1300
Citroen,Jumper,mechanical,yellow,615000,1999,diesel,FALSE,diesel,2.5,van,FALSE,owned,front,TRUE,FALSE,FALSE,FALSE,FALSE,FALSE,FALSE,FALSE,FALSE,FALSE,7,3850
Ford,Focus,automatic,silver,102700,2011,gasoline,FALSE,gasoline,2,hatchback,FALSE,owned,front,FALSE,TRUE,FALSE,FALSE,FALSE,TRUE,FALSE,TRUE,TRUE,TRUE,60,8000
Opel,Meriva,mechanical,black,160000,2010,gasoline,FALSE,gasoline,1.4,minivan,FALSE,owned,front,FALSE,TRUE,FALSE,TRUE,FALSE,FALSE,FALSE,FALSE,TRUE,FALSE,211,7400
Citroen,C3,mechanical,other,130000,2006,gasoline,FALSE,gasoline,1.4,hatchback,FALSE,owned,front,FALSE,TRUE,FALSE,FALSE,FALSE,TRUE,FALSE,FALSE,FALSE,FALSE,55,4000
Renault,Laguna,mechanical,black,320000,1996,gas,TRUE,gasoline,1.8,hatchback,FALSE,owned,front,FALSE,TRUE,FALSE,FALSE,FALSE,FALSE,FALSE,FALSE,FALSE,TRUE,87,1100
Mazda,Xedos 9,automatic,silver,265000,2001,gasoline,FALSE,gasoline,2.5,sedan,FALSE,owned,front,FALSE,TRUE,FALSE,TRUE,TRUE,TRUE,FALSE,FALSE,TRUE,TRUE,85,3000
Volkswagen,Tiguan,mechanical,black,160000,2011,gasoline,FALSE,gasoline,1.4,hatchback,FALSE,owned,front,FALSE,TRUE,TRUE,TRUE,FALSE,TRUE,TRUE,TRUE,TRUE,TRUE,60,10200
Lexus,IS,automatic,silver,117482,2009,gasoline,FALSE,gasoline,2.5,sedan,FALSE,owned,all,FALSE,TRUE,TRUE,FALSE,TRUE,TRUE,TRUE,TRUE,TRUE,TRUE,66,14500
Audi,A4,mechanical,black,141000,2008,gasoline,FALSE,gasoline,1.8,sedan,FALSE,owned,front,FALSE,TRUE,TRUE,FALSE,TRUE,FALSE,TRUE,TRUE,TRUE,FALSE,30,10000
Volkswagen,Tiguan,mechanical,white,53916,2015,gasoline,FALSE,gasoline,1.4,suv,FALSE,owned,front,FALSE,TRUE,FALSE,TRUE,FALSE,TRUE,FALSE,FALSE,TRUE,TRUE,14,14350
Alfa Romeo,146,mechanical,black,100000,1999,diesel,FALSE,diesel,1.9,sedan,FALSE,owned,front,TRUE,FALSE,FALSE,FALSE,FALSE,FALSE,FALSE,FALSE,FALSE,FALSE,134,1400
Chrysler,300,automatic,other,237000,2008,gasoline,FALSE,gasoline,2.7,sedan,FALSE,owned,rear,TRUE,FALSE,FALSE,FALSE,FALSE,FALSE,FALSE,FALSE,FALSE,FALSE,23,10000
Ford,Crown Victoria,automatic,other,415211,1992,gasoline,FALSE,gasoline,4.6,sedan,FALSE,owned,rear,FALSE,TRUE,FALSE,FALSE,FALSE,FALSE,FALSE,FALSE,FALSE,TRUE,33,3950
Ford,Escort,mechanical,green,198000,1997,gasoline,FALSE,gasoline,1.6,universal,FALSE,owned,front,FALSE,TRUE,FALSE,FALSE,FALSE,FALSE,FALSE,FALSE,FALSE,FALSE,57,950
Peugeot,1007,automatic,black,240000,2005,gasoline,FALSE,gasoline,1.6,hatchback,FALSE,owned,front,FALSE,TRUE,FALSE,TRUE,FALSE,FALSE,FALSE,FALSE,TRUE,TRUE,45,4750
Volvo,S60,automatic,grey,240000,2001,gasoline,FALSE,gasoline,2.4,sedan,FALSE,owned,front,FALSE,TRUE,TRUE,FALSE,FALSE,TRUE,FALSE,FALSE,FALSE,TRUE,158,4250
Kia,Spectra,mechanical,white,209000,2006,gasoline,FALSE,gasoline,1.6,sedan,FALSE,owned,front,FALSE,TRUE,TRUE,TRUE,FALSE,TRUE,FALSE,FALSE,TRUE,TRUE,129,1999
Opel,Astra,mechanical,grey,227000,2008,gasoline,FALSE,gasoline,1.6,universal,FALSE,owned,front,FALSE,TRUE,FALSE,FALSE,FALSE,FALSE,FALSE,FALSE,FALSE,FALSE,64,6100
Peugeot,Boxer,mechanical,blue,345654,1996,diesel,FALSE,diesel,2.5,minibus,FALSE,owned,front,TRUE,FALSE,FALSE,FALSE,FALSE,FALSE,FALSE,FALSE,FALSE,FALSE,22,3200
Mercedes-Benz,T1,mechanical,blue,707000,1993,diesel,FALSE,diesel,2.9,minibus,FALSE,owned,rear,TRUE,FALSE,FALSE,FALSE,FALSE,FALSE,FALSE,FALSE,FALSE,FALSE,79,3200
Skoda,Kodiaq,automatic,black,0,2019,gasoline,FALSE,gasoline,2,suv,TRUE,new,all,TRUE,FALSE,FALSE,FALSE,FALSE,FALSE,FALSE,FALSE,FALSE,FALSE,26,34789.43
Ford,Sierra,mechanical,green,64616,1987,diesel,FALSE,diesel,2.3,sedan,FALSE,owned,front,TRUE,FALSE,FALSE,FALSE,FALSE,FALSE,FALSE,FALSE,FALSE,FALSE,32,178.88
Chrysler,Grand Voyager,automatic,other,425000,1996,gasoline,FALSE,gasoline,3,minivan,FALSE,owned,front,TRUE,FALSE,FALSE,FALSE,FALSE,FALSE,FALSE,FALSE,FALSE,FALSE,21,3000
Volkswagen,Passat,mechanical,silver,241400,2003,gasoline,FALSE,gasoline,1.8,universal,FALSE,owned,front,TRUE,FALSE,FALSE,FALSE,FALSE,FALSE,FALSE,FALSE,FALSE,FALSE,32,4650
Honda,Accord,mechanical,silver,235438,1997,gasoline,FALSE,gasoline,1.8,sedan,FALSE,owned,front,FALSE,TRUE,FALSE,FALSE,FALSE,FALSE,FALSE,FALSE,FALSE,TRUE,5,1500
Opel,Calibra,mechanical,blue,350000,1992,gasoline,FALSE,gasoline,2,coupe,FALSE,owned,front,FALSE,FALSE,TRUE,FALSE,TRUE,FALSE,FALSE,FALSE,FALSE,TRUE,35,1000
Mercedes-Benz,S500,automatic,black,262000,2004,gasoline,FALSE,gasoline,5,sedan,FALSE,owned,all,FALSE,TRUE,TRUE,FALSE,TRUE,TRUE,FALSE,FALSE,TRUE,TRUE,10,7300
Renault,Megane Scenic,mechanical,green,237000,1997,gasoline,FALSE,gasoline,1.6,minivan,FALSE,owned,front,FALSE,TRUE,FALSE,FALSE,FALSE,FALSE,FALSE,FALSE,FALSE,FALSE,60,2200
Toyota,Yaris,mechanical,blue,200000,2008,gasoline,FALSE,gasoline,1,hatchback,FALSE,owned,front,TRUE,FALSE,FALSE,FALSE,FALSE,FALSE,FALSE,FALSE,FALSE,FALSE,3,4500
Audi,A4,automatic,other,220000,2008,gasoline,FALSE,gasoline,1.8,sedan,FALSE,owned,front,FALSE,TRUE,TRUE,TRUE,FALSE,TRUE,FALSE,TRUE,TRUE,TRUE,60,8999
Peugeot,406,mechanical,blue,280000,1998,diesel,FALSE,diesel,1.9,universal,FALSE,owned,front,FALSE,TRUE,FALSE,FALSE,FALSE,FALSE,FALSE,FALSE,FALSE,TRUE,84,2000
Audi,A4,automatic,black,313000,2008,diesel,FALSE,diesel,3,sedan,FALSE,owned,all,FALSE,TRUE,TRUE,TRUE,TRUE,TRUE,FALSE,FALSE,TRUE,TRUE,67,12800
Opel,Astra,mechanical,silver,302000,2002,diesel,FALSE,diesel,2,universal,FALSE,owned,front,FALSE,TRUE,FALSE,FALSE,FALSE,FALSE,FALSE,FALSE,FALSE,TRUE,2,3250
BMW,528,mechanical,black,200000,1998,gasoline,FALSE,gasoline,2.8,sedan,FALSE,owned,rear,FALSE,TRUE,TRUE,TRUE,TRUE,TRUE,FALSE,FALSE,TRUE,TRUE,133,3600
Ford,Fiesta,mechanical,black,300000,1996,gasoline,FALSE,gasoline,1.3,hatchback,FALSE,owned,front,TRUE,FALSE,FALSE,FALSE,FALSE,FALSE,FALSE,FALSE,FALSE,FALSE,9,250
Volvo,440,mechanical,green,296000,1996,gasoline,FALSE,gasoline,1.8,hatchback,FALSE,owned,front,TRUE,FALSE,FALSE,FALSE,FALSE,FALSE,FALSE,FALSE,FALSE,FALSE,68,650
Mazda,323,mechanical,green,450000,1995,gasoline,FALSE,gasoline,1.5,sedan,FALSE,owned,front,TRUE,FALSE,FALSE,FALSE,FALSE,FALSE,FALSE,FALSE,FALSE,FALSE,64,1250
Audi,A4,automatic,black,320000,2003,gasoline,FALSE,gasoline,2.4,sedan,FALSE,owned,front,FALSE,TRUE,TRUE,FALSE,TRUE,TRUE,FALSE,FALSE,TRUE,TRUE,64,5500
Nissan,Qashqai,mechanical,grey,205000,2009,diesel,FALSE,diesel,1.5,suv,FALSE,owned,front,FALSE,TRUE,FALSE,TRUE,FALSE,FALSE,FALSE,FALSE,FALSE,TRUE,116,8250
Volkswagen,Polo,mechanical,white,319000,2002,gasoline,FALSE,gasoline,1.4,universal,FALSE,owned,front,FALSE,TRUE,FALSE,FALSE,FALSE,FALSE,FALSE,FALSE,FALSE,TRUE,93,2300
Audi,A7,automatic,other,160000,2012,gasoline,FALSE,gasoline,3,liftback,FALSE,owned,all,FALSE,FALSE,TRUE,TRUE,TRUE,TRUE,TRUE,TRUE,TRUE,TRUE,1,17850
Hyundai,Lantra,mechanical,blue,405000,1998,gas,TRUE,gasoline,1.8,sedan,FALSE,owned,front,TRUE,FALSE,FALSE,FALSE,FALSE,FALSE,FALSE,FALSE,FALSE,FALSE,232,820
BMW,520,automatic,white,74000,2013,gasoline,FALSE,gasoline,2,sedan,FALSE,owned,rear,FALSE,FALSE,FALSE,FALSE,TRUE,FALSE,FALSE,FALSE,FALSE,FALSE,2,17500
Peugeot,607,mechanical,blue,390000,2003,diesel,FALSE,diesel,2.2,sedan,FALSE,owned,front,FALSE,TRUE,TRUE,TRUE,TRUE,TRUE,TRUE,TRUE,TRUE,TRUE,175,5500
Kia,Sorento,automatic,black,253526,2003,gas,TRUE,gasoline,3.5,suv,FALSE,owned,rear,FALSE,TRUE,FALSE,FALSE,TRUE,TRUE,FALSE,FALSE,FALSE,TRUE,35,4800
Mercedes-Benz,Vito,mechanical,black,570000,2004,diesel,FALSE,diesel,2.2,minibus,FALSE,owned,rear,TRUE,FALSE,FALSE,FALSE,FALSE,FALSE,FALSE,FALSE,FALSE,FALSE,113,8500
Audi,A4,mechanical,black,419223,1998,gasoline,FALSE,gasoline,1.8,universal,FALSE,owned,front,FALSE,TRUE,FALSE,FALSE,FALSE,FALSE,FALSE,FALSE,TRUE,FALSE,36,3900
Mazda,323,mechanical,other,190000,1998,gasoline,FALSE,gasoline,1.5,sedan,FALSE,owned,front,TRUE,FALSE,FALSE,FALSE,FALSE,FALSE,FALSE,FALSE,FALSE,FALSE,67,1900
Opel,Zafira,mechanical,grey,219000,2010,diesel,FALSE,diesel,1.7,minivan,FALSE,owned,front,FALSE,TRUE,FALSE,TRUE,TRUE,TRUE,FALSE,TRUE,FALSE,TRUE,7,7900
Volkswagen,Passat,mechanical,other,430000,1997,diesel,FALSE,diesel,1.9,sedan,FALSE,owned,front,FALSE,FALSE,FALSE,FALSE,FALSE,FALSE,FALSE,FALSE,FALSE,TRUE,90,2600
Audi,100,mechanical,other,305000,1989,gasoline,FALSE,gasoline,2.3,universal,FALSE,owned,front,FALSE,FALSE,FALSE,FALSE,FALSE,FALSE,FALSE,FALSE,FALSE,TRUE,34,1100
Volkswagen,Polo,mechanical,other,180000,2011,gasoline,FALSE,gasoline,1.6,sedan,FALSE,owned,front,FALSE,FALSE,FALSE,TRUE,FALSE,TRUE,FALSE,FALSE,FALSE,FALSE,31,6300
Seat,Cordoba,mechanical,silver,186000,2001,gasoline,FALSE,gasoline,1.4,universal,FALSE,owned,front,FALSE,FALSE,FALSE,TRUE,FALSE,FALSE,FALSE,FALSE,FALSE,TRUE,23,2300
Volkswagen,Passat,mechanical,black,354000,1997,diesel,FALSE,diesel,1.9,sedan,FALSE,owned,front,FALSE,FALSE,FALSE,FALSE,TRUE,FALSE,FALSE,FALSE,FALSE,FALSE,18,3100
BMW,523,automatic,green,368700,1997,gasoline,FALSE,gasoline,2.5,sedan,FALSE,owned,rear,FALSE,TRUE,FALSE,TRUE,TRUE,FALSE,FALSE,FALSE,TRUE,TRUE,58,3650
Ford,Focus,automatic,grey,96561,2016,gasoline,FALSE,gasoline,1,sedan,FALSE,owned,front,FALSE,TRUE,FALSE,FALSE,FALSE,FALSE,FALSE,TRUE,TRUE,TRUE,28,10500
Honda,Accord,mechanical,red,380000,1996,gasoline,FALSE,gasoline,2.2,sedan,FALSE,owned,front,FALSE,TRUE,TRUE,FALSE,TRUE,FALSE,FALSE,FALSE,FALSE,FALSE,76,1200
Mazda,Xedos 9,mechanical,other,324609,2001,gasoline,FALSE,gasoline,2,sedan,FALSE,owned,front,FALSE,FALSE,FALSE,FALSE,FALSE,FALSE,FALSE,FALSE,FALSE,TRUE,28,2650
Audi,80,mechanical,white,174000,1988,gasoline,FALSE,gasoline,1.9,sedan,FALSE,owned,front,FALSE,FALSE,TRUE,FALSE,FALSE,FALSE,FALSE,FALSE,FALSE,TRUE,42,5000
Peugeot,307,mechanical,grey,286000,2006,diesel,FALSE,diesel,1.6,universal,FALSE,owned,front,FALSE,TRUE,FALSE,FALSE,FALSE,FALSE,FALSE,FALSE,FALSE,TRUE,58,5500
Alfa Romeo,156,mechanical,blue,230000,1999,gasoline,FALSE,gasoline,1.6,sedan,FALSE,owned,front,FALSE,TRUE,FALSE,FALSE,FALSE,FALSE,FALSE,FALSE,FALSE,TRUE,43,1400
Citroen,Xsara,mechanical,black,270000,2004,gasoline,FALSE,gasoline,1.6,universal,FALSE,owned,front,FALSE,TRUE,FALSE,FALSE,FALSE,FALSE,FALSE,FALSE,TRUE,FALSE,3,2990
Mazda,323,mechanical,red,258656,1992,gasoline,FALSE,gasoline,1.6,hatchback,FALSE,owned,front,FALSE,FALSE,FALSE,FALSE,FALSE,FALSE,FALSE,FALSE,FALSE,TRUE,95,550
Mitsubishi,Pajero Sport,mechanical,green,378000,2000,diesel,FALSE,diesel,2.5,suv,FALSE,owned,all,FALSE,TRUE,FALSE,FALSE,TRUE,FALSE,FALSE,FALSE,TRUE,TRUE,47,6666
Ford,Escort,mechanical,other,330000,1993,gasoline,FALSE,gasoline,1.4,hatchback,FALSE,owned,front,TRUE,FALSE,FALSE,FALSE,FALSE,FALSE,FALSE,FALSE,FALSE,FALSE,5,379.4
BMW,525,automatic,black,180000,2008,diesel,FALSE,diesel,3,sedan,FALSE,owned,rear,FALSE,FALSE,TRUE,TRUE,TRUE,FALSE,TRUE,FALSE,FALSE,TRUE,2,14500
Mitsubishi,Carisma,mechanical,silver,300000,1998,diesel,FALSE,diesel,2,hatchback,FALSE,owned,front,TRUE,FALSE,FALSE,FALSE,FALSE,FALSE,FALSE,FALSE,FALSE,FALSE,71,1500
Honda,CR-V,automatic,grey,127138,2015,gasoline,FALSE,gasoline,2.4,suv,FALSE,owned,front,FALSE,TRUE,FALSE,FALSE,FALSE,TRUE,FALSE,TRUE,TRUE,TRUE,46,19950
Skoda,Octavia,mechanical,grey,92000,2012,gasoline,FALSE,gasoline,1.8,liftback,FALSE,owned,front,FALSE,TRUE,FALSE,TRUE,FALSE,TRUE,TRUE,TRUE,FALSE,TRUE,70,9437.54
Ford,Fiesta,mechanical,white,99000,2011,gasoline,FALSE,gasoline,1.3,hatchback,FALSE,owned,front,FALSE,TRUE,FALSE,TRUE,FALSE,FALSE,FALSE,TRUE,TRUE,TRUE,7,7000
Mercedes-Benz,GL350,automatic,black,159000,2010,diesel,FALSE,diesel,3.5,suv,FALSE,owned,all,FALSE,TRUE,FALSE,FALSE,TRUE,TRUE,FALSE,TRUE,TRUE,TRUE,48,21800
Honda,Jazz,mechanical,black,162000,2009,gasoline,FALSE,gasoline,1.2,hatchback,FALSE,owned,front,FALSE,TRUE,FALSE,FALSE,FALSE,FALSE,FALSE,FALSE,TRUE,FALSE,37,5900
Volkswagen,Golf,automatic,blue,149000,2010,gasoline,FALSE,gasoline,2,hatchback,FALSE,owned,front,FALSE,FALSE,TRUE,TRUE,FALSE,TRUE,TRUE,TRUE,TRUE,TRUE,43,11750
Mercedes-Benz,E290,mechanical,silver,400000,1997,diesel,FALSE,diesel,2.9,sedan,FALSE,owned,rear,FALSE,TRUE,FALSE,FALSE,FALSE,FALSE,FALSE,FALSE,TRUE,TRUE,45,3500
Buick,Encore,automatic,brown,128748,2014,gasoline,FALSE,gasoline,1.4,suv,FALSE,owned,front,FALSE,FALSE,FALSE,TRUE,FALSE,TRUE,FALSE,TRUE,TRUE,TRUE,8,11700
Honda,CR-V,mechanical,brown,123000,2012,gasoline,FALSE,gasoline,2,suv,FALSE,owned,all,FALSE,TRUE,FALSE,FALSE,FALSE,TRUE,FALSE,FALSE,FALSE,TRUE,18,18899
Peugeot,307,mechanical,silver,185000,2003,gasoline,FALSE,gasoline,1.6,hatchback,FALSE,owned,front,FALSE,TRUE,FALSE,FALSE,FALSE,FALSE,FALSE,FALSE,FALSE,FALSE,43,4500
Opel,Omega,mechanical,blue,386243,2001,diesel,FALSE,diesel,2.2,universal,FALSE,owned,rear,FALSE,TRUE,FALSE,FALSE,FALSE,FALSE,FALSE,FALSE,FALSE,TRUE,93,3350
Ford,S-Max,mechanical,black,237884,2006,diesel,FALSE,diesel,1.8,minivan,FALSE,owned,front,FALSE,TRUE,FALSE,FALSE,FALSE,TRUE,FALSE,FALSE,TRUE,FALSE,33,7490
Peugeot,Boxer,mechanical,white,765432,2008,diesel,FALSE,diesel,2.2,minibus,FALSE,owned,front,FALSE,FALSE,FALSE,FALSE,FALSE,FALSE,FALSE,FALSE,TRUE,FALSE,47,9500
Volkswagen,Jetta,mechanical,black,185000,2007,gasoline,FALSE,gasoline,1.6,sedan,FALSE,owned,front,FALSE,TRUE,FALSE,TRUE,FALSE,FALSE,TRUE,TRUE,TRUE,TRUE,29,6800
Mazda,RX-8,automatic,red,134000,2004,gasoline,FALSE,gasoline,1.3,coupe,FALSE,owned,rear,TRUE,FALSE,FALSE,FALSE,FALSE,FALSE,FALSE,FALSE,FALSE,FALSE,32,6100
Peugeot,207,automatic,green,160000,2007,gasoline,FALSE,gasoline,1.6,hatchback,FALSE,owned,front,FALSE,TRUE,FALSE,TRUE,FALSE,TRUE,FALSE,FALSE,FALSE,FALSE,22,3800
Dacia,Logan,mechanical,blue,65000,2016,diesel,FALSE,diesel,1.5,universal,FALSE,owned,front,FALSE,TRUE,FALSE,TRUE,FALSE,FALSE,TRUE,TRUE,FALSE,FALSE,18,9100
Peugeot,605,mechanical,green,320000,1993,gasoline,FALSE,gasoline,2,sedan,FALSE,owned,front,TRUE,FALSE,FALSE,FALSE,FALSE,FALSE,FALSE,FALSE,FALSE,FALSE,1,1550
Infiniti,QX,automatic,white,331525,1999,gasoline,FALSE,gasoline,3.3,suv,FALSE,owned,all,FALSE,TRUE,FALSE,FALSE,TRUE,TRUE,FALSE,FALSE,FALSE,TRUE,132,5000
Volkswagen,Passat,mechanical,green,274681,2001,diesel,FALSE,diesel,1.9,universal,FALSE,owned,front,FALSE,TRUE,FALSE,FALSE,FALSE,FALSE,TRUE,FALSE,TRUE,TRUE,52,4500
Skoda,Rapid,automatic,black,0,2019,gasoline,FALSE,gasoline,1.6,sedan,TRUE,new,front,TRUE,FALSE,FALSE,FALSE,FALSE,FALSE,FALSE,FALSE,FALSE,FALSE,26,18582.47
Volvo,V40,mechanical,blue,370000,1997,gasoline,FALSE,gasoline,1.8,universal,FALSE,owned,front,TRUE,FALSE,FALSE,FALSE,FALSE,FALSE,FALSE,FALSE,FALSE,FALSE,31,2750
Renault,Megane,mechanical,white,233516,2007,diesel,FALSE,diesel,1.5,hatchback,FALSE,owned,front,FALSE,TRUE,FALSE,FALSE,FALSE,TRUE,FALSE,FALSE,TRUE,FALSE,15,4450
ВАЗ,2114,mechanical,silver,100000,2004,gasoline,FALSE,gasoline,1.5,hatchback,FALSE,owned,front,TRUE,FALSE,FALSE,FALSE,FALSE,FALSE,FALSE,FALSE,FALSE,FALSE,31,1200
Hyundai,i30,mechanical,black,122000,2011,gasoline,FALSE,gasoline,1.4,hatchback,FALSE,owned,front,FALSE,TRUE,FALSE,FALSE,FALSE,FALSE,FALSE,TRUE,FALSE,TRUE,107,6400
Peugeot,406,mechanical,silver,400000,2002,diesel,FALSE,diesel,2.2,sedan,FALSE,owned,front,FALSE,TRUE,FALSE,FALSE,TRUE,TRUE,FALSE,FALSE,FALSE,TRUE,126,3500
Renault,Safrane,mechanical,green,395000,1998,gasoline,FALSE,gasoline,2,hatchback,FALSE,owned,front,FALSE,TRUE,FALSE,FALSE,FALSE,FALSE,FALSE,TRUE,FALSE,FALSE,89,2900
Dodge,Stratus,automatic,grey,350000,1998,gas,TRUE,gasoline,2.4,sedan,FALSE,owned,front,FALSE,FALSE,FALSE,FALSE,FALSE,FALSE,FALSE,FALSE,FALSE,TRUE,19,1500
BMW,X5,automatic,black,289000,2002,gas,TRUE,gasoline,3,suv,FALSE,owned,all,FALSE,TRUE,TRUE,FALSE,TRUE,TRUE,TRUE,TRUE,TRUE,TRUE,18,7999
Renault,Scenic,mechanical,silver,227000,2010,diesel,FALSE,diesel,1.5,hatchback,FALSE,owned,front,FALSE,TRUE,FALSE,FALSE,FALSE,FALSE,TRUE,TRUE,TRUE,FALSE,159,7200
Opel,Zafira,mechanical,blue,250000,2001,diesel,FALSE,diesel,2,minivan,FALSE,owned,front,FALSE,TRUE,FALSE,FALSE,FALSE,FALSE,FALSE,FALSE,FALSE,TRUE,77,4300
Kia,Magentis,automatic,grey,240000,2008,gasoline,FALSE,gasoline,2,sedan,FALSE,owned,front,FALSE,FALSE,FALSE,FALSE,FALSE,TRUE,FALSE,FALSE,FALSE,TRUE,58,8299.35
Audi,A1,mechanical,black,97000,2011,gasoline,FALSE,gasoline,1.4,hatchback,FALSE,owned,front,FALSE,TRUE,FALSE,TRUE,FALSE,TRUE,FALSE,FALSE,TRUE,TRUE,64,8990
Kia,Cee'd,mechanical,black,139800,2010,gasoline,FALSE,gasoline,1.6,universal,FALSE,owned,front,FALSE,TRUE,FALSE,TRUE,FALSE,TRUE,FALSE,TRUE,TRUE,TRUE,36,7899
Mitsubishi,Space Star,mechanical,silver,425000,2002,diesel,FALSE,diesel,1.9,hatchback,FALSE,owned,front,FALSE,FALSE,FALSE,FALSE,FALSE,FALSE,FALSE,TRUE,FALSE,TRUE,16,3100
Iveco,Daily,mechanical,white,318000,2008,diesel,FALSE,diesel,2.3,van,FALSE,owned,rear,TRUE,FALSE,FALSE,FALSE,FALSE,FALSE,FALSE,FALSE,FALSE,FALSE,7,12900
Audi,Q7,automatic,black,250000,2008,gasoline,FALSE,gasoline,4.2,suv,FALSE,owned,all,FALSE,TRUE,TRUE,TRUE,TRUE,TRUE,TRUE,TRUE,TRUE,TRUE,18,11000
Chrysler,Voyager,automatic,silver,240000,2001,gasoline,FALSE,gasoline,2.4,minivan,FALSE,owned,front,TRUE,FALSE,FALSE,FALSE,FALSE,FALSE,FALSE,FALSE,FALSE,FALSE,85,5150
Ford,Focus,mechanical,blue,333333,2012,gasoline,FALSE,gasoline,1.6,universal,FALSE,owned,front,FALSE,TRUE,FALSE,FALSE,FALSE,TRUE,FALSE,FALSE,TRUE,FALSE,56,6000
Renault,Duster,mechanical,silver,79736,2015,gasoline,FALSE,gasoline,2,suv,FALSE,owned,all,FALSE,TRUE,FALSE,FALSE,FALSE,TRUE,FALSE,FALSE,FALSE,FALSE,8,10528.31
Citroen,C5,mechanical,silver,289000,2009,diesel,FALSE,diesel,1.6,sedan,FALSE,owned,front,FALSE,TRUE,FALSE,FALSE,FALSE,TRUE,TRUE,TRUE,TRUE,FALSE,124,8500
Peugeot,407,automatic,silver,264000,2004,gasoline,FALSE,gasoline,2,universal,FALSE,owned,front,FALSE,TRUE,FALSE,FALSE,FALSE,TRUE,FALSE,FALSE,TRUE,TRUE,2,4450
BMW,X3,automatic,grey,170000,2013,gasoline,FALSE,gasoline,2,suv,FALSE,owned,all,FALSE,TRUE,TRUE,TRUE,TRUE,TRUE,FALSE,TRUE,TRUE,TRUE,33,20500
Toyota,Avensis,mechanical,silver,397000,2005,diesel,FALSE,diesel,2,universal,FALSE,owned,front,FALSE,TRUE,FALSE,TRUE,TRUE,TRUE,TRUE,TRUE,TRUE,TRUE,49,8199
Ford,Mondeo,mechanical,other,317000,1998,gas,TRUE,gasoline,1.8,universal,FALSE,owned,front,FALSE,FALSE,FALSE,FALSE,FALSE,FALSE,FALSE,FALSE,TRUE,FALSE,16,500
BMW,525,mechanical,silver,349000,1998,gasoline,FALSE,gasoline,2.5,sedan,FALSE,owned,rear,FALSE,TRUE,TRUE,FALSE,TRUE,FALSE,FALSE,FALSE,TRUE,TRUE,91,3900
Chrysler,Stratus,automatic,green,243000,1995,gasoline,FALSE,gasoline,2.5,sedan,FALSE,owned,front,FALSE,TRUE,TRUE,FALSE,FALSE,FALSE,FALSE,FALSE,FALSE,TRUE,49,1300
Peugeot,405,mechanical,red,480000,1991,gasoline,FALSE,gasoline,1.8,sedan,FALSE,owned,front,TRUE,FALSE,FALSE,FALSE,FALSE,FALSE,FALSE,FALSE,FALSE,FALSE,58,390
Chevrolet,Captiva,automatic,black,240000,2007,gasoline,FALSE,gasoline,3.2,suv,FALSE,owned,all,FALSE,TRUE,TRUE,TRUE,TRUE,TRUE,FALSE,TRUE,TRUE,TRUE,42,8400
Mitsubishi,Lancer,mechanical,black,187800,2008,gasoline,FALSE,gasoline,1.8,hatchback,FALSE,owned,front,FALSE,TRUE,FALSE,TRUE,FALSE,TRUE,FALSE,FALSE,FALSE,TRUE,113,7300
Renault,Symbol,mechanical,silver,214000,2005,gasoline,FALSE,gasoline,1.4,sedan,FALSE,owned,front,FALSE,TRUE,FALSE,FALSE,FALSE,FALSE,FALSE,FALSE,FALSE,TRUE,3,3200
Audi,A6,mechanical,blue,200000,2015,diesel,FALSE,diesel,2,universal,FALSE,owned,front,TRUE,FALSE,FALSE,FALSE,FALSE,FALSE,FALSE,FALSE,FALSE,FALSE,39,21500
Volkswagen,Passat,mechanical,green,330000,1997,gas,TRUE,gasoline,1.6,universal,FALSE,owned,front,TRUE,FALSE,FALSE,FALSE,FALSE,FALSE,FALSE,FALSE,FALSE,FALSE,5,2300
Mercedes-Benz,E220,automatic,other,310000,2003,diesel,FALSE,diesel,2.2,sedan,FALSE,owned,rear,FALSE,TRUE,TRUE,FALSE,FALSE,FALSE,FALSE,FALSE,TRUE,TRUE,91,7600
Fiat,Palio,mechanical,red,270000,1999,gasoline,FALSE,gasoline,1.2,universal,FALSE,owned,front,TRUE,FALSE,FALSE,FALSE,FALSE,FALSE,FALSE,FALSE,FALSE,FALSE,99,1000
Nissan,Pathfinder,automatic,black,160000,2012,diesel,FALSE,diesel,2.5,suv,FALSE,owned,all,FALSE,TRUE,TRUE,TRUE,TRUE,TRUE,TRUE,TRUE,TRUE,TRUE,119,17000
Fiat,Brava,mechanical,green,260000,1995,gasoline,FALSE,gasoline,1.6,hatchback,FALSE,owned,front,TRUE,FALSE,FALSE,FALSE,FALSE,FALSE,FALSE,FALSE,FALSE,FALSE,113,1300
Citroen,C5,mechanical,blue,300000,2010,diesel,FALSE,diesel,2,universal,FALSE,owned,front,FALSE,TRUE,FALSE,TRUE,FALSE,TRUE,TRUE,TRUE,TRUE,TRUE,64,10200
Audi,A6,automatic,black,212000,2012,gasoline,FALSE,gasoline,2.8,sedan,FALSE,owned,all,FALSE,TRUE,FALSE,TRUE,FALSE,FALSE,TRUE,TRUE,TRUE,TRUE,133,15900
Chrysler,Town&Country,automatic,red,330000,2002,gasoline,FALSE,gasoline,3.3,minivan,FALSE,owned,front,FALSE,TRUE,FALSE,FALSE,FALSE,FALSE,FALSE,FALSE,FALSE,FALSE,75,4000
Jaguar,X-Type,automatic,silver,270000,2002,gasoline,FALSE,gasoline,2.5,sedan,FALSE,owned,all,FALSE,TRUE,FALSE,FALSE,TRUE,FALSE,FALSE,FALSE,FALSE,TRUE,103,5400
Audi,A5,automatic,grey,190000,2011,gasoline,FALSE,gasoline,2,liftback,FALSE,owned,all,FALSE,TRUE,TRUE,TRUE,TRUE,TRUE,TRUE,TRUE,TRUE,TRUE,85,20500
Mercedes-Benz,Sprinter,mechanical,white,355000,2004,diesel,FALSE,diesel,2.2,minibus,FALSE,owned,rear,TRUE,FALSE,FALSE,FALSE,FALSE,FALSE,FALSE,FALSE,FALSE,FALSE,5,9800
Renault,Modus,automatic,brown,280000,2004,gasoline,FALSE,gasoline,1.6,minivan,FALSE,owned,front,FALSE,TRUE,TRUE,FALSE,FALSE,FALSE,FALSE,FALSE,TRUE,TRUE,7,4000
Opel,Astra,mechanical,blue,232000,2010,diesel,FALSE,diesel,1.7,universal,FALSE,owned,front,FALSE,TRUE,FALSE,FALSE,FALSE,FALSE,TRUE,TRUE,TRUE,TRUE,63,6700
BMW,X1,automatic,brown,185000,2010,diesel,FALSE,diesel,2,suv,FALSE,owned,all,FALSE,FALSE,TRUE,FALSE,TRUE,TRUE,FALSE,FALSE,FALSE,TRUE,18,11800
Dodge,Caravan,automatic,grey,200,1999,gasoline,FALSE,gasoline,2.4,minivan,FALSE,owned,front,FALSE,TRUE,FALSE,FALSE,FALSE,FALSE,FALSE,FALSE,FALSE,FALSE,8,2650
Opel,Zafira,mechanical,silver,340000,2004,diesel,FALSE,diesel,2,minivan,FALSE,owned,front,FALSE,TRUE,FALSE,FALSE,FALSE,TRUE,TRUE,FALSE,FALSE,TRUE,10,4950
Ford,Mondeo,automatic,white,54000,2015,gasoline,FALSE,gasoline,2.5,sedan,FALSE,owned,front,FALSE,TRUE,FALSE,TRUE,FALSE,TRUE,FALSE,TRUE,TRUE,TRUE,88,16800
Citroen,C5,mechanical,silver,363000,2001,gasoline,FALSE,gasoline,2,liftback,FALSE,owned,front,FALSE,TRUE,TRUE,TRUE,TRUE,FALSE,FALSE,TRUE,TRUE,TRUE,63,3500
Volvo,V40,mechanical,yellow,275000,2000,gasoline,FALSE,gasoline,1.6,universal,FALSE,owned,front,FALSE,TRUE,FALSE,FALSE,FALSE,FALSE,FALSE,FALSE,FALSE,TRUE,82,2900
Mercedes-Benz,Sprinter,mechanical,black,257000,2016,diesel,FALSE,diesel,2.2,van,FALSE,owned,rear,TRUE,FALSE,FALSE,FALSE,FALSE,FALSE,FALSE,FALSE,FALSE,FALSE,9,25800
ГАЗ,3221,mechanical,blue,181000,1997,gasoline,FALSE,gasoline,2.3,minibus,FALSE,owned,front,TRUE,FALSE,FALSE,FALSE,FALSE,FALSE,FALSE,FALSE,FALSE,FALSE,187,1422.74
Mini,Countryman,automatic,white,75000,2011,gasoline,FALSE,gasoline,1.6,suv,FALSE,owned,all,TRUE,FALSE,FALSE,FALSE,FALSE,FALSE,FALSE,FALSE,FALSE,FALSE,20,11950
ГАЗ,2410,mechanical,grey,100000,1984,gasoline,FALSE,gasoline,2.4,sedan,FALSE,owned,rear,TRUE,FALSE,FALSE,FALSE,FALSE,FALSE,FALSE,FALSE,FALSE,FALSE,854,300
Volvo,S80,automatic,other,217000,1998,gas,TRUE,gasoline,2.8,sedan,FALSE,owned,front,FALSE,TRUE,TRUE,FALSE,TRUE,TRUE,FALSE,FALSE,FALSE,TRUE,128,3500
Volkswagen,Jetta,automatic,grey,78000,2014,gasoline,FALSE,gasoline,1.4,sedan,FALSE,owned,front,TRUE,FALSE,FALSE,FALSE,FALSE,FALSE,FALSE,FALSE,FALSE,FALSE,53,11950
Mercedes-Benz,Vito,automatic,red,120000,2009,diesel,FALSE,diesel,2.2,minibus,FALSE,owned,all,FALSE,TRUE,FALSE,FALSE,FALSE,FALSE,FALSE,FALSE,TRUE,TRUE,32,13000
Volkswagen,T5 Caravelle,mechanical,silver,271000,2011,diesel,FALSE,diesel,2,minibus,FALSE,owned,front,FALSE,TRUE,FALSE,FALSE,FALSE,TRUE,FALSE,FALSE,TRUE,TRUE,123,19899
Volkswagen,Jetta,mechanical,blue,280846,1990,gasoline,FALSE,gasoline,1.3,coupe,FALSE,owned,front,TRUE,FALSE,FALSE,FALSE,FALSE,FALSE,FALSE,FALSE,FALSE,FALSE,32,469.51
Skoda,Fabia,mechanical,silver,340000,2000,gasoline,FALSE,gasoline,1.4,hatchback,FALSE,owned,front,TRUE,FALSE,FALSE,FALSE,FALSE,FALSE,FALSE,FALSE,FALSE,FALSE,59,2134.12
Audi,80,mechanical,blue,180000,1993,gasoline,FALSE,gasoline,2,sedan,FALSE,emergency,front,TRUE,FALSE,FALSE,FALSE,FALSE,FALSE,FALSE,FALSE,FALSE,FALSE,25,1000
Renault,Scenic,mechanical,grey,410000,2001,diesel,FALSE,diesel,1.9,minivan,FALSE,owned,front,FALSE,TRUE,FALSE,FALSE,FALSE,FALSE,FALSE,FALSE,TRUE,FALSE,19,3350
Mazda,6,mechanical,silver,230000,2008,gasoline,FALSE,gasoline,1.8,universal,FALSE,owned,front,FALSE,TRUE,TRUE,TRUE,FALSE,TRUE,FALSE,FALSE,TRUE,TRUE,88,7200
Mazda,323,mechanical,green,441000,1997,gasoline,FALSE,gasoline,1.5,sedan,FALSE,owned,front,FALSE,TRUE,FALSE,FALSE,TRUE,FALSE,FALSE,TRUE,FALSE,FALSE,50,890
Mazda,CX-7,automatic,black,227900,2008,gasoline,FALSE,gasoline,2.3,suv,FALSE,owned,all,FALSE,TRUE,TRUE,TRUE,FALSE,TRUE,TRUE,TRUE,FALSE,TRUE,31,8399
Mercedes-Benz,Vito,automatic,silver,451900,1999,diesel,FALSE,diesel,2.2,minivan,FALSE,owned,front,FALSE,TRUE,FALSE,FALSE,FALSE,TRUE,FALSE,FALSE,TRUE,FALSE,16,7399
Citroen,Xantia,mechanical,other,385120,1999,gasoline,FALSE,gasoline,1.8,hatchback,FALSE,emergency,front,TRUE,FALSE,FALSE,FALSE,FALSE,FALSE,FALSE,FALSE,FALSE,FALSE,34,700
Peugeot,407,mechanical,black,222222,2006,diesel,FALSE,diesel,1.6,sedan,FALSE,owned,front,FALSE,TRUE,TRUE,TRUE,TRUE,TRUE,TRUE,TRUE,TRUE,TRUE,15,5800
Hyundai,Santa Fe,mechanical,black,333333,2003,diesel,FALSE,diesel,2,suv,FALSE,owned,all,FALSE,TRUE,FALSE,FALSE,FALSE,FALSE,FALSE,FALSE,TRUE,TRUE,460,6500
Citroen,C4,automatic,black,127000,2012,gasoline,FALSE,gasoline,1.6,hatchback,FALSE,owned,front,TRUE,FALSE,FALSE,FALSE,FALSE,FALSE,FALSE,FALSE,FALSE,FALSE,44,8700
Nissan,Primera,mechanical,black,170000,1999,gasoline,FALSE,gasoline,1.8,sedan,FALSE,owned,front,FALSE,TRUE,FALSE,FALSE,FALSE,FALSE,FALSE,FALSE,FALSE,TRUE,56,2300
Opel,Astra,mechanical,silver,90000,2012,gasoline,FALSE,gasoline,1.6,universal,FALSE,owned,front,FALSE,TRUE,FALSE,FALSE,FALSE,TRUE,FALSE,FALSE,FALSE,FALSE,109,7790
Honda,Civic,automatic,blue,159000,2007,gasoline,FALSE,gasoline,1.8,hatchback,FALSE,owned,front,FALSE,TRUE,FALSE,FALSE,FALSE,TRUE,FALSE,FALSE,TRUE,TRUE,57,7100
Mazda,626,mechanical,white,500000,1988,gasoline,FALSE,gasoline,2,hatchback,FALSE,owned,front,TRUE,FALSE,FALSE,FALSE,FALSE,FALSE,FALSE,FALSE,FALSE,FALSE,76,350
Volkswagen,Golf,mechanical,violet,298000,1993,gasoline,FALSE,gasoline,1.4,hatchback,FALSE,owned,front,TRUE,FALSE,FALSE,FALSE,FALSE,FALSE,FALSE,FALSE,FALSE,FALSE,49,1100
BMW,X6,automatic,white,174500,2008,gasoline,FALSE,gasoline,3,suv,FALSE,owned,all,FALSE,TRUE,FALSE,TRUE,TRUE,TRUE,TRUE,FALSE,TRUE,TRUE,66,15800
Mitsubishi,Carisma,mechanical,grey,400000,1997,gasoline,FALSE,gasoline,1.6,hatchback,FALSE,owned,front,FALSE,FALSE,FALSE,FALSE,FALSE,FALSE,FALSE,FALSE,FALSE,TRUE,53,1800
Ford,Focus,mechanical,white,11,2000,gasoline,FALSE,gasoline,2,hatchback,FALSE,owned,front,FALSE,TRUE,FALSE,FALSE,FALSE,FALSE,FALSE,FALSE,FALSE,TRUE,0,1600
Lifan,X60,mechanical,grey,83000,2014,gasoline,FALSE,gasoline,1.8,suv,FALSE,owned,front,TRUE,FALSE,FALSE,FALSE,FALSE,FALSE,FALSE,FALSE,FALSE,FALSE,74,8000
Peugeot,407,mechanical,black,233000,2008,gasoline,FALSE,gasoline,2,sedan,FALSE,owned,front,FALSE,TRUE,TRUE,TRUE,FALSE,TRUE,FALSE,FALSE,TRUE,TRUE,87,6500
Honda,Civic,mechanical,silver,260000,1999,gasoline,FALSE,gasoline,1.6,coupe,FALSE,owned,front,TRUE,FALSE,FALSE,FALSE,FALSE,FALSE,FALSE,FALSE,FALSE,FALSE,3,2200
Volvo,S40,automatic,black,104000,2011,gasoline,FALSE,gasoline,2,sedan,FALSE,owned,front,FALSE,TRUE,FALSE,FALSE,FALSE,TRUE,FALSE,FALSE,TRUE,TRUE,89,9551.36
Skoda,Kodiaq,automatic,green,0,2019,diesel,FALSE,diesel,2,suv,TRUE,new,all,TRUE,FALSE,FALSE,FALSE,FALSE,FALSE,FALSE,FALSE,FALSE,FALSE,26,38829.08
Skoda,Kodiaq,automatic,green,0,2019,diesel,FALSE,diesel,2,suv,TRUE,new,all,TRUE,FALSE,FALSE,FALSE,FALSE,FALSE,FALSE,FALSE,FALSE,FALSE,26,34383
Citroen,Evasion,mechanical,blue,320000,1996,gasoline,FALSE,gasoline,2,minivan,FALSE,owned,front,FALSE,TRUE,FALSE,FALSE,FALSE,FALSE,FALSE,FALSE,FALSE,TRUE,126,3150
Volkswagen,Touran,automatic,other,143000,2010,gasoline,FALSE,gasoline,1.4,minivan,FALSE,owned,front,FALSE,TRUE,FALSE,TRUE,FALSE,FALSE,TRUE,TRUE,TRUE,TRUE,47,8950
Ford,Galaxy,mechanical,white,280000,2002,diesel,FALSE,diesel,1.9,minivan,FALSE,owned,front,FALSE,TRUE,FALSE,FALSE,FALSE,FALSE,FALSE,FALSE,FALSE,FALSE,72,5300
Ford,Escape,automatic,black,20000,2018,gasoline,FALSE,gasoline,1.5,suv,FALSE,emergency,all,FALSE,TRUE,FALSE,TRUE,FALSE,TRUE,FALSE,FALSE,TRUE,FALSE,18,7000
Mercedes-Benz,GLE350,automatic,black,122010,2015,diesel,FALSE,diesel,3,suv,FALSE,owned,all,FALSE,TRUE,TRUE,TRUE,TRUE,TRUE,TRUE,TRUE,TRUE,TRUE,97,43913.46
BMW,645,automatic,other,123000,2005,gasoline,FALSE,gasoline,4.4,coupe,FALSE,owned,rear,FALSE,TRUE,FALSE,TRUE,TRUE,TRUE,FALSE,FALSE,TRUE,TRUE,32,11500
Citroen,Xantia,mechanical,silver,132465,1995,gasoline,FALSE,gasoline,1.8,hatchback,FALSE,owned,front,TRUE,FALSE,FALSE,FALSE,FALSE,FALSE,FALSE,FALSE,FALSE,FALSE,46,1200
Volkswagen,Passat,automatic,silver,194000,2008,gasoline,FALSE,gasoline,2,sedan,FALSE,owned,front,FALSE,TRUE,TRUE,TRUE,FALSE,FALSE,FALSE,FALSE,TRUE,FALSE,36,6700
Volkswagen,Golf Plus,mechanical,silver,185000,2008,gasoline,FALSE,gasoline,1.6,hatchback,FALSE,owned,front,FALSE,TRUE,FALSE,TRUE,FALSE,TRUE,FALSE,FALSE,TRUE,TRUE,87,8000
BMW,X5,automatic,black,234000,2010,diesel,FALSE,diesel,3,suv,FALSE,owned,all,FALSE,TRUE,FALSE,TRUE,TRUE,TRUE,TRUE,TRUE,FALSE,TRUE,151,20000
Fiat,Brava,mechanical,grey,190000,1995,gasoline,FALSE,gasoline,1.6,hatchback,FALSE,owned,front,TRUE,FALSE,FALSE,FALSE,FALSE,FALSE,FALSE,FALSE,FALSE,FALSE,2,1700
Volvo,940,mechanical,black,390000,1996,diesel,FALSE,diesel,2.4,sedan,FALSE,owned,rear,FALSE,TRUE,FALSE,FALSE,FALSE,TRUE,FALSE,FALSE,FALSE,FALSE,151,2800
Renault,Megane,mechanical,white,130000,2009,diesel,FALSE,diesel,1.5,hatchback,FALSE,owned,front,FALSE,TRUE,FALSE,FALSE,FALSE,FALSE,FALSE,TRUE,FALSE,FALSE,230,6100
Москвич,2140,mechanical,yellow,80000,1981,gasoline,FALSE,gasoline,1.3,sedan,FALSE,owned,rear,TRUE,FALSE,FALSE,FALSE,FALSE,FALSE,FALSE,FALSE,FALSE,FALSE,102,300
Rover,200-Series,mechanical,silver,325000,1999,diesel,FALSE,diesel,2,hatchback,FALSE,owned,front,TRUE,FALSE,FALSE,FALSE,FALSE,FALSE,FALSE,FALSE,FALSE,FALSE,18,1450
Volkswagen,Passat,mechanical,white,350000,1998,diesel,FALSE,diesel,1.9,universal,FALSE,owned,front,FALSE,TRUE,FALSE,FALSE,FALSE,TRUE,FALSE,FALSE,FALSE,TRUE,123,3499
BMW,730,automatic,blue,400000,2000,diesel,FALSE,diesel,3,sedan,FALSE,owned,rear,FALSE,TRUE,TRUE,TRUE,TRUE,TRUE,FALSE,FALSE,TRUE,TRUE,146,5600
Mercedes-Benz,C200,automatic,black,141250,2007,gasoline,FALSE,gasoline,1.8,sedan,FALSE,owned,rear,FALSE,TRUE,TRUE,TRUE,TRUE,TRUE,FALSE,TRUE,TRUE,TRUE,88,9100
Toyota,Venza,mechanical,grey,209215,2009,gas,TRUE,gasoline,3.5,suv,FALSE,owned,all,FALSE,TRUE,FALSE,TRUE,TRUE,TRUE,FALSE,TRUE,TRUE,TRUE,195,15100
Citroen,Xantia,mechanical,blue,420000,1999,diesel,FALSE,diesel,2,universal,FALSE,owned,front,FALSE,TRUE,TRUE,FALSE,FALSE,TRUE,FALSE,FALSE,TRUE,TRUE,70,1400
Audi,Q7,automatic,black,209000,2007,gasoline,FALSE,gasoline,4.2,suv,FALSE,owned,all,FALSE,TRUE,TRUE,TRUE,TRUE,TRUE,TRUE,TRUE,TRUE,TRUE,34,10500
Volkswagen,T5 Multivan,mechanical,silver,351000,2007,diesel,FALSE,diesel,2.5,minibus,FALSE,owned,front,FALSE,TRUE,TRUE,TRUE,FALSE,TRUE,FALSE,FALSE,TRUE,TRUE,139,14500
Volvo,S40,automatic,silver,300000,1999,gasoline,FALSE,gasoline,1.9,sedan,FALSE,owned,front,FALSE,TRUE,FALSE,FALSE,TRUE,TRUE,FALSE,FALSE,FALSE,TRUE,90,1100
Renault,Scenic,mechanical,green,350000,1998,gasoline,FALSE,gasoline,1.4,minivan,FALSE,owned,front,FALSE,TRUE,FALSE,FALSE,FALSE,FALSE,FALSE,FALSE,FALSE,FALSE,32,1500
Ford,Transit,mechanical,yellow,666000,1994,gas,TRUE,gasoline,2,minibus,FALSE,owned,rear,TRUE,FALSE,FALSE,FALSE,FALSE,FALSE,FALSE,FALSE,FALSE,FALSE,8,555
Ford,Focus,mechanical,silver,200000,2005,gasoline,FALSE,gasoline,1.6,hatchback,FALSE,owned,front,TRUE,FALSE,FALSE,FALSE,FALSE,FALSE,FALSE,FALSE,FALSE,FALSE,1,2800
Opel,Vectra,automatic,red,218000,1999,gasoline,FALSE,gasoline,1.6,sedan,FALSE,owned,front,FALSE,TRUE,FALSE,FALSE,FALSE,FALSE,FALSE,FALSE,FALSE,TRUE,81,2400
Toyota,Auris,mechanical,silver,195000,2008,diesel,FALSE,diesel,2,hatchback,FALSE,owned,front,FALSE,TRUE,FALSE,TRUE,FALSE,FALSE,FALSE,FALSE,TRUE,TRUE,126,6700
Volkswagen,Polo,mechanical,black,136900,2010,gasoline,FALSE,gasoline,1.2,hatchback,FALSE,owned,front,FALSE,FALSE,FALSE,FALSE,FALSE,FALSE,FALSE,FALSE,FALSE,TRUE,178,6300
Skoda,Octavia,mechanical,silver,105000,2012,gasoline,FALSE,gasoline,1.6,universal,FALSE,owned,front,FALSE,FALSE,TRUE,FALSE,FALSE,TRUE,FALSE,TRUE,TRUE,FALSE,11,8650
Peugeot,5008,mechanical,grey,160000,2015,diesel,FALSE,diesel,1.6,minivan,FALSE,owned,front,FALSE,TRUE,TRUE,TRUE,FALSE,TRUE,TRUE,TRUE,TRUE,TRUE,62,13150
Peugeot,308,automatic,white,170000,2011,gasoline,FALSE,gasoline,1.6,hatchback,FALSE,owned,front,FALSE,TRUE,FALSE,TRUE,FALSE,TRUE,TRUE,FALSE,TRUE,FALSE,21,7200
Volkswagen,Golf,automatic,blue,320000,1998,gasoline,FALSE,gasoline,1.6,hatchback,FALSE,owned,front,FALSE,FALSE,FALSE,FALSE,TRUE,FALSE,FALSE,FALSE,FALSE,TRUE,71,1900
Nissan,Sunny,mechanical,grey,296000,1995,gasoline,FALSE,gasoline,1.6,sedan,FALSE,owned,front,TRUE,FALSE,FALSE,FALSE,FALSE,FALSE,FALSE,FALSE,FALSE,FALSE,105,1250
Opel,Vectra,mechanical,blue,150000,1998,gasoline,FALSE,gasoline,1.6,sedan,FALSE,owned,front,TRUE,FALSE,FALSE,FALSE,FALSE,FALSE,FALSE,FALSE,FALSE,FALSE,49,2700
Citroen,C4 Picasso,automatic,black,230000,2010,diesel,FALSE,diesel,1.6,minivan,FALSE,owned,front,FALSE,TRUE,FALSE,TRUE,FALSE,FALSE,FALSE,TRUE,TRUE,TRUE,67,7500
BMW,318,mechanical,black,300000,2007,diesel,FALSE,diesel,2,sedan,FALSE,owned,rear,FALSE,TRUE,FALSE,FALSE,FALSE,FALSE,FALSE,TRUE,TRUE,TRUE,87,8200
Mazda,CX-5,automatic,black,109000,2014,gasoline,FALSE,gasoline,2,suv,FALSE,owned,all,FALSE,TRUE,FALSE,TRUE,FALSE,TRUE,FALSE,TRUE,TRUE,TRUE,1,19000
BMW,640,automatic,brown,64800,2013,gasoline,FALSE,gasoline,3,coupe,FALSE,owned,rear,FALSE,FALSE,TRUE,TRUE,TRUE,TRUE,TRUE,TRUE,TRUE,TRUE,30,26900
Peugeot,Partner,mechanical,white,237000,2013,gasoline,FALSE,gasoline,1.6,minivan,FALSE,owned,front,TRUE,FALSE,FALSE,FALSE,FALSE,FALSE,FALSE,FALSE,FALSE,FALSE,15,7000
Chrysler,Sebring,automatic,grey,150000,2007,gas,TRUE,gasoline,2.4,sedan,FALSE,owned,front,FALSE,TRUE,FALSE,TRUE,FALSE,FALSE,FALSE,TRUE,FALSE,FALSE,144,5650
Honda,Prelude,mechanical,other,115000,1980,gasoline,FALSE,gasoline,1.6,coupe,FALSE,owned,front,FALSE,FALSE,FALSE,FALSE,FALSE,FALSE,FALSE,FALSE,FALSE,TRUE,73,4994
Ford,Escort,mechanical,blue,300000,1997,diesel,FALSE,diesel,1.8,universal,FALSE,owned,front,TRUE,FALSE,FALSE,FALSE,FALSE,FALSE,FALSE,FALSE,FALSE,FALSE,29,1100
Mazda,5,automatic,black,242206,2008,gasoline,FALSE,gasoline,2.3,minivan,FALSE,owned,front,FALSE,TRUE,FALSE,FALSE,FALSE,FALSE,FALSE,FALSE,TRUE,FALSE,58,6700
Audi,A4,automatic,silver,292000,2009,gasoline,FALSE,gasoline,2,universal,FALSE,owned,all,FALSE,TRUE,TRUE,TRUE,TRUE,TRUE,FALSE,FALSE,TRUE,TRUE,43,10500
Kia,Rio,mechanical,grey,135000,2010,gasoline,FALSE,gasoline,1.4,hatchback,FALSE,owned,front,TRUE,FALSE,FALSE,FALSE,FALSE,FALSE,FALSE,FALSE,FALSE,FALSE,80,5200
Volvo,V60,mechanical,black,110000,2015,diesel,FALSE,diesel,1.6,universal,FALSE,owned,front,FALSE,TRUE,TRUE,TRUE,TRUE,TRUE,TRUE,TRUE,TRUE,TRUE,19,14900
Renault,Laguna,mechanical,red,330000,2001,gasoline,FALSE,gasoline,1.6,hatchback,FALSE,owned,front,FALSE,FALSE,FALSE,FALSE,FALSE,FALSE,FALSE,FALSE,FALSE,TRUE,30,3000
BMW,525,mechanical,silver,4000,2000,diesel,FALSE,diesel,2.5,universal,FALSE,owned,rear,FALSE,FALSE,TRUE,FALSE,FALSE,FALSE,FALSE,FALSE,TRUE,TRUE,4,4500
Kia,Cee'd,mechanical,silver,270000,2007,diesel,FALSE,diesel,1.6,hatchback,FALSE,owned,front,FALSE,TRUE,FALSE,FALSE,FALSE,TRUE,FALSE,FALSE,TRUE,FALSE,64,5650
Mitsubishi,ASX,mechanical,black,100000,2012,gasoline,FALSE,gasoline,1.6,suv,FALSE,owned,front,FALSE,TRUE,FALSE,TRUE,FALSE,TRUE,FALSE,FALSE,FALSE,TRUE,47,12250
Ford,C-Max,mechanical,black,202000,2008,gasoline,FALSE,gasoline,1.8,minivan,FALSE,owned,front,FALSE,TRUE,FALSE,FALSE,FALSE,FALSE,FALSE,TRUE,TRUE,TRUE,36,6900
BMW,316,automatic,blue,209000,1997,gasoline,FALSE,gasoline,1.6,universal,FALSE,owned,rear,FALSE,FALSE,FALSE,TRUE,FALSE,FALSE,FALSE,FALSE,FALSE,FALSE,64,3500
Volkswagen,Golf,mechanical,blue,141000,1996,gasoline,FALSE,gasoline,1.6,hatchback,FALSE,owned,front,TRUE,FALSE,FALSE,FALSE,FALSE,FALSE,FALSE,FALSE,FALSE,FALSE,368,2850
Hyundai,ix35,mechanical,red,190000,2010,gasoline,FALSE,gasoline,2,suv,FALSE,owned,all,FALSE,TRUE,FALSE,TRUE,TRUE,TRUE,FALSE,TRUE,TRUE,TRUE,55,11900
Toyota,Starlet,mechanical,red,200000,1997,gasoline,FALSE,gasoline,1.3,hatchback,FALSE,owned,front,TRUE,FALSE,FALSE,FALSE,FALSE,FALSE,FALSE,FALSE,FALSE,FALSE,8,850
Lancia,Delta,mechanical,black,200000,2009,gasoline,FALSE,gasoline,1.4,hatchback,FALSE,owned,front,FALSE,TRUE,FALSE,TRUE,TRUE,FALSE,FALSE,TRUE,FALSE,TRUE,89,8000
Mercedes-Benz,Sprinter,mechanical,green,452000,2002,diesel,FALSE,diesel,2.2,minibus,FALSE,owned,all,FALSE,TRUE,FALSE,FALSE,FALSE,TRUE,FALSE,FALSE,FALSE,FALSE,32,12950
Audi,80,mechanical,grey,217000,1993,gasoline,FALSE,gasoline,2,sedan,FALSE,owned,front,FALSE,FALSE,FALSE,FALSE,TRUE,FALSE,FALSE,FALSE,FALSE,FALSE,181,2500
Peugeot,307,mechanical,green,199000,2006,diesel,FALSE,diesel,1.6,hatchback,FALSE,owned,front,FALSE,TRUE,FALSE,FALSE,FALSE,FALSE,FALSE,TRUE,FALSE,TRUE,15,4650
Honda,Civic,automatic,grey,175100,2008,gasoline,FALSE,gasoline,1.8,sedan,FALSE,owned,front,FALSE,TRUE,FALSE,FALSE,FALSE,TRUE,FALSE,FALSE,FALSE,TRUE,145,7199
Volkswagen,Golf Plus,automatic,blue,200000,2009,gasoline,FALSE,gasoline,1.4,hatchback,FALSE,owned,front,FALSE,TRUE,FALSE,TRUE,FALSE,TRUE,FALSE,FALSE,TRUE,TRUE,39,6800
Nissan,Maxima,automatic,other,301752,2007,gas,TRUE,gasoline,3.5,sedan,FALSE,owned,front,FALSE,FALSE,TRUE,TRUE,TRUE,TRUE,FALSE,TRUE,TRUE,TRUE,89,7500
BMW,320,mechanical,blue,482000,1993,gasoline,FALSE,gasoline,2,coupe,FALSE,owned,rear,FALSE,FALSE,TRUE,FALSE,TRUE,FALSE,FALSE,FALSE,FALSE,TRUE,62,3000
Opel,Zafira,mechanical,black,259000,2002,diesel,FALSE,diesel,2.2,universal,FALSE,owned,front,FALSE,TRUE,FALSE,FALSE,FALSE,TRUE,FALSE,FALSE,FALSE,FALSE,149,3700
Skoda,Fabia,mechanical,silver,130000,2012,gasoline,FALSE,gasoline,1.4,hatchback,FALSE,owned,front,FALSE,TRUE,FALSE,FALSE,FALSE,TRUE,FALSE,FALSE,FALSE,FALSE,72,6200
Opel,Vectra,automatic,grey,350000,2003,gasoline,FALSE,gasoline,2.2,universal,FALSE,owned,front,FALSE,TRUE,FALSE,FALSE,FALSE,FALSE,FALSE,FALSE,TRUE,FALSE,61,3900
Skoda,Kodiaq,automatic,brown,0,2019,gasoline,FALSE,gasoline,1.4,suv,TRUE,new,all,TRUE,FALSE,FALSE,FALSE,FALSE,FALSE,FALSE,FALSE,FALSE,FALSE,26,32942.24
Mazda,626,mechanical,green,400000,1997,gasoline,FALSE,gasoline,1.8,hatchback,FALSE,owned,front,FALSE,TRUE,FALSE,FALSE,FALSE,FALSE,FALSE,FALSE,FALSE,FALSE,410,2500
Mercedes-Benz,ML320,automatic,other,410383,2002,gasoline,FALSE,gasoline,3.2,universal,FALSE,owned,all,FALSE,TRUE,FALSE,FALSE,TRUE,TRUE,FALSE,FALSE,TRUE,TRUE,80,5500
Mercedes-Benz,GL400,automatic,grey,87000,2014,gasoline,FALSE,gasoline,3,suv,FALSE,owned,all,FALSE,TRUE,TRUE,TRUE,TRUE,TRUE,TRUE,TRUE,TRUE,TRUE,141,42000
Mercedes-Benz,E200,mechanical,grey,300000,1986,gas,TRUE,gasoline,2,sedan,FALSE,owned,rear,TRUE,FALSE,FALSE,FALSE,FALSE,FALSE,FALSE,FALSE,FALSE,FALSE,214,750
Citroen,Xantia,mechanical,silver,440000,2000,diesel,FALSE,diesel,2,hatchback,FALSE,owned,front,FALSE,TRUE,FALSE,FALSE,FALSE,FALSE,FALSE,FALSE,FALSE,FALSE,37,2300
Daewoo,Lanos,mechanical,red,276000,1998,gasoline,FALSE,gasoline,1.5,hatchback,FALSE,owned,front,TRUE,FALSE,FALSE,FALSE,FALSE,FALSE,FALSE,FALSE,FALSE,FALSE,89,500
Citroen,C2,mechanical,silver,215000,2007,diesel,FALSE,diesel,1.4,hatchback,FALSE,owned,front,FALSE,TRUE,FALSE,FALSE,FALSE,FALSE,FALSE,FALSE,TRUE,FALSE,62,3850
Opel,Signum,automatic,other,235000,2003,diesel,FALSE,diesel,2.2,hatchback,FALSE,owned,front,FALSE,TRUE,FALSE,FALSE,FALSE,FALSE,FALSE,FALSE,TRUE,TRUE,189,4800
Suzuki,Grand Vitara,automatic,white,109000,2011,gasoline,FALSE,gasoline,2,suv,FALSE,owned,all,FALSE,FALSE,FALSE,TRUE,FALSE,TRUE,FALSE,FALSE,TRUE,TRUE,5,12900
BMW,X5,automatic,blue,405000,2001,diesel,FALSE,diesel,3,suv,FALSE,owned,all,FALSE,TRUE,TRUE,TRUE,FALSE,TRUE,FALSE,TRUE,TRUE,TRUE,293,8500
BMW,520,mechanical,red,300000,1986,gasoline,FALSE,gasoline,2,sedan,FALSE,owned,rear,FALSE,FALSE,FALSE,FALSE,FALSE,TRUE,FALSE,FALSE,FALSE,TRUE,123,1500
Fiat,Doblo,mechanical,white,115000,2014,diesel,FALSE,diesel,1.3,minivan,FALSE,owned,front,FALSE,TRUE,FALSE,FALSE,FALSE,TRUE,FALSE,FALSE,TRUE,TRUE,49,11800
Volkswagen,Tiguan,mechanical,brown,11000,2018,gasoline,FALSE,gasoline,1.4,suv,FALSE,owned,front,FALSE,TRUE,FALSE,FALSE,FALSE,TRUE,FALSE,TRUE,TRUE,TRUE,56,20700
Audi,100,mechanical,red,25000,1984,gas,TRUE,gasoline,1.8,universal,FALSE,owned,front,FALSE,FALSE,FALSE,FALSE,FALSE,FALSE,FALSE,FALSE,FALSE,TRUE,41,550
Audi,A6,automatic,white,400000,1994,gasoline,FALSE,gasoline,2.8,sedan,FALSE,owned,front,FALSE,TRUE,TRUE,FALSE,FALSE,FALSE,FALSE,TRUE,TRUE,TRUE,36,2600
Volkswagen,Touran,automatic,silver,204000,2013,diesel,FALSE,diesel,1.6,minivan,FALSE,owned,front,FALSE,TRUE,TRUE,TRUE,FALSE,TRUE,TRUE,TRUE,TRUE,TRUE,16,13100
Opel,Zafira,automatic,black,220000,2003,diesel,FALSE,diesel,2,minivan,FALSE,owned,front,FALSE,TRUE,FALSE,FALSE,FALSE,FALSE,FALSE,FALSE,FALSE,FALSE,38,4700
BMW,523,automatic,black,163000,2010,gasoline,FALSE,gasoline,2.5,sedan,FALSE,owned,rear,FALSE,TRUE,TRUE,TRUE,TRUE,TRUE,FALSE,TRUE,TRUE,TRUE,30,14500
Subaru,Outback,mechanical,other,200000,2004,gasoline,FALSE,gasoline,2.5,universal,FALSE,owned,all,FALSE,TRUE,FALSE,FALSE,TRUE,TRUE,FALSE,FALSE,TRUE,TRUE,91,7200
Opel,Astra,mechanical,red,343000,1993,gasoline,FALSE,gasoline,1.6,sedan,FALSE,owned,front,TRUE,FALSE,FALSE,FALSE,FALSE,FALSE,FALSE,FALSE,FALSE,FALSE,8,800
Volkswagen,Passat,mechanical,green,337500,1997,gas,TRUE,gasoline,1.8,sedan,FALSE,owned,front,FALSE,TRUE,FALSE,FALSE,TRUE,TRUE,FALSE,FALSE,FALSE,TRUE,65,3350
Audi,A8,automatic,black,274000,2006,gasoline,FALSE,gasoline,4.2,sedan,FALSE,owned,all,FALSE,FALSE,TRUE,TRUE,TRUE,TRUE,FALSE,TRUE,TRUE,TRUE,67,10000
Opel,Astra,mechanical,blue,500000,1991,gasoline,FALSE,gasoline,1.4,universal,FALSE,owned,front,TRUE,FALSE,FALSE,FALSE,FALSE,FALSE,FALSE,FALSE,FALSE,FALSE,26,550
Seat,Alhambra,mechanical,green,385000,1998,gasoline,FALSE,gasoline,2,minivan,FALSE,owned,front,FALSE,TRUE,FALSE,FALSE,FALSE,FALSE,FALSE,FALSE,FALSE,TRUE,62,5000
Chrysler,PT Cruiser,mechanical,red,251000,2006,gasoline,FALSE,gasoline,1.6,hatchback,FALSE,owned,front,FALSE,TRUE,FALSE,FALSE,FALSE,FALSE,FALSE,FALSE,FALSE,FALSE,89,4800
Mercedes-Benz,E250,mechanical,blue,287000,1993,diesel,FALSE,diesel,2.5,universal,FALSE,owned,rear,FALSE,FALSE,FALSE,FALSE,FALSE,FALSE,FALSE,FALSE,FALSE,TRUE,107,5000
ГАЗ,31029,mechanical,grey,121000,1995,gasoline,FALSE,gasoline,2.4,sedan,FALSE,owned,rear,TRUE,FALSE,FALSE,FALSE,FALSE,FALSE,FALSE,FALSE,FALSE,FALSE,105,405
Opel,Corsa,mechanical,green,550000,1991,gasoline,FALSE,gasoline,1.2,hatchback,FALSE,owned,front,TRUE,FALSE,FALSE,FALSE,FALSE,FALSE,FALSE,FALSE,FALSE,FALSE,64,888
Mazda,3,automatic,other,165000,2010,gasoline,FALSE,gasoline,2,sedan,FALSE,owned,front,FALSE,TRUE,FALSE,FALSE,FALSE,FALSE,FALSE,TRUE,TRUE,TRUE,173,7700
Toyota,Corolla,mechanical,silver,190000,2000,diesel,FALSE,diesel,2,hatchback,FALSE,owned,front,FALSE,TRUE,FALSE,FALSE,FALSE,FALSE,FALSE,FALSE,FALSE,FALSE,4,2350
Mercedes-Benz,ML350,automatic,black,236000,2010,diesel,FALSE,diesel,3,suv,FALSE,owned,all,FALSE,TRUE,TRUE,TRUE,TRUE,TRUE,TRUE,TRUE,TRUE,TRUE,22,18400
Opel,Omega,automatic,silver,330000,2002,diesel,FALSE,diesel,2.5,sedan,FALSE,owned,front,FALSE,FALSE,TRUE,FALSE,FALSE,FALSE,FALSE,FALSE,TRUE,TRUE,150,3300
Volkswagen,Jetta,automatic,grey,70000,2014,hybrid-petrol,FALSE,gasoline,1.4,sedan,FALSE,owned,front,FALSE,FALSE,FALSE,FALSE,TRUE,FALSE,FALSE,TRUE,FALSE,FALSE,5,13800
Ford,S-Max,mechanical,silver,150000,2006,diesel,FALSE,diesel,1.8,minivan,FALSE,owned,front,FALSE,TRUE,TRUE,TRUE,FALSE,FALSE,FALSE,FALSE,FALSE,TRUE,19,8300
Citroen,C5,mechanical,silver,250000,2006,diesel,FALSE,diesel,1.6,universal,FALSE,owned,front,FALSE,TRUE,FALSE,FALSE,FALSE,FALSE,FALSE,TRUE,TRUE,TRUE,59,5690
BMW,340,mechanical,blue,280000,1989,gasoline,FALSE,gasoline,4,sedan,FALSE,owned,rear,FALSE,FALSE,FALSE,FALSE,FALSE,FALSE,FALSE,FALSE,FALSE,TRUE,15,5900
Dodge,Stratus,automatic,other,296531,2002,gasoline,FALSE,gasoline,2.7,sedan,FALSE,owned,front,FALSE,TRUE,TRUE,FALSE,FALSE,FALSE,FALSE,FALSE,FALSE,TRUE,40,3000
Citroen,Xantia,mechanical,silver,410000,1998,gasoline,FALSE,gasoline,1.8,hatchback,FALSE,emergency,front,TRUE,FALSE,FALSE,FALSE,FALSE,FALSE,FALSE,FALSE,FALSE,FALSE,11,1000
Mitsubishi,Carisma,mechanical,black,498000,1996,gasoline,FALSE,gasoline,1.8,hatchback,FALSE,owned,front,FALSE,TRUE,FALSE,FALSE,FALSE,FALSE,FALSE,FALSE,FALSE,TRUE,58,1000
Skoda,Rapid,mechanical,blue,0,2019,gasoline,FALSE,gasoline,1.6,sedan,TRUE,new,front,TRUE,FALSE,FALSE,FALSE,FALSE,FALSE,FALSE,FALSE,FALSE,FALSE,3,15129.47
Volkswagen,Passat CC,automatic,brown,177000,2009,gasoline,FALSE,gasoline,1.8,sedan,FALSE,owned,front,FALSE,TRUE,FALSE,TRUE,FALSE,TRUE,TRUE,FALSE,TRUE,TRUE,64,9800
BMW,525,automatic,violet,450000,1994,diesel,FALSE,diesel,2.5,universal,FALSE,owned,rear,FALSE,TRUE,FALSE,FALSE,TRUE,FALSE,FALSE,FALSE,TRUE,TRUE,117,1800
Renault,Clio,mechanical,white,135000,2009,diesel,FALSE,diesel,1.5,hatchback,FALSE,owned,front,FALSE,TRUE,FALSE,FALSE,FALSE,FALSE,FALSE,FALSE,FALSE,FALSE,33,4600
Volkswagen,Passat,automatic,black,108000,2014,gasoline,FALSE,gasoline,1.8,sedan,FALSE,owned,front,FALSE,TRUE,TRUE,TRUE,FALSE,TRUE,TRUE,TRUE,TRUE,TRUE,134,13200
Volkswagen,T4,mechanical,white,450000,1998,diesel,FALSE,diesel,1.9,minivan,FALSE,owned,front,FALSE,FALSE,TRUE,FALSE,FALSE,FALSE,FALSE,TRUE,FALSE,TRUE,15,8500
Peugeot,406,mechanical,green,264800,1997,gasoline,FALSE,gasoline,1.8,sedan,FALSE,owned,front,FALSE,TRUE,FALSE,FALSE,TRUE,TRUE,FALSE,FALSE,FALSE,TRUE,103,2000
Citroen,Xsara Picasso,mechanical,white,366666,2001,diesel,FALSE,diesel,2,minivan,FALSE,owned,front,FALSE,TRUE,FALSE,FALSE,FALSE,FALSE,FALSE,FALSE,FALSE,TRUE,79,3700
Kia,Shuma,mechanical,blue,230000,1998,gasoline,FALSE,gasoline,1.5,hatchback,FALSE,owned,front,TRUE,FALSE,FALSE,FALSE,FALSE,FALSE,FALSE,FALSE,FALSE,FALSE,69,1500
Mercedes-Benz,S420,automatic,grey,267000,1995,gasoline,FALSE,gasoline,4.2,sedan,FALSE,owned,rear,FALSE,TRUE,TRUE,FALSE,FALSE,TRUE,FALSE,FALSE,TRUE,TRUE,17,2500
Toyota,RAV4,mechanical,black,234000,2006,diesel,FALSE,diesel,2.2,suv,FALSE,owned,front,FALSE,TRUE,FALSE,TRUE,FALSE,FALSE,FALSE,TRUE,TRUE,TRUE,73,8200
Mercedes-Benz,E280,automatic,blue,300000,2000,gasoline,FALSE,gasoline,2.8,sedan,FALSE,owned,rear,FALSE,TRUE,TRUE,FALSE,FALSE,TRUE,FALSE,FALSE,TRUE,TRUE,57,3950
Mercedes-Benz,Sprinter,mechanical,white,451000,2007,diesel,FALSE,diesel,2.2,minibus,FALSE,owned,rear,TRUE,FALSE,FALSE,FALSE,FALSE,FALSE,FALSE,FALSE,FALSE,FALSE,201,15800
Opel,Omega,mechanical,grey,356988,1987,gasoline,FALSE,gasoline,2,sedan,FALSE,owned,rear,FALSE,FALSE,FALSE,FALSE,FALSE,TRUE,FALSE,FALSE,FALSE,TRUE,537,200
Audi,A6,mechanical,silver,276000,2007,gasoline,FALSE,gasoline,2,sedan,FALSE,owned,front,FALSE,TRUE,FALSE,FALSE,FALSE,TRUE,FALSE,FALSE,TRUE,TRUE,89,8000
BMW,X6,automatic,black,202000,2009,diesel,FALSE,diesel,3,suv,FALSE,owned,all,FALSE,TRUE,TRUE,TRUE,TRUE,TRUE,TRUE,TRUE,TRUE,TRUE,71,19500
Kia,Cee'd,mechanical,white,185000,2009,gasoline,FALSE,gasoline,1.4,universal,FALSE,owned,front,FALSE,TRUE,FALSE,FALSE,FALSE,TRUE,FALSE,FALSE,FALSE,TRUE,57,6500
Volkswagen,Passat,mechanical,black,300000,1997,gasoline,FALSE,gasoline,1.8,sedan,FALSE,owned,front,FALSE,TRUE,FALSE,FALSE,TRUE,FALSE,FALSE,FALSE,FALSE,FALSE,31,3200
Renault,Megane Scenic,mechanical,green,335000,1998,gasoline,FALSE,gasoline,1.6,hatchback,FALSE,owned,front,FALSE,FALSE,FALSE,FALSE,FALSE,FALSE,FALSE,FALSE,FALSE,TRUE,1,1450
Ford,Transit,mechanical,white,130000,1991,diesel,FALSE,diesel,2.5,minibus,FALSE,owned,rear,TRUE,FALSE,FALSE,FALSE,FALSE,FALSE,FALSE,FALSE,FALSE,FALSE,23,2400
Volkswagen,Passat,automatic,white,166000,2014,diesel,FALSE,diesel,2,universal,FALSE,owned,all,FALSE,TRUE,TRUE,TRUE,TRUE,TRUE,TRUE,TRUE,TRUE,TRUE,94,21000
Chevrolet,Spark,mechanical,blue,110000,2011,gasoline,FALSE,gasoline,1,hatchback,FALSE,owned,front,FALSE,TRUE,FALSE,FALSE,FALSE,FALSE,FALSE,FALSE,TRUE,TRUE,83,4740
Audi,A5,automatic,violet,140000,2009,gasoline,FALSE,gasoline,2,liftback,FALSE,owned,front,FALSE,TRUE,TRUE,TRUE,TRUE,TRUE,TRUE,TRUE,TRUE,TRUE,30,12000
Chevrolet,Spark,mechanical,brown,101560,2011,gasoline,FALSE,gasoline,1.2,hatchback,FALSE,owned,front,FALSE,TRUE,FALSE,TRUE,FALSE,FALSE,FALSE,FALSE,TRUE,TRUE,65,6500
Saab,9000,mechanical,blue,300000,1995,gasoline,FALSE,gasoline,2.3,liftback,FALSE,owned,front,FALSE,TRUE,FALSE,FALSE,TRUE,TRUE,FALSE,FALSE,TRUE,TRUE,13,1200
Mercedes-Benz,Sprinter,mechanical,green,367050,1997,diesel,FALSE,diesel,2.3,van,FALSE,owned,rear,TRUE,FALSE,FALSE,FALSE,FALSE,FALSE,FALSE,FALSE,FALSE,FALSE,1,2200
Honda,Civic,mechanical,green,200000,1996,gasoline,FALSE,gasoline,1.4,hatchback,FALSE,owned,front,TRUE,FALSE,FALSE,FALSE,FALSE,FALSE,FALSE,FALSE,FALSE,FALSE,33,1100
Opel,Frontera,mechanical,silver,232000,2001,gasoline,FALSE,gasoline,3.2,suv,FALSE,owned,all,FALSE,TRUE,FALSE,FALSE,TRUE,TRUE,FALSE,FALSE,FALSE,TRUE,2,4700
Suzuki,Swift,automatic,red,285000,2005,gasoline,FALSE,gasoline,1.3,hatchback,FALSE,owned,front,FALSE,TRUE,FALSE,FALSE,FALSE,TRUE,FALSE,FALSE,TRUE,TRUE,100,4300
Lexus,CT,automatic,brown,337000,2011,hybrid-petrol,FALSE,gasoline,1.8,hatchback,FALSE,owned,front,FALSE,TRUE,TRUE,TRUE,FALSE,FALSE,TRUE,TRUE,FALSE,TRUE,15,13850
Skoda,Rapid,mechanical,other,0,2019,gasoline,FALSE,gasoline,1.6,sedan,TRUE,new,front,TRUE,FALSE,FALSE,FALSE,FALSE,FALSE,FALSE,FALSE,FALSE,FALSE,2,14746.28
Peugeot,806,mechanical,green,252000,1999,gasoline,FALSE,gasoline,2,minivan,FALSE,owned,front,FALSE,TRUE,TRUE,TRUE,FALSE,FALSE,FALSE,FALSE,TRUE,TRUE,11,3699
Volkswagen,Passat,mechanical,black,454690,1990,gasoline,FALSE,gasoline,1.8,sedan,FALSE,owned,front,FALSE,FALSE,FALSE,FALSE,FALSE,FALSE,FALSE,FALSE,FALSE,TRUE,54,1000
Opel,Insignia,mechanical,blue,253000,2011,diesel,FALSE,diesel,2,universal,FALSE,owned,front,FALSE,TRUE,TRUE,TRUE,FALSE,TRUE,TRUE,TRUE,TRUE,TRUE,285,10900
Mazda,Xedos 6,mechanical,green,345000,1997,gasoline,FALSE,gasoline,2,sedan,FALSE,owned,front,FALSE,TRUE,FALSE,FALSE,TRUE,TRUE,FALSE,FALSE,FALSE,TRUE,76,2000
Land Rover,Defender,mechanical,black,108000,2011,diesel,FALSE,diesel,2.4,suv,FALSE,owned,all,FALSE,TRUE,TRUE,FALSE,TRUE,TRUE,FALSE,FALSE,FALSE,TRUE,22,29071.42
BMW,116,automatic,white,137000,2012,gasoline,FALSE,gasoline,1.6,hatchback,FALSE,owned,front,FALSE,TRUE,TRUE,FALSE,FALSE,TRUE,FALSE,FALSE,TRUE,TRUE,16,10400
Toyota,Carina E,mechanical,silver,237000,1997,gasoline,FALSE,gasoline,1.8,universal,FALSE,owned,front,FALSE,TRUE,FALSE,FALSE,FALSE,FALSE,FALSE,FALSE,FALSE,TRUE,67,2200
BMW,740,automatic,black,360000,2000,diesel,FALSE,diesel,3.9,sedan,FALSE,owned,rear,FALSE,TRUE,TRUE,TRUE,TRUE,TRUE,TRUE,TRUE,TRUE,TRUE,40,4900
Fiat,Brava,mechanical,blue,123456,1997,gasoline,FALSE,gasoline,1.6,hatchback,FALSE,owned,front,TRUE,FALSE,FALSE,FALSE,FALSE,FALSE,FALSE,FALSE,FALSE,FALSE,32,500
Citroen,C5,automatic,blue,300000,2009,gas,TRUE,gasoline,2,sedan,FALSE,owned,front,FALSE,TRUE,TRUE,TRUE,TRUE,TRUE,FALSE,FALSE,TRUE,FALSE,108,7500
Opel,Astra,mechanical,white,358000,2000,diesel,FALSE,diesel,1.7,universal,FALSE,owned,front,FALSE,FALSE,FALSE,FALSE,FALSE,FALSE,TRUE,TRUE,FALSE,FALSE,178,3200
Opel,Astra,mechanical,white,150000,2011,gasoline,FALSE,gasoline,1.4,hatchback,FALSE,owned,front,FALSE,TRUE,TRUE,TRUE,FALSE,TRUE,TRUE,TRUE,TRUE,TRUE,50,7500
Volkswagen,Golf Plus,mechanical,grey,170000,2008,gasoline,FALSE,gasoline,1.4,hatchback,FALSE,owned,front,FALSE,FALSE,FALSE,FALSE,FALSE,TRUE,FALSE,FALSE,FALSE,TRUE,10,7000
Opel,Astra,mechanical,grey,250000,2006,diesel,FALSE,diesel,1.3,hatchback,FALSE,owned,front,FALSE,TRUE,FALSE,FALSE,FALSE,FALSE,FALSE,FALSE,TRUE,TRUE,54,5950
BMW,320,automatic,grey,250000,2008,diesel,FALSE,diesel,2,sedan,FALSE,owned,rear,FALSE,TRUE,FALSE,TRUE,FALSE,TRUE,FALSE,TRUE,TRUE,TRUE,64,9400
Mitsubishi,Space Star,mechanical,green,340000,2001,diesel,FALSE,diesel,1.9,hatchback,FALSE,owned,front,FALSE,TRUE,FALSE,FALSE,FALSE,TRUE,FALSE,TRUE,TRUE,FALSE,78,3300
Mazda,626,mechanical,white,336460,1986,gasoline,FALSE,gasoline,2,hatchback,FALSE,owned,front,FALSE,FALSE,FALSE,FALSE,FALSE,FALSE,FALSE,FALSE,FALSE,TRUE,141,590
BMW,520,mechanical,white,290000,1986,gasoline,FALSE,gasoline,2,sedan,FALSE,owned,rear,TRUE,FALSE,FALSE,FALSE,FALSE,FALSE,FALSE,FALSE,FALSE,FALSE,53,700
Dodge,Caliber,automatic,silver,191512,2010,gasoline,FALSE,gasoline,2,hatchback,FALSE,owned,front,FALSE,TRUE,FALSE,FALSE,FALSE,TRUE,FALSE,FALSE,TRUE,TRUE,22,7950
Kia,Carens,mechanical,silver,380000,2000,gasoline,FALSE,gasoline,1.8,universal,FALSE,owned,front,FALSE,TRUE,FALSE,FALSE,FALSE,FALSE,FALSE,FALSE,FALSE,TRUE,76,3000
Peugeot,806,mechanical,other,295834,1999,gasoline,FALSE,gasoline,2,minivan,FALSE,owned,front,TRUE,FALSE,FALSE,FALSE,FALSE,FALSE,FALSE,FALSE,FALSE,FALSE,32,2321.92
Audi,A4,mechanical,black,100000,2004,gasoline,FALSE,gasoline,2,universal,FALSE,owned,front,FALSE,TRUE,TRUE,TRUE,TRUE,TRUE,TRUE,TRUE,TRUE,TRUE,45,3500
Ford,Galaxy,mechanical,black,374000,1999,gasoline,FALSE,gasoline,2.3,minivan,FALSE,owned,front,FALSE,TRUE,FALSE,FALSE,FALSE,FALSE,FALSE,FALSE,FALSE,TRUE,139,3300
Skoda,Superb,automatic,other,143000,2011,gasoline,FALSE,gasoline,1.8,liftback,FALSE,owned,front,FALSE,TRUE,TRUE,TRUE,TRUE,TRUE,TRUE,TRUE,TRUE,TRUE,100,11900
Honda,HR-V,mechanical,silver,195000,2003,gasoline,FALSE,gasoline,1.6,suv,FALSE,owned,front,FALSE,TRUE,FALSE,FALSE,FALSE,FALSE,FALSE,FALSE,FALSE,TRUE,173,5000
Renault,Duster,automatic,green,68081,2015,gasoline,FALSE,gasoline,2,suv,FALSE,owned,all,FALSE,TRUE,FALSE,FALSE,FALSE,TRUE,FALSE,TRUE,FALSE,TRUE,168,10500
Daewoo,Lanos,mechanical,black,500000,1998,gas,TRUE,gasoline,1.4,sedan,FALSE,owned,front,TRUE,FALSE,FALSE,FALSE,FALSE,FALSE,FALSE,FALSE,FALSE,FALSE,67,711.37
BMW,116,automatic,black,108000,2013,gasoline,FALSE,gasoline,1.6,hatchback,FALSE,owned,rear,FALSE,TRUE,FALSE,FALSE,TRUE,TRUE,FALSE,FALSE,TRUE,TRUE,37,11300
Москвич,2140,mechanical,white,36260,1987,gasoline,FALSE,gasoline,1.5,sedan,FALSE,owned,rear,TRUE,FALSE,FALSE,FALSE,FALSE,FALSE,FALSE,FALSE,FALSE,FALSE,65,948.5
Citroen,C5,mechanical,grey,298000,2004,diesel,FALSE,diesel,2,universal,FALSE,owned,front,FALSE,FALSE,TRUE,TRUE,FALSE,TRUE,FALSE,FALSE,TRUE,FALSE,1,4800
Citroen,C5,mechanical,brown,111850,2012,gasoline,FALSE,gasoline,1.6,sedan,FALSE,owned,front,FALSE,TRUE,TRUE,TRUE,FALSE,FALSE,FALSE,TRUE,TRUE,TRUE,148,9700
Mitsubishi,Eclipse Cross,automatic,silver,31000,2018,gasoline,FALSE,gasoline,1.5,suv,FALSE,owned,front,FALSE,TRUE,FALSE,TRUE,FALSE,TRUE,FALSE,TRUE,TRUE,TRUE,16,20866.93
Mercedes-Benz,T1,mechanical,orange,398000,1995,diesel,FALSE,diesel,2.9,van,FALSE,owned,rear,TRUE,FALSE,FALSE,FALSE,FALSE,FALSE,FALSE,FALSE,FALSE,FALSE,168,1500
Mitsubishi,Lancer,automatic,silver,203683,2006,gasoline,FALSE,gasoline,1.6,sedan,FALSE,owned,front,FALSE,TRUE,FALSE,FALSE,FALSE,TRUE,FALSE,FALSE,FALSE,FALSE,46,3750
Volkswagen,Touran,mechanical,black,245268,2005,diesel,FALSE,diesel,1.9,minivan,FALSE,owned,front,FALSE,TRUE,FALSE,FALSE,FALSE,FALSE,FALSE,TRUE,TRUE,TRUE,26,6950
Toyota,RAV4,mechanical,silver,270000,2006,diesel,FALSE,diesel,2.2,suv,FALSE,owned,all,FALSE,TRUE,FALSE,TRUE,TRUE,TRUE,FALSE,FALSE,TRUE,TRUE,118,11300
Ford,Galaxy,mechanical,blue,459000,1998,diesel,FALSE,diesel,1.9,minivan,FALSE,owned,front,FALSE,TRUE,FALSE,FALSE,FALSE,TRUE,FALSE,FALSE,FALSE,TRUE,69,4650
Ford,Mondeo,automatic,black,47300,2018,gasoline,FALSE,gasoline,2,sedan,FALSE,owned,front,FALSE,TRUE,FALSE,TRUE,FALSE,TRUE,FALSE,TRUE,TRUE,TRUE,14,19500
Volkswagen,Passat,mechanical,white,1000000,1995,diesel,FALSE,diesel,1.9,sedan,FALSE,owned,front,FALSE,FALSE,FALSE,FALSE,FALSE,FALSE,FALSE,FALSE,FALSE,TRUE,54,2000
ГАЗ,А22,mechanical,white,17000,2016,gasoline,FALSE,gasoline,2.7,van,FALSE,owned,rear,TRUE,FALSE,FALSE,FALSE,FALSE,FALSE,FALSE,FALSE,FALSE,FALSE,213,21341.17
ВАЗ,2109,mechanical,blue,225477,1991,gasoline,FALSE,gasoline,1.3,hatchback,FALSE,emergency,front,FALSE,FALSE,FALSE,FALSE,FALSE,FALSE,TRUE,FALSE,TRUE,FALSE,14,60
Dodge,Caliber,automatic,silver,209215,2010,gasoline,FALSE,gasoline,2,hatchback,FALSE,owned,front,FALSE,TRUE,FALSE,TRUE,FALSE,FALSE,TRUE,TRUE,TRUE,TRUE,77,7500
Land Rover,Range Rover,automatic,black,240000,2006,gasoline,FALSE,gasoline,4.2,suv,FALSE,owned,all,FALSE,TRUE,TRUE,TRUE,TRUE,TRUE,TRUE,TRUE,TRUE,TRUE,86,11000
Chrysler,Neon,automatic,blue,300947,2001,gasoline,FALSE,gasoline,2,sedan,FALSE,owned,front,FALSE,TRUE,FALSE,FALSE,FALSE,FALSE,FALSE,FALSE,FALSE,TRUE,6,3450
SsangYong,Kyron,mechanical,other,208000,2009,diesel,FALSE,diesel,2,suv,FALSE,owned,all,FALSE,TRUE,FALSE,TRUE,TRUE,TRUE,FALSE,FALSE,TRUE,TRUE,365,9000
Chrysler,Cirrus,automatic,grey,386243,1997,gasoline,FALSE,gasoline,2.5,sedan,FALSE,owned,front,FALSE,TRUE,FALSE,FALSE,TRUE,FALSE,FALSE,FALSE,FALSE,TRUE,24,1500
Ford,Transit,mechanical,white,205000,2013,diesel,FALSE,diesel,2.2,van,FALSE,owned,rear,FALSE,FALSE,FALSE,FALSE,FALSE,TRUE,FALSE,FALSE,TRUE,FALSE,26,11500
BMW,525,automatic,blue,371000,1998,diesel,FALSE,diesel,2.5,sedan,FALSE,owned,rear,FALSE,TRUE,FALSE,FALSE,TRUE,TRUE,FALSE,FALSE,TRUE,TRUE,166,3900
Volkswagen,Vento,mechanical,red,111111,1995,diesel,FALSE,diesel,1.9,sedan,FALSE,owned,front,FALSE,FALSE,FALSE,FALSE,FALSE,FALSE,FALSE,FALSE,FALSE,TRUE,42,2200
Ford,Mondeo,mechanical,other,390000,2002,diesel,FALSE,diesel,2,universal,FALSE,owned,front,FALSE,TRUE,FALSE,FALSE,FALSE,FALSE,FALSE,FALSE,TRUE,FALSE,419,3000
Citroen,C5,automatic,black,206000,2009,gasoline,FALSE,gasoline,2,sedan,FALSE,owned,front,FALSE,FALSE,TRUE,TRUE,FALSE,TRUE,FALSE,FALSE,TRUE,TRUE,10,6300
Honda,Civic,automatic,black,146000,2008,gasoline,FALSE,gasoline,1.8,hatchback,FALSE,owned,front,FALSE,TRUE,TRUE,TRUE,TRUE,TRUE,FALSE,FALSE,TRUE,TRUE,187,7750
Opel,Corsa,mechanical,black,99800,2011,gasoline,FALSE,gasoline,1.2,hatchback,FALSE,owned,front,FALSE,TRUE,FALSE,FALSE,FALSE,FALSE,FALSE,FALSE,FALSE,FALSE,78,6000
Renault,Scenic,mechanical,red,270000,1996,gas,TRUE,gasoline,1.6,minivan,FALSE,owned,front,FALSE,FALSE,FALSE,FALSE,FALSE,FALSE,FALSE,FALSE,FALSE,TRUE,118,1700
Mercedes-Benz,CL500,automatic,other,201000,2010,gasoline,FALSE,gasoline,4.7,coupe,FALSE,owned,all,FALSE,TRUE,TRUE,TRUE,TRUE,TRUE,TRUE,TRUE,TRUE,TRUE,150,22000
Mercedes-Benz,T2,mechanical,white,450000,1996,diesel,FALSE,diesel,4,van,FALSE,owned,front,TRUE,FALSE,FALSE,FALSE,FALSE,FALSE,FALSE,FALSE,FALSE,FALSE,98,6000
Ford,Fiesta,mechanical,blue,227000,1999,gasoline,FALSE,gasoline,1.3,hatchback,FALSE,owned,front,TRUE,FALSE,FALSE,FALSE,FALSE,FALSE,FALSE,FALSE,FALSE,FALSE,27,850
Mercedes-Benz,E230,automatic,black,217000,2008,gasoline,FALSE,gasoline,2.5,sedan,FALSE,owned,rear,FALSE,TRUE,TRUE,TRUE,TRUE,TRUE,FALSE,TRUE,TRUE,TRUE,185,8700
Renault,Laguna,mechanical,violet,330000,1994,gasoline,FALSE,gasoline,1.8,hatchback,FALSE,owned,front,TRUE,FALSE,FALSE,FALSE,FALSE,FALSE,FALSE,FALSE,FALSE,FALSE,20,1000
Renault,Duster,mechanical,black,80000,2016,gasoline,FALSE,gasoline,1.6,suv,FALSE,owned,front,FALSE,TRUE,FALSE,FALSE,FALSE,FALSE,FALSE,TRUE,FALSE,FALSE,1,10200
Volkswagen,T4,mechanical,white,542789,1994,diesel,FALSE,diesel,1.9,van,FALSE,owned,front,TRUE,FALSE,FALSE,FALSE,FALSE,FALSE,FALSE,FALSE,FALSE,FALSE,1,2450
Mercedes-Benz,E320,automatic,black,320000,2000,gasoline,FALSE,gasoline,3.2,sedan,FALSE,owned,rear,FALSE,FALSE,FALSE,FALSE,TRUE,FALSE,FALSE,FALSE,FALSE,TRUE,5,3300
Volkswagen,Polo Sedan,automatic,blue,47000,2013,gasoline,FALSE,gasoline,1.6,sedan,FALSE,owned,front,FALSE,TRUE,FALSE,TRUE,FALSE,TRUE,FALSE,FALSE,FALSE,TRUE,80,9300
BMW,X6,automatic,grey,220963,2009,diesel,FALSE,diesel,3,suv,FALSE,owned,all,FALSE,TRUE,TRUE,TRUE,TRUE,TRUE,TRUE,TRUE,TRUE,TRUE,87,17500
Volkswagen,Passat,mechanical,brown,528000,1993,diesel,FALSE,diesel,1.9,universal,FALSE,owned,front,TRUE,FALSE,FALSE,FALSE,FALSE,FALSE,FALSE,FALSE,FALSE,FALSE,63,3700
Ford,Focus,mechanical,red,200000,2004,gasoline,FALSE,gasoline,1.6,universal,FALSE,owned,front,TRUE,FALSE,FALSE,FALSE,FALSE,FALSE,FALSE,FALSE,FALSE,FALSE,55,2999
Audi,A4,automatic,silver,282000,2000,gasoline,FALSE,gasoline,1.8,sedan,FALSE,owned,all,FALSE,TRUE,FALSE,FALSE,TRUE,TRUE,FALSE,FALSE,TRUE,TRUE,36,4500
Volkswagen,Polo Sedan,mechanical,grey,261899,2016,gasoline,FALSE,gasoline,1.6,sedan,FALSE,owned,front,FALSE,TRUE,FALSE,FALSE,FALSE,FALSE,FALSE,FALSE,FALSE,FALSE,10,6750
Volvo,V70,mechanical,silver,290500,2002,diesel,FALSE,diesel,2.4,universal,FALSE,owned,front,FALSE,TRUE,FALSE,FALSE,FALSE,FALSE,FALSE,FALSE,TRUE,TRUE,49,6950
Hyundai,H-1,mechanical,silver,230000,2003,diesel,FALSE,diesel,2.5,minivan,FALSE,owned,all,FALSE,TRUE,FALSE,FALSE,FALSE,FALSE,FALSE,FALSE,FALSE,FALSE,25,7000
Nissan,Almera,mechanical,green,300000,1995,gasoline,FALSE,gasoline,1.6,sedan,FALSE,owned,front,TRUE,FALSE,FALSE,FALSE,FALSE,FALSE,FALSE,FALSE,FALSE,FALSE,4,1250
Mercedes-Benz,C200,mechanical,silver,395000,2002,diesel,FALSE,diesel,2,universal,FALSE,owned,rear,FALSE,TRUE,FALSE,FALSE,FALSE,FALSE,FALSE,FALSE,TRUE,FALSE,158,5000
Volkswagen,Vento,mechanical,grey,297000,1994,gasoline,FALSE,gasoline,2,sedan,FALSE,owned,front,FALSE,TRUE,FALSE,FALSE,FALSE,FALSE,FALSE,FALSE,FALSE,TRUE,89,1600
Chevrolet,Lacetti,mechanical,silver,160000,2010,gasoline,FALSE,gasoline,1.4,hatchback,FALSE,owned,front,FALSE,TRUE,FALSE,FALSE,FALSE,FALSE,FALSE,FALSE,FALSE,FALSE,64,5200
Peugeot,405,mechanical,white,350000,1992,gasoline,FALSE,gasoline,1.6,sedan,FALSE,owned,front,TRUE,FALSE,FALSE,FALSE,FALSE,FALSE,FALSE,FALSE,FALSE,FALSE,12,800
Opel,Signum,automatic,silver,360000,2003,diesel,FALSE,diesel,2.2,hatchback,FALSE,owned,front,FALSE,TRUE,TRUE,FALSE,FALSE,FALSE,FALSE,FALSE,TRUE,TRUE,84,6300
Kia,Rio,mechanical,silver,237000,2003,gasoline,FALSE,gasoline,1.3,universal,FALSE,owned,front,FALSE,TRUE,FALSE,FALSE,FALSE,FALSE,FALSE,FALSE,FALSE,TRUE,98,2940
Volkswagen,Passat,mechanical,white,200000,1991,gasoline,FALSE,gasoline,1.8,universal,FALSE,owned,front,TRUE,FALSE,FALSE,FALSE,FALSE,FALSE,FALSE,FALSE,FALSE,FALSE,60,1300
Ford,Galaxy,mechanical,green,302756,2000,diesel,FALSE,diesel,1.9,minivan,FALSE,owned,front,FALSE,FALSE,FALSE,FALSE,FALSE,FALSE,FALSE,FALSE,FALSE,TRUE,65,6700
Volvo,S80,automatic,silver,352000,2004,gas,TRUE,gasoline,2.5,sedan,FALSE,owned,front,FALSE,TRUE,TRUE,FALSE,TRUE,TRUE,FALSE,TRUE,TRUE,TRUE,42,5200
Opel,Zafira,mechanical,blue,424400,2001,diesel,FALSE,diesel,2,minivan,FALSE,owned,front,FALSE,FALSE,FALSE,FALSE,FALSE,FALSE,FALSE,FALSE,FALSE,TRUE,57,4850
Mitsubishi,Space Star,mechanical,green,297000,1999,gasoline,FALSE,gasoline,1.3,universal,FALSE,owned,front,FALSE,TRUE,FALSE,FALSE,FALSE,FALSE,FALSE,FALSE,FALSE,FALSE,61,2700
Nissan,Teana,automatic,blue,222000,2007,gasoline,FALSE,gasoline,3.5,sedan,FALSE,owned,front,FALSE,TRUE,TRUE,FALSE,TRUE,TRUE,FALSE,FALSE,TRUE,TRUE,79,6500
Opel,Corsa,mechanical,white,30300,1993,gasoline,FALSE,gasoline,1.2,hatchback,FALSE,owned,front,TRUE,FALSE,FALSE,FALSE,FALSE,FALSE,FALSE,FALSE,FALSE,FALSE,72,758.8
Renault,19,mechanical,grey,333349,1993,gas,TRUE,gasoline,1.7,sedan,FALSE,owned,front,TRUE,FALSE,FALSE,FALSE,FALSE,FALSE,FALSE,FALSE,FALSE,FALSE,65,400
Mercedes-Benz,E220,automatic,black,280000,2006,diesel,FALSE,diesel,2.2,sedan,FALSE,owned,rear,FALSE,TRUE,FALSE,FALSE,TRUE,TRUE,FALSE,FALSE,TRUE,TRUE,35,8200
Mercedes-Benz,C220,automatic,black,600000,2000,diesel,FALSE,diesel,2.2,universal,FALSE,owned,rear,FALSE,TRUE,TRUE,FALSE,FALSE,TRUE,FALSE,FALSE,TRUE,TRUE,27,2300
Renault,19,mechanical,green,254365,1992,gasoline,FALSE,gasoline,1.8,sedan,FALSE,owned,front,TRUE,FALSE,FALSE,FALSE,FALSE,FALSE,FALSE,FALSE,FALSE,FALSE,21,500
Renault,Laguna,mechanical,blue,280000,1996,gasoline,FALSE,gasoline,1.8,hatchback,FALSE,owned,front,FALSE,FALSE,FALSE,FALSE,FALSE,FALSE,FALSE,FALSE,FALSE,TRUE,44,750
Iveco,Daily,mechanical,white,398000,2009,diesel,FALSE,diesel,2.3,van,FALSE,owned,rear,TRUE,FALSE,FALSE,FALSE,FALSE,FALSE,FALSE,FALSE,FALSE,FALSE,85,12900
BMW,525,mechanical,black,480000,1992,gasoline,FALSE,gasoline,2.5,sedan,FALSE,owned,rear,TRUE,FALSE,FALSE,FALSE,FALSE,FALSE,FALSE,FALSE,FALSE,FALSE,92,1600
Mercedes-Benz,C200,automatic,black,187000,2015,diesel,FALSE,diesel,1.6,universal,FALSE,owned,rear,FALSE,FALSE,FALSE,TRUE,FALSE,FALSE,TRUE,TRUE,FALSE,TRUE,7,16900
Volkswagen,Passat,mechanical,blue,295000,2002,gasoline,FALSE,gasoline,1.8,sedan,FALSE,owned,front,FALSE,TRUE,TRUE,FALSE,FALSE,FALSE,FALSE,FALSE,FALSE,TRUE,57,4500
Jeep,Grand Cherokee,automatic,black,151000,2013,gas,TRUE,gasoline,3.6,suv,FALSE,owned,all,FALSE,TRUE,FALSE,TRUE,FALSE,TRUE,FALSE,TRUE,TRUE,TRUE,28,23999
Volkswagen,Sharan,mechanical,silver,250000,2007,diesel,FALSE,diesel,1.9,minivan,FALSE,owned,front,FALSE,TRUE,FALSE,TRUE,FALSE,TRUE,FALSE,TRUE,TRUE,TRUE,111,9000
Mercedes-Benz,E200,mechanical,black,350000,1995,diesel,FALSE,diesel,2,sedan,FALSE,owned,front,FALSE,FALSE,FALSE,FALSE,FALSE,TRUE,FALSE,FALSE,FALSE,FALSE,46,3000
Kia,Rio,mechanical,brown,46000,2016,gasoline,FALSE,gasoline,1.6,sedan,TRUE,owned,front,FALSE,TRUE,FALSE,FALSE,FALSE,TRUE,FALSE,FALSE,FALSE,FALSE,3,9800
Honda,Accord,mechanical,blue,330000,1994,gasoline,FALSE,gasoline,2,sedan,FALSE,owned,front,FALSE,FALSE,FALSE,FALSE,FALSE,FALSE,FALSE,FALSE,FALSE,TRUE,58,1570
Mitsubishi,Space Gear,mechanical,green,403000,1995,gasoline,FALSE,gasoline,2,minivan,FALSE,owned,front,FALSE,FALSE,TRUE,FALSE,FALSE,FALSE,FALSE,FALSE,FALSE,TRUE,41,2900
Cadillac,SRX,automatic,black,180000,2011,gasoline,FALSE,gasoline,3,suv,FALSE,owned,all,FALSE,TRUE,TRUE,TRUE,FALSE,TRUE,TRUE,FALSE,TRUE,TRUE,11,13500
BMW,520,mechanical,black,450000,1993,gasoline,FALSE,gasoline,2,sedan,FALSE,owned,rear,FALSE,FALSE,TRUE,FALSE,TRUE,FALSE,FALSE,TRUE,FALSE,TRUE,1,1700
Citroen,C4 Picasso,automatic,blue,230000,2009,diesel,FALSE,diesel,1.6,hatchback,FALSE,owned,front,FALSE,TRUE,FALSE,TRUE,FALSE,FALSE,FALSE,TRUE,TRUE,FALSE,15,6800
Ford,Mondeo,mechanical,green,415000,2001,diesel,FALSE,diesel,2,hatchback,FALSE,owned,front,FALSE,TRUE,TRUE,FALSE,TRUE,FALSE,FALSE,TRUE,FALSE,FALSE,8,3500
Honda,Civic,automatic,other,276500,2001,gasoline,FALSE,gasoline,1.6,hatchback,FALSE,owned,front,FALSE,TRUE,FALSE,FALSE,FALSE,FALSE,FALSE,FALSE,FALSE,TRUE,28,2850
Mercedes-Benz,T2,mechanical,blue,500000,1990,diesel,FALSE,diesel,2.9,minibus,FALSE,owned,rear,FALSE,FALSE,FALSE,FALSE,FALSE,FALSE,FALSE,FALSE,FALSE,TRUE,350,3700
Citroen,Berlingo,mechanical,green,213790,1997,gasoline,FALSE,gasoline,1.4,minivan,FALSE,owned,front,TRUE,FALSE,FALSE,FALSE,FALSE,FALSE,FALSE,FALSE,FALSE,FALSE,22,1800
Volkswagen,Passat,mechanical,blue,380000,2005,diesel,FALSE,diesel,2,universal,FALSE,owned,front,FALSE,TRUE,FALSE,FALSE,FALSE,TRUE,FALSE,FALSE,TRUE,FALSE,49,5950
Peugeot,406,mechanical,blue,290000,2000,gasoline,FALSE,gasoline,2,sedan,FALSE,owned,front,FALSE,TRUE,FALSE,FALSE,FALSE,FALSE,FALSE,FALSE,TRUE,FALSE,5,3550
Hyundai,Solaris,automatic,grey,41000,2017,gasoline,FALSE,gasoline,1.6,sedan,FALSE,owned,front,FALSE,TRUE,FALSE,FALSE,FALSE,TRUE,FALSE,FALSE,FALSE,FALSE,61,12500
Honda,CR-V,automatic,black,145000,2006,gasoline,FALSE,gasoline,2.4,suv,FALSE,owned,all,FALSE,TRUE,FALSE,FALSE,FALSE,TRUE,FALSE,FALSE,FALSE,TRUE,31,11050
Citroen,C5,mechanical,other,305000,2001,diesel,FALSE,diesel,2,hatchback,FALSE,owned,front,FALSE,TRUE,FALSE,FALSE,FALSE,FALSE,FALSE,FALSE,FALSE,TRUE,128,4100
Volkswagen,Golf,mechanical,other,320000,1997,gasoline,FALSE,gasoline,1.6,hatchback,FALSE,owned,front,FALSE,FALSE,FALSE,FALSE,FALSE,FALSE,FALSE,FALSE,FALSE,TRUE,3,2800
BMW,525,automatic,grey,271000,2007,diesel,FALSE,diesel,3,sedan,FALSE,owned,rear,FALSE,TRUE,TRUE,TRUE,TRUE,TRUE,TRUE,TRUE,TRUE,TRUE,89,13500
Renault,Scenic,mechanical,red,114000,2017,gasoline,FALSE,gasoline,1.2,minivan,FALSE,owned,front,FALSE,TRUE,TRUE,TRUE,FALSE,TRUE,TRUE,TRUE,TRUE,TRUE,34,11380.08
Toyota,Land Cruiser,automatic,silver,181000,2006,gas,TRUE,gasoline,4.7,suv,FALSE,owned,all,FALSE,FALSE,FALSE,FALSE,FALSE,FALSE,TRUE,TRUE,FALSE,FALSE,8,13300
Citroen,Xantia,mechanical,blue,320000,1999,gas,TRUE,gasoline,2,hatchback,FALSE,owned,front,FALSE,TRUE,FALSE,FALSE,FALSE,FALSE,FALSE,FALSE,FALSE,TRUE,32,1700
Mercedes-Benz,Vito,automatic,black,123800,2000,diesel,FALSE,diesel,2.2,minivan,FALSE,owned,front,FALSE,TRUE,FALSE,FALSE,TRUE,FALSE,FALSE,FALSE,TRUE,TRUE,13,5700
Nissan,Juke,mechanical,white,71000,2012,gasoline,FALSE,gasoline,1.6,hatchback,FALSE,owned,front,FALSE,TRUE,FALSE,FALSE,FALSE,TRUE,FALSE,TRUE,TRUE,TRUE,57,9800
Volkswagen,Golf,automatic,black,189000,2011,gasoline,FALSE,gasoline,1.4,hatchback,FALSE,owned,front,FALSE,TRUE,FALSE,FALSE,FALSE,TRUE,FALSE,TRUE,TRUE,TRUE,20,8450
Mazda,6,automatic,silver,241402,2006,gasoline,FALSE,gasoline,2.3,sedan,FALSE,owned,front,FALSE,TRUE,FALSE,FALSE,FALSE,FALSE,FALSE,FALSE,FALSE,TRUE,58,5200
Mazda,Tribute,automatic,grey,321869,2005,gasoline,FALSE,gasoline,2.3,suv,FALSE,owned,front,FALSE,TRUE,FALSE,TRUE,FALSE,FALSE,FALSE,FALSE,FALSE,TRUE,66,5300
Fiat,Ulysse,mechanical,blue,460000,1995,diesel,FALSE,diesel,1.9,minivan,FALSE,owned,front,FALSE,TRUE,FALSE,TRUE,FALSE,FALSE,FALSE,FALSE,FALSE,FALSE,77,2800
Fiat,Marea,mechanical,blue,200000,1997,diesel,FALSE,diesel,1.9,universal,FALSE,owned,front,TRUE,FALSE,FALSE,FALSE,FALSE,FALSE,FALSE,FALSE,FALSE,FALSE,32,1700
Chrysler,Town&Country,automatic,blue,305775,2006,gasoline,FALSE,gasoline,3.3,minivan,FALSE,owned,front,FALSE,FALSE,TRUE,FALSE,FALSE,FALSE,FALSE,FALSE,FALSE,FALSE,159,7000
Toyota,Corolla,mechanical,red,262000,1997,gasoline,FALSE,gasoline,1.3,hatchback,FALSE,owned,front,TRUE,FALSE,FALSE,FALSE,FALSE,FALSE,FALSE,FALSE,FALSE,FALSE,79,2667
Peugeot,306,mechanical,silver,270000,2001,diesel,FALSE,diesel,2,universal,FALSE,owned,front,FALSE,TRUE,FALSE,FALSE,FALSE,FALSE,FALSE,FALSE,FALSE,FALSE,67,3400
Mitsubishi,Outlander,automatic,black,248322,2005,gasoline,FALSE,gasoline,2.4,suv,FALSE,owned,all,FALSE,TRUE,TRUE,FALSE,TRUE,TRUE,FALSE,FALSE,TRUE,TRUE,88,4950
Ford,Transit,mechanical,red,415353,1997,gasoline,FALSE,gasoline,2,sedan,FALSE,owned,front,TRUE,FALSE,FALSE,FALSE,FALSE,FALSE,FALSE,FALSE,FALSE,FALSE,32,649.84
Honda,CR-V,mechanical,blue,205500,1999,gasoline,FALSE,gasoline,2,sedan,FALSE,owned,all,FALSE,TRUE,FALSE,FALSE,TRUE,FALSE,FALSE,FALSE,FALSE,TRUE,140,3200
Audi,100,mechanical,other,350000,1992,diesel,FALSE,diesel,2.5,sedan,FALSE,owned,front,FALSE,FALSE,FALSE,FALSE,FALSE,FALSE,FALSE,FALSE,FALSE,TRUE,29,2999
Renault,Megane,mechanical,other,340000,1998,gasoline,FALSE,gasoline,1.6,sedan,FALSE,owned,front,FALSE,TRUE,FALSE,FALSE,FALSE,TRUE,FALSE,FALSE,FALSE,TRUE,68,2100
Mitsubishi,Pajero Sport,automatic,black,145000,2014,diesel,FALSE,diesel,2.5,suv,FALSE,owned,all,FALSE,TRUE,TRUE,TRUE,TRUE,TRUE,FALSE,FALSE,TRUE,TRUE,61,19900
Mazda,6,mechanical,black,180000,2007,gasoline,FALSE,gasoline,1.8,sedan,FALSE,owned,front,FALSE,TRUE,TRUE,FALSE,FALSE,TRUE,FALSE,FALSE,FALSE,TRUE,89,7500
Nissan,200SX,mechanical,red,99999,1996,gasoline,FALSE,gasoline,2,coupe,FALSE,owned,rear,FALSE,FALSE,FALSE,FALSE,FALSE,FALSE,FALSE,FALSE,FALSE,TRUE,23,22000
Volkswagen,Passat,mechanical,silver,295000,1999,gasoline,FALSE,gasoline,1.8,universal,FALSE,owned,front,FALSE,TRUE,FALSE,FALSE,FALSE,FALSE,FALSE,FALSE,FALSE,TRUE,77,4500
Ford,Focus,mechanical,black,290000,2011,gasoline,FALSE,gasoline,1.6,sedan,FALSE,owned,front,FALSE,FALSE,FALSE,FALSE,FALSE,TRUE,FALSE,FALSE,FALSE,TRUE,1,6700
Peugeot,607,automatic,blue,380000,2001,gasoline,FALSE,gasoline,3,sedan,FALSE,owned,front,FALSE,TRUE,FALSE,TRUE,TRUE,FALSE,TRUE,FALSE,TRUE,TRUE,49,3500
Mercedes-Benz,E200,automatic,black,153000,2009,diesel,FALSE,diesel,2.2,sedan,FALSE,owned,rear,FALSE,FALSE,FALSE,FALSE,TRUE,FALSE,TRUE,TRUE,FALSE,TRUE,11,7999
Renault,Clio,mechanical,black,180000,2001,gasoline,FALSE,gasoline,1.4,hatchback,FALSE,owned,front,FALSE,TRUE,FALSE,FALSE,FALSE,FALSE,FALSE,FALSE,FALSE,FALSE,47,2100
Suzuki,Swift,mechanical,black,800000,1992,gasoline,FALSE,gasoline,1.3,hatchback,FALSE,owned,front,TRUE,FALSE,FALSE,FALSE,FALSE,FALSE,FALSE,FALSE,FALSE,FALSE,13,150
Kia,Sportage,mechanical,other,185000,2009,diesel,FALSE,diesel,2,suv,FALSE,owned,front,FALSE,TRUE,FALSE,FALSE,TRUE,TRUE,TRUE,FALSE,FALSE,TRUE,79,9000
Mazda,Premacy,mechanical,other,210000,2003,gasoline,FALSE,gasoline,1.8,minivan,FALSE,owned,front,FALSE,TRUE,FALSE,FALSE,FALSE,FALSE,FALSE,FALSE,TRUE,TRUE,44,4600
Opel,Astra,mechanical,silver,250067,1997,gasoline,FALSE,gasoline,1.6,universal,FALSE,owned,front,FALSE,TRUE,FALSE,FALSE,FALSE,FALSE,FALSE,FALSE,FALSE,TRUE,21,1800
Skoda,Superb,mechanical,black,202000,2011,diesel,FALSE,diesel,1.6,liftback,FALSE,owned,front,FALSE,FALSE,FALSE,FALSE,FALSE,TRUE,FALSE,FALSE,TRUE,TRUE,4,10200
Volkswagen,Golf,mechanical,red,350000,1986,gasoline,FALSE,gasoline,1.3,hatchback,FALSE,owned,front,TRUE,FALSE,FALSE,FALSE,FALSE,FALSE,FALSE,FALSE,FALSE,FALSE,6,284.55
Peugeot,406,mechanical,other,276000,2000,diesel,FALSE,diesel,2,universal,FALSE,owned,front,FALSE,TRUE,FALSE,FALSE,FALSE,FALSE,FALSE,FALSE,FALSE,FALSE,8,3300
Chevrolet,Cruze,mechanical,black,239000,2015,gas,TRUE,gasoline,1.6,sedan,FALSE,owned,front,FALSE,TRUE,FALSE,FALSE,TRUE,TRUE,FALSE,FALSE,FALSE,FALSE,92,7150
Chevrolet,Malibu,automatic,silver,25000,2018,gasoline,FALSE,gasoline,1.5,sedan,FALSE,owned,front,FALSE,TRUE,FALSE,FALSE,FALSE,FALSE,FALSE,TRUE,TRUE,TRUE,4,13700
Ford,Galaxy,mechanical,blue,142356,2015,diesel,FALSE,diesel,2,minivan,FALSE,owned,front,FALSE,FALSE,FALSE,TRUE,FALSE,FALSE,TRUE,TRUE,TRUE,TRUE,4,17900
Renault,Laguna,mechanical,blue,350000,2000,diesel,FALSE,diesel,1.9,universal,FALSE,owned,front,FALSE,TRUE,FALSE,FALSE,FALSE,FALSE,FALSE,FALSE,TRUE,FALSE,15,2800
Ford,Escort,mechanical,red,140000,1993,gasoline,FALSE,gasoline,1.4,universal,FALSE,owned,front,TRUE,FALSE,FALSE,FALSE,FALSE,FALSE,FALSE,FALSE,FALSE,FALSE,66,2500
Peugeot,4008,mechanical,grey,160000,2016,diesel,FALSE,diesel,1.6,suv,FALSE,owned,all,FALSE,TRUE,TRUE,TRUE,TRUE,FALSE,TRUE,TRUE,TRUE,TRUE,32,15999
Ford,Mondeo,mechanical,green,400000,2002,diesel,FALSE,diesel,2,universal,FALSE,owned,front,FALSE,TRUE,TRUE,TRUE,FALSE,FALSE,FALSE,FALSE,TRUE,TRUE,66,3200
Chevrolet,Trax,automatic,silver,60,2016,gasoline,FALSE,gasoline,1.4,suv,FALSE,emergency,front,FALSE,FALSE,FALSE,TRUE,FALSE,FALSE,TRUE,FALSE,TRUE,FALSE,4,6400
Volkswagen,Golf,mechanical,silver,340000,2007,diesel,FALSE,diesel,1.9,universal,FALSE,owned,front,FALSE,TRUE,FALSE,FALSE,FALSE,FALSE,FALSE,FALSE,TRUE,FALSE,16,6200
Kia,Sportage,mechanical,blue,19700,2018,gasoline,FALSE,gasoline,1.6,suv,FALSE,owned,front,FALSE,TRUE,FALSE,TRUE,FALSE,TRUE,FALSE,TRUE,TRUE,TRUE,67,22950
Peugeot,406,mechanical,red,102000,1998,gasoline,FALSE,gasoline,3,coupe,FALSE,owned,front,FALSE,TRUE,TRUE,FALSE,TRUE,TRUE,FALSE,FALSE,FALSE,TRUE,97,4000
Citroen,Xsara Picasso,mechanical,other,290000,2002,gasoline,FALSE,gasoline,1.6,minivan,FALSE,owned,front,TRUE,FALSE,FALSE,FALSE,FALSE,FALSE,FALSE,FALSE,FALSE,FALSE,58,3550
Hyundai,Coupe,mechanical,red,310,2002,gasoline,FALSE,gasoline,1.6,coupe,FALSE,owned,front,FALSE,TRUE,TRUE,FALSE,FALSE,FALSE,FALSE,FALSE,TRUE,TRUE,62,4000
Renault,Megane,automatic,black,102000,2011,gasoline,FALSE,gasoline,1.6,hatchback,FALSE,owned,front,FALSE,TRUE,FALSE,TRUE,FALSE,FALSE,FALSE,FALSE,FALSE,TRUE,82,7300
Honda,Jazz,automatic,black,267000,2003,gasoline,FALSE,gasoline,1.3,hatchback,FALSE,owned,front,FALSE,TRUE,FALSE,FALSE,FALSE,FALSE,FALSE,FALSE,FALSE,TRUE,83,4900
Peugeot,407,mechanical,grey,246000,2006,gasoline,FALSE,gasoline,1.8,sedan,FALSE,owned,front,FALSE,TRUE,FALSE,TRUE,FALSE,TRUE,FALSE,TRUE,TRUE,TRUE,15,5200
Honda,Civic,mechanical,other,275000,1992,gasoline,FALSE,gasoline,1.5,hatchback,FALSE,owned,front,FALSE,FALSE,FALSE,FALSE,FALSE,FALSE,FALSE,FALSE,FALSE,TRUE,87,1150
Fiat,Linea,mechanical,black,210000,2009,gasoline,FALSE,gasoline,1.4,sedan,FALSE,owned,front,FALSE,TRUE,FALSE,FALSE,FALSE,FALSE,FALSE,FALSE,TRUE,TRUE,51,4650
Peugeot,308,mechanical,black,75000,2008,gasoline,FALSE,gasoline,1.4,coupe,FALSE,owned,front,FALSE,TRUE,FALSE,FALSE,FALSE,FALSE,FALSE,FALSE,TRUE,TRUE,88,4800
Volkswagen,Passat,mechanical,black,250000,2000,gasoline,FALSE,gasoline,1.8,sedan,FALSE,owned,front,FALSE,TRUE,FALSE,FALSE,FALSE,FALSE,FALSE,FALSE,FALSE,FALSE,211,2950
Ford,Transit,mechanical,black,333000,1996,diesel,FALSE,diesel,2.5,minibus,FALSE,owned,rear,TRUE,FALSE,FALSE,FALSE,FALSE,FALSE,FALSE,FALSE,FALSE,FALSE,52,3300
Ford,Focus,automatic,black,265542,2007,gasoline,FALSE,gasoline,2,sedan,FALSE,owned,front,FALSE,TRUE,FALSE,FALSE,FALSE,FALSE,FALSE,TRUE,TRUE,TRUE,13,5200
Volkswagen,Passat,automatic,white,500000,1997,diesel,FALSE,diesel,1.9,universal,FALSE,owned,front,FALSE,TRUE,FALSE,FALSE,FALSE,FALSE,FALSE,FALSE,FALSE,FALSE,2,2800
Volkswagen,Passat,mechanical,silver,234000,2007,diesel,FALSE,diesel,2,universal,FALSE,owned,front,TRUE,FALSE,FALSE,FALSE,FALSE,FALSE,FALSE,FALSE,FALSE,FALSE,229,7850
Opel,Corsa,automatic,black,119000,2007,gasoline,FALSE,gasoline,1.2,sedan,FALSE,owned,front,FALSE,TRUE,FALSE,TRUE,FALSE,TRUE,FALSE,FALSE,TRUE,TRUE,144,4800
Peugeot,307,mechanical,grey,440000,2003,diesel,FALSE,diesel,2,universal,FALSE,owned,front,FALSE,TRUE,FALSE,FALSE,FALSE,FALSE,FALSE,FALSE,TRUE,TRUE,159,4700
Opel,Vectra,mechanical,silver,287000,2001,diesel,FALSE,diesel,2,universal,FALSE,owned,front,FALSE,TRUE,FALSE,FALSE,FALSE,FALSE,FALSE,FALSE,FALSE,FALSE,63,2000
Ford,Mondeo,mechanical,blue,318000,2002,diesel,FALSE,diesel,2,universal,FALSE,owned,front,FALSE,FALSE,FALSE,FALSE,FALSE,FALSE,FALSE,FALSE,FALSE,TRUE,0,2900
Renault,Laguna,mechanical,grey,244000,1998,diesel,FALSE,diesel,2.2,hatchback,FALSE,owned,front,FALSE,TRUE,TRUE,FALSE,FALSE,FALSE,FALSE,FALSE,FALSE,TRUE,66,1900
Chevrolet,Niva,mechanical,green,85000,2008,gasoline,FALSE,gasoline,1.7,hatchback,FALSE,owned,all,TRUE,FALSE,FALSE,FALSE,FALSE,FALSE,FALSE,FALSE,FALSE,FALSE,58,3650
Renault,Scenic,automatic,grey,248499,1998,gasoline,FALSE,gasoline,2,hatchback,FALSE,owned,front,FALSE,FALSE,TRUE,FALSE,FALSE,FALSE,FALSE,FALSE,FALSE,FALSE,2,2490
ВАЗ,21011,mechanical,green,123000,1977,gasoline,FALSE,gasoline,1.3,sedan,FALSE,owned,rear,TRUE,FALSE,FALSE,FALSE,FALSE,FALSE,FALSE,FALSE,FALSE,FALSE,21,1500
Mercedes-Benz,E250,mechanical,black,177500,2015,diesel,FALSE,diesel,2.2,sedan,FALSE,owned,rear,FALSE,TRUE,FALSE,FALSE,FALSE,TRUE,FALSE,TRUE,TRUE,TRUE,7,29999
BMW,525,automatic,blue,420000,1998,diesel,FALSE,diesel,2.5,universal,FALSE,owned,rear,FALSE,TRUE,FALSE,FALSE,TRUE,FALSE,FALSE,TRUE,TRUE,TRUE,101,4900
Nissan,Primera,mechanical,grey,400000,1996,gasoline,FALSE,gasoline,2,sedan,FALSE,emergency,front,FALSE,FALSE,FALSE,FALSE,FALSE,FALSE,FALSE,FALSE,FALSE,TRUE,1,569.1
Renault,Kangoo,mechanical,silver,445000,2004,gasoline,FALSE,gasoline,1.4,universal,FALSE,owned,front,FALSE,TRUE,FALSE,FALSE,FALSE,FALSE,FALSE,FALSE,FALSE,FALSE,88,3200
Chery,Kimo,mechanical,grey,118000,2012,gasoline,FALSE,gasoline,1.3,hatchback,FALSE,owned,front,FALSE,TRUE,FALSE,TRUE,FALSE,FALSE,FALSE,FALSE,FALSE,TRUE,68,3000
Peugeot,307,mechanical,white,224000,2006,diesel,FALSE,diesel,1.6,hatchback,FALSE,owned,front,FALSE,TRUE,FALSE,FALSE,FALSE,FALSE,FALSE,FALSE,FALSE,FALSE,87,4200
Ford,Fiesta,mechanical,other,165000,2009,gasoline,FALSE,gasoline,1.3,hatchback,FALSE,owned,front,FALSE,TRUE,FALSE,FALSE,FALSE,FALSE,FALSE,TRUE,TRUE,FALSE,83,5400
Opel,Omega,mechanical,other,299000,1998,gasoline,FALSE,gasoline,2,sedan,FALSE,owned,rear,FALSE,TRUE,TRUE,FALSE,FALSE,FALSE,FALSE,FALSE,FALSE,TRUE,57,1000
Volkswagen,T3,mechanical,orange,333333,1987,diesel,FALSE,diesel,1.6,minibus,FALSE,owned,front,TRUE,FALSE,FALSE,FALSE,FALSE,FALSE,FALSE,FALSE,FALSE,FALSE,234,1900
Chrysler,Stratus,mechanical,grey,278000,1999,gasoline,FALSE,gasoline,2,cabriolet,FALSE,owned,front,FALSE,TRUE,FALSE,FALSE,TRUE,FALSE,FALSE,FALSE,FALSE,TRUE,88,4500
Mercedes-Benz,C250,automatic,black,90000,2014,gasoline,FALSE,gasoline,2,sedan,FALSE,owned,rear,FALSE,TRUE,TRUE,TRUE,TRUE,TRUE,TRUE,TRUE,TRUE,TRUE,40,22700
Audi,A6,mechanical,black,290000,2007,diesel,FALSE,diesel,2,sedan,FALSE,owned,front,FALSE,FALSE,FALSE,FALSE,FALSE,FALSE,FALSE,TRUE,FALSE,TRUE,10,10300
Opel,Astra,mechanical,blue,422000,1994,diesel,FALSE,diesel,1.7,sedan,FALSE,owned,front,TRUE,FALSE,FALSE,FALSE,FALSE,FALSE,FALSE,FALSE,FALSE,FALSE,64,1700
Nissan,Primera,mechanical,grey,280000,1990,gasoline,FALSE,gasoline,2,sedan,FALSE,owned,front,TRUE,FALSE,FALSE,FALSE,FALSE,FALSE,FALSE,FALSE,FALSE,FALSE,71,800
Citroen,C4,automatic,grey,119000,2014,gasoline,FALSE,gasoline,1.6,sedan,FALSE,owned,front,TRUE,FALSE,FALSE,FALSE,FALSE,FALSE,FALSE,FALSE,FALSE,FALSE,10,9250
Subaru,Legacy,mechanical,green,250000,1997,gasoline,FALSE,gasoline,2,universal,FALSE,owned,all,FALSE,FALSE,FALSE,FALSE,FALSE,FALSE,FALSE,FALSE,FALSE,TRUE,29,2300
Iveco,Daily,mechanical,white,550000,2002,diesel,FALSE,diesel,2.8,minibus,FALSE,owned,front,TRUE,FALSE,FALSE,FALSE,FALSE,FALSE,FALSE,FALSE,FALSE,FALSE,118,5999
Peugeot,406,mechanical,silver,219000,1997,gasoline,FALSE,gasoline,1.8,sedan,FALSE,owned,front,TRUE,FALSE,FALSE,FALSE,FALSE,FALSE,FALSE,FALSE,FALSE,FALSE,13,2500
BMW,316,mechanical,green,418000,1994,gasoline,FALSE,gasoline,1.6,sedan,FALSE,owned,rear,FALSE,FALSE,FALSE,FALSE,FALSE,FALSE,FALSE,FALSE,FALSE,TRUE,7,3000
Renault,Megane,mechanical,red,322364,1996,gasoline,FALSE,gasoline,1.6,hatchback,FALSE,owned,front,TRUE,FALSE,FALSE,FALSE,FALSE,FALSE,FALSE,FALSE,FALSE,FALSE,4,800
Skoda,Kodiaq,automatic,green,0,2019,diesel,FALSE,diesel,2,suv,TRUE,new,all,TRUE,FALSE,FALSE,FALSE,FALSE,FALSE,FALSE,FALSE,FALSE,FALSE,26,34782.32
Ford,Sierra,mechanical,grey,1000000,1987,gasoline,FALSE,gasoline,2,sedan,FALSE,owned,rear,TRUE,FALSE,FALSE,FALSE,FALSE,FALSE,FALSE,FALSE,FALSE,FALSE,126,430
Citroen,C4 Picasso,mechanical,silver,200000,2014,diesel,FALSE,diesel,1.6,hatchback,FALSE,owned,front,FALSE,FALSE,FALSE,TRUE,FALSE,FALSE,TRUE,TRUE,TRUE,TRUE,33,13350
Nissan,Almera,mechanical,red,200000,1997,gas,TRUE,gasoline,1.4,hatchback,FALSE,owned,front,TRUE,FALSE,FALSE,FALSE,FALSE,FALSE,FALSE,FALSE,FALSE,FALSE,65,1500
Mercedes-Benz,Sprinter,automatic,red,346300,2007,diesel,FALSE,diesel,2.2,minibus,FALSE,owned,rear,TRUE,FALSE,FALSE,FALSE,FALSE,FALSE,FALSE,FALSE,FALSE,FALSE,80,11500
Toyota,RAV4,automatic,silver,275000,2004,gasoline,FALSE,gasoline,2,suv,FALSE,owned,all,TRUE,FALSE,FALSE,FALSE,FALSE,FALSE,FALSE,FALSE,FALSE,FALSE,4,7200
Mazda,323,automatic,green,160000,1997,gasoline,FALSE,gasoline,1.5,sedan,FALSE,owned,front,FALSE,FALSE,FALSE,FALSE,FALSE,FALSE,FALSE,FALSE,TRUE,FALSE,19,1800
Volkswagen,Passat,automatic,silver,109000,2010,gasoline,FALSE,gasoline,1.8,sedan,FALSE,owned,front,FALSE,TRUE,FALSE,TRUE,FALSE,TRUE,TRUE,TRUE,TRUE,TRUE,145,11000
Ford,Escort,mechanical,grey,300000,1989,gasoline,FALSE,gasoline,1.3,hatchback,FALSE,emergency,front,TRUE,FALSE,FALSE,FALSE,FALSE,FALSE,FALSE,FALSE,FALSE,FALSE,13,222.9
Citroen,Xsara Picasso,mechanical,blue,330000,2000,gasoline,FALSE,gasoline,1.8,minivan,FALSE,owned,front,TRUE,FALSE,FALSE,FALSE,FALSE,FALSE,FALSE,FALSE,FALSE,FALSE,23,3650
LADA,Vesta,mechanical,white,109000,2017,gas,TRUE,gasoline,1.6,sedan,FALSE,owned,front,FALSE,FALSE,FALSE,FALSE,TRUE,TRUE,FALSE,FALSE,TRUE,FALSE,12,7999
Renault,Laguna,mechanical,green,340000,2000,diesel,FALSE,diesel,1.9,hatchback,FALSE,owned,front,FALSE,TRUE,FALSE,FALSE,FALSE,FALSE,FALSE,FALSE,FALSE,TRUE,58,1900
Kia,Sorento,automatic,silver,118000,2010,diesel,FALSE,diesel,2.2,suv,FALSE,owned,all,FALSE,TRUE,TRUE,TRUE,TRUE,TRUE,TRUE,TRUE,TRUE,TRUE,148,13900
Peugeot,3008,mechanical,grey,156000,2009,gasoline,FALSE,gasoline,1.6,hatchback,FALSE,owned,front,FALSE,TRUE,FALSE,TRUE,FALSE,FALSE,FALSE,FALSE,FALSE,FALSE,64,9000
Kia,Sorento,automatic,other,249,2005,gasoline,FALSE,gasoline,3.5,suv,FALSE,owned,rear,FALSE,TRUE,FALSE,FALSE,TRUE,TRUE,FALSE,FALSE,TRUE,TRUE,581,5500
Ford,Galaxy,mechanical,blue,1000000,2003,diesel,FALSE,diesel,1.9,minivan,FALSE,owned,front,TRUE,FALSE,FALSE,FALSE,FALSE,FALSE,FALSE,FALSE,FALSE,FALSE,36,6000
Peugeot,3008,automatic,silver,130000,2012,gasoline,FALSE,gasoline,1.6,hatchback,FALSE,owned,front,FALSE,TRUE,TRUE,TRUE,TRUE,TRUE,FALSE,TRUE,TRUE,TRUE,16,9300
Volkswagen,T4,mechanical,white,245675,1995,diesel,FALSE,diesel,2.4,van,FALSE,owned,front,TRUE,FALSE,FALSE,FALSE,FALSE,FALSE,FALSE,FALSE,FALSE,FALSE,54,4000
BMW,318,automatic,silver,232000,2009,diesel,FALSE,diesel,2,sedan,FALSE,owned,rear,FALSE,TRUE,FALSE,TRUE,FALSE,FALSE,FALSE,TRUE,TRUE,TRUE,119,10500
Peugeot,406,mechanical,white,290000,1996,gasoline,FALSE,gasoline,1.8,sedan,FALSE,owned,front,TRUE,FALSE,FALSE,FALSE,FALSE,FALSE,FALSE,FALSE,FALSE,FALSE,119,1600
Volkswagen,Touareg,mechanical,grey,371000,2004,diesel,FALSE,diesel,2.5,suv,FALSE,owned,all,FALSE,FALSE,FALSE,FALSE,TRUE,TRUE,FALSE,FALSE,FALSE,TRUE,3,7900
Ford,Galaxy,mechanical,silver,300000,1998,gasoline,FALSE,gasoline,2.3,minivan,FALSE,owned,front,FALSE,FALSE,FALSE,FALSE,FALSE,FALSE,FALSE,FALSE,FALSE,TRUE,14,2700
Mazda,626,mechanical,silver,300000,1996,gas,TRUE,gasoline,1.6,sedan,FALSE,owned,front,TRUE,FALSE,FALSE,FALSE,FALSE,FALSE,FALSE,FALSE,FALSE,FALSE,380,1000
Skoda,Octavia,mechanical,silver,397000,2008,gasoline,FALSE,gasoline,1.6,liftback,FALSE,owned,front,FALSE,TRUE,FALSE,FALSE,FALSE,FALSE,FALSE,FALSE,FALSE,FALSE,21,4777
Peugeot,407,mechanical,other,300000,2004,gasoline,FALSE,gasoline,1.8,sedan,FALSE,owned,front,FALSE,TRUE,TRUE,FALSE,FALSE,TRUE,FALSE,FALSE,TRUE,TRUE,90,4400
Audi,A4,mechanical,silver,379000,1999,gasoline,FALSE,gasoline,1.8,sedan,FALSE,owned,front,FALSE,FALSE,FALSE,FALSE,FALSE,FALSE,FALSE,FALSE,FALSE,TRUE,4,3800
Hyundai,Santa Fe,automatic,other,216000,2008,diesel,FALSE,diesel,2.2,suv,FALSE,owned,all,FALSE,TRUE,FALSE,TRUE,TRUE,TRUE,FALSE,TRUE,TRUE,TRUE,77,12500
Citroen,C4,mechanical,black,173000,2008,gas,TRUE,gasoline,1.4,hatchback,FALSE,owned,front,FALSE,TRUE,FALSE,FALSE,TRUE,FALSE,FALSE,TRUE,FALSE,FALSE,93,6300
Daewoo,Matiz,mechanical,blue,213000,2007,gasoline,FALSE,gasoline,1,hatchback,FALSE,owned,front,TRUE,FALSE,FALSE,FALSE,FALSE,FALSE,FALSE,FALSE,FALSE,FALSE,4,1650
Volkswagen,T4 Caravelle,mechanical,blue,300000,2001,diesel,FALSE,diesel,2.5,minibus,FALSE,owned,front,FALSE,FALSE,FALSE,FALSE,TRUE,TRUE,FALSE,FALSE,TRUE,TRUE,4,9000
Opel,Astra,mechanical,silver,85000,2012,diesel,FALSE,diesel,1.7,universal,FALSE,owned,front,FALSE,TRUE,TRUE,TRUE,FALSE,TRUE,TRUE,TRUE,TRUE,TRUE,1554,10900
Opel,Astra,mechanical,silver,130000,2010,gasoline,FALSE,gasoline,1.4,universal,FALSE,owned,front,FALSE,TRUE,FALSE,FALSE,FALSE,FALSE,FALSE,FALSE,FALSE,FALSE,91,6900
Jeep,Grand Cherokee,mechanical,blue,425000,1998,diesel,FALSE,diesel,2.5,suv,FALSE,owned,all,FALSE,FALSE,FALSE,FALSE,TRUE,TRUE,FALSE,FALSE,FALSE,FALSE,6,5000
Mercedes-Benz,C220,automatic,black,340000,2004,diesel,FALSE,diesel,2.2,sedan,FALSE,owned,rear,FALSE,TRUE,TRUE,FALSE,TRUE,TRUE,FALSE,FALSE,TRUE,TRUE,67,7500
Daewoo,Leganza,automatic,blue,415211,2001,gasoline,FALSE,gasoline,2.2,sedan,FALSE,owned,front,FALSE,FALSE,FALSE,FALSE,TRUE,FALSE,FALSE,FALSE,TRUE,TRUE,62,1517.59
Toyota,RAV4,automatic,black,175000,2013,gasoline,FALSE,gasoline,2.5,suv,FALSE,owned,all,FALSE,TRUE,TRUE,TRUE,TRUE,TRUE,TRUE,TRUE,TRUE,TRUE,60,19000
Citroen,C3,automatic,grey,12500,2018,gasoline,FALSE,gasoline,1.2,suv,FALSE,owned,front,FALSE,TRUE,FALSE,TRUE,TRUE,TRUE,TRUE,TRUE,TRUE,TRUE,76,19500
Lexus,IS,automatic,black,43000,2017,gasoline,FALSE,gasoline,2,sedan,FALSE,owned,rear,FALSE,TRUE,TRUE,TRUE,TRUE,TRUE,TRUE,TRUE,TRUE,TRUE,17,25933
Honda,Accord,automatic,blue,177117,2008,gasoline,FALSE,gasoline,2.4,sedan,FALSE,owned,front,FALSE,FALSE,TRUE,FALSE,FALSE,TRUE,FALSE,FALSE,TRUE,TRUE,8,8980
Lancia,Lybra,mechanical,brown,260000,2001,diesel,FALSE,diesel,2.4,sedan,FALSE,owned,front,FALSE,TRUE,FALSE,FALSE,TRUE,TRUE,TRUE,FALSE,FALSE,TRUE,91,3500
Ford,Mondeo,mechanical,black,345007,2003,diesel,FALSE,diesel,2,universal,FALSE,owned,front,FALSE,FALSE,FALSE,FALSE,FALSE,FALSE,FALSE,FALSE,FALSE,TRUE,69,3200
Volkswagen,Touran,mechanical,silver,300000,2007,diesel,FALSE,diesel,1.9,minivan,FALSE,owned,front,FALSE,TRUE,FALSE,FALSE,FALSE,FALSE,FALSE,TRUE,TRUE,FALSE,184,7350
Peugeot,406,mechanical,grey,224000,1997,gasoline,FALSE,gasoline,1.8,universal,FALSE,owned,front,FALSE,TRUE,FALSE,FALSE,FALSE,FALSE,FALSE,FALSE,FALSE,FALSE,8,1600
BMW,525,mechanical,grey,450000,2001,diesel,FALSE,diesel,2.5,universal,FALSE,owned,rear,FALSE,TRUE,FALSE,FALSE,TRUE,FALSE,FALSE,FALSE,TRUE,TRUE,175,6700
Volkswagen,Tiguan,automatic,grey,197000,2008,diesel,FALSE,diesel,2,suv,FALSE,owned,all,FALSE,TRUE,FALSE,FALSE,FALSE,FALSE,FALSE,TRUE,TRUE,TRUE,54,10050
Mercedes-Benz,C180,mechanical,silver,252000,2009,gasoline,FALSE,gasoline,1.6,universal,FALSE,owned,rear,FALSE,TRUE,FALSE,TRUE,TRUE,FALSE,TRUE,TRUE,TRUE,TRUE,63,10100
Mitsubishi,Galant,automatic,red,482803,2000,gasoline,FALSE,gasoline,2.4,sedan,FALSE,owned,front,FALSE,TRUE,FALSE,TRUE,FALSE,FALSE,FALSE,FALSE,FALSE,TRUE,68,2600
Opel,Vectra,mechanical,silver,500000,2000,diesel,FALSE,diesel,2,universal,FALSE,owned,front,FALSE,FALSE,FALSE,FALSE,FALSE,FALSE,FALSE,FALSE,FALSE,TRUE,12,3500
Land Rover,Range Rover Evoque,automatic,white,145000,2012,gasoline,FALSE,gasoline,2,suv,FALSE,owned,all,TRUE,FALSE,FALSE,FALSE,FALSE,FALSE,FALSE,FALSE,FALSE,FALSE,23,19900
Daewoo,Lanos,mechanical,green,151000,1999,gas,TRUE,gasoline,1.5,sedan,FALSE,owned,front,FALSE,TRUE,FALSE,FALSE,FALSE,FALSE,FALSE,FALSE,FALSE,FALSE,61,1800
Kia,Optima,automatic,white,127000,2014,gasoline,FALSE,gasoline,2.4,sedan,FALSE,owned,front,FALSE,FALSE,TRUE,TRUE,FALSE,FALSE,FALSE,TRUE,FALSE,TRUE,6,15950
Mercedes-Benz,E270,mechanical,blue,300000,2000,diesel,FALSE,diesel,2.7,sedan,FALSE,owned,rear,FALSE,TRUE,FALSE,FALSE,FALSE,TRUE,FALSE,FALSE,FALSE,FALSE,193,3500
Honda,CR-V,automatic,silver,305775,2003,gasoline,FALSE,gasoline,2.4,suv,FALSE,owned,front,FALSE,TRUE,FALSE,FALSE,FALSE,FALSE,FALSE,FALSE,FALSE,TRUE,62,8500
Ford,Focus,mechanical,silver,245789,2003,diesel,FALSE,diesel,1.8,hatchback,FALSE,owned,front,FALSE,TRUE,FALSE,FALSE,FALSE,TRUE,FALSE,TRUE,FALSE,TRUE,2,3000
Seat,Toledo,mechanical,silver,360000,2000,gasoline,FALSE,gasoline,1.6,sedan,FALSE,owned,front,FALSE,TRUE,FALSE,FALSE,FALSE,FALSE,FALSE,TRUE,TRUE,TRUE,7,3700
BMW,X5,automatic,grey,375000,2005,diesel,FALSE,diesel,3,suv,FALSE,owned,all,FALSE,TRUE,TRUE,TRUE,TRUE,TRUE,TRUE,TRUE,TRUE,TRUE,397,11500
Peugeot,307,mechanical,blue,92614,2003,gasoline,FALSE,gasoline,1.6,hatchback,FALSE,owned,front,FALSE,TRUE,FALSE,FALSE,FALSE,FALSE,FALSE,FALSE,FALSE,FALSE,62,5000
ВАЗ,2114,mechanical,green,120000,2006,gasoline,FALSE,gasoline,1.5,hatchback,FALSE,emergency,front,TRUE,FALSE,FALSE,FALSE,FALSE,FALSE,FALSE,FALSE,FALSE,FALSE,7,284.55
BMW,325,automatic,green,420000,1995,diesel,FALSE,diesel,2.5,sedan,FALSE,owned,rear,FALSE,FALSE,FALSE,FALSE,TRUE,FALSE,FALSE,FALSE,FALSE,FALSE,50,2500
Volvo,S60,automatic,black,200000,2006,gasoline,FALSE,gasoline,2.4,sedan,FALSE,owned,front,FALSE,TRUE,FALSE,FALSE,FALSE,TRUE,FALSE,FALSE,TRUE,TRUE,1,6899
Opel,Omega,mechanical,black,470000,1997,diesel,FALSE,diesel,2.5,sedan,FALSE,owned,rear,FALSE,TRUE,TRUE,FALSE,FALSE,FALSE,FALSE,FALSE,FALSE,FALSE,105,2600
Kia,Sportage,automatic,white,190000,1999,diesel,FALSE,diesel,2,suv,FALSE,owned,all,FALSE,FALSE,FALSE,FALSE,FALSE,FALSE,FALSE,FALSE,FALSE,TRUE,96,2800
BMW,320,mechanical,silver,450000,2001,gasoline,FALSE,gasoline,2.2,sedan,FALSE,owned,rear,FALSE,TRUE,TRUE,TRUE,FALSE,FALSE,FALSE,FALSE,TRUE,TRUE,27,6800
Great Wall,H6,mechanical,silver,80000,2014,gasoline,FALSE,gasoline,1.5,suv,FALSE,owned,all,FALSE,FALSE,FALSE,FALSE,TRUE,TRUE,TRUE,TRUE,TRUE,TRUE,307,9300
ВАЗ,1111,mechanical,green,12000,2015,gasoline,FALSE,gasoline,1.7,universal,FALSE,owned,all,TRUE,FALSE,FALSE,FALSE,FALSE,FALSE,FALSE,FALSE,FALSE,FALSE,97,6000
Mazda,CX-7,automatic,black,125000,2008,gasoline,FALSE,gasoline,2.3,suv,FALSE,owned,all,FALSE,FALSE,FALSE,FALSE,TRUE,TRUE,FALSE,FALSE,TRUE,TRUE,0,7500
Citroen,C2,automatic,red,100000,2004,gasoline,FALSE,gasoline,1.6,hatchback,FALSE,owned,front,FALSE,TRUE,FALSE,FALSE,FALSE,TRUE,FALSE,TRUE,TRUE,TRUE,16,2999
BMW,740,automatic,black,148000,2010,gasoline,FALSE,gasoline,3,sedan,FALSE,owned,rear,FALSE,FALSE,TRUE,TRUE,TRUE,TRUE,TRUE,TRUE,TRUE,TRUE,61,16400
BMW,X1,automatic,grey,250000,2014,diesel,FALSE,diesel,2,hatchback,FALSE,owned,all,FALSE,TRUE,FALSE,TRUE,FALSE,TRUE,TRUE,TRUE,TRUE,TRUE,59,13500
Fiat,Marea,mechanical,green,235000,1997,gasoline,FALSE,gasoline,2,sedan,FALSE,owned,front,TRUE,FALSE,FALSE,FALSE,FALSE,FALSE,FALSE,FALSE,FALSE,FALSE,50,1400
Renault,Logan,mechanical,white,10000,2017,gasoline,FALSE,gasoline,1.6,sedan,FALSE,owned,front,FALSE,TRUE,FALSE,FALSE,FALSE,FALSE,FALSE,TRUE,FALSE,TRUE,91,11381.96
Toyota,RAV4,automatic,other,81500,2011,gasoline,FALSE,gasoline,2,suv,FALSE,owned,all,FALSE,TRUE,FALSE,TRUE,FALSE,TRUE,FALSE,FALSE,TRUE,TRUE,16,14450
Opel,Omega,mechanical,green,800000,1997,diesel,FALSE,diesel,2.5,sedan,FALSE,owned,rear,FALSE,FALSE,TRUE,FALSE,TRUE,FALSE,FALSE,FALSE,FALSE,TRUE,149,2000
Volkswagen,Golf,mechanical,black,222000,2002,gasoline,FALSE,gasoline,1.6,hatchback,FALSE,owned,front,FALSE,TRUE,FALSE,FALSE,FALSE,FALSE,FALSE,FALSE,FALSE,FALSE,42,6000
Toyota,Prius,automatic,silver,115400,2016,hybrid-petrol,FALSE,gasoline,1.8,hatchback,FALSE,owned,front,FALSE,TRUE,FALSE,FALSE,FALSE,FALSE,FALSE,TRUE,TRUE,TRUE,124,17370
Ford,Focus,automatic,white,93745,2017,gasoline,FALSE,gasoline,1.6,hatchback,FALSE,owned,front,FALSE,TRUE,FALSE,FALSE,FALSE,TRUE,FALSE,TRUE,FALSE,TRUE,61,12700
Renault,Laguna,mechanical,black,160000,2009,diesel,FALSE,diesel,1.5,hatchback,FALSE,owned,front,FALSE,TRUE,FALSE,TRUE,FALSE,FALSE,TRUE,TRUE,TRUE,TRUE,67,6999
Dodge,Stratus,automatic,other,289682,2004,gasoline,FALSE,gasoline,2.7,sedan,FALSE,owned,front,FALSE,TRUE,TRUE,FALSE,FALSE,FALSE,FALSE,FALSE,FALSE,TRUE,159,3800
Audi,80,mechanical,blue,328000,1985,gasoline,FALSE,gasoline,1.8,sedan,FALSE,owned,front,TRUE,FALSE,FALSE,FALSE,FALSE,FALSE,FALSE,FALSE,FALSE,FALSE,11,600
Volkswagen,Jetta,automatic,silver,341317,1999,gasoline,FALSE,gasoline,2,sedan,FALSE,owned,front,FALSE,TRUE,FALSE,FALSE,FALSE,FALSE,FALSE,FALSE,FALSE,FALSE,18,2999
Opel,Sintra,mechanical,silver,350000,1999,diesel,FALSE,diesel,2.2,minivan,FALSE,owned,front,FALSE,TRUE,FALSE,FALSE,FALSE,FALSE,FALSE,FALSE,FALSE,TRUE,51,2086.69
Renault,Laguna,mechanical,blue,292629,1995,diesel,FALSE,diesel,2.2,hatchback,FALSE,owned,front,FALSE,FALSE,FALSE,FALSE,FALSE,FALSE,FALSE,FALSE,FALSE,TRUE,6,1300
Peugeot,508,automatic,brown,127000,2013,gasoline,FALSE,gasoline,1.6,sedan,FALSE,owned,front,FALSE,TRUE,TRUE,FALSE,FALSE,TRUE,FALSE,TRUE,TRUE,TRUE,88,10196.34
BMW,520,mechanical,green,380,1997,gasoline,FALSE,gasoline,2,sedan,FALSE,owned,rear,FALSE,TRUE,FALSE,FALSE,FALSE,FALSE,FALSE,FALSE,TRUE,TRUE,1,2999
Subaru,Forester,automatic,red,358047,1999,gasoline,FALSE,gasoline,2.5,universal,FALSE,owned,all,FALSE,TRUE,FALSE,FALSE,TRUE,TRUE,FALSE,FALSE,TRUE,FALSE,261,1800
Mercedes-Benz,E280,automatic,silver,250000,2006,diesel,FALSE,diesel,3,sedan,FALSE,owned,rear,FALSE,TRUE,FALSE,TRUE,TRUE,TRUE,TRUE,TRUE,TRUE,TRUE,49,10200
Rover,75,mechanical,other,300000,2000,diesel,FALSE,diesel,2,sedan,FALSE,owned,front,TRUE,FALSE,FALSE,FALSE,FALSE,FALSE,FALSE,FALSE,FALSE,FALSE,18,3350
Audi,100,mechanical,silver,222222,1986,gasoline,FALSE,gasoline,2.2,sedan,FALSE,owned,front,TRUE,FALSE,FALSE,FALSE,FALSE,FALSE,FALSE,FALSE,FALSE,FALSE,54,600
Honda,Civic,mechanical,blue,357880,1993,gasoline,FALSE,gasoline,1.3,hatchback,FALSE,owned,front,FALSE,FALSE,TRUE,FALSE,FALSE,FALSE,FALSE,FALSE,FALSE,FALSE,48,1000
BMW,740,automatic,silver,400000,1999,diesel,FALSE,diesel,4,sedan,FALSE,owned,rear,FALSE,TRUE,FALSE,TRUE,TRUE,TRUE,FALSE,FALSE,TRUE,TRUE,82,4995
Volkswagen,Passat,mechanical,grey,466666,1988,gasoline,FALSE,gasoline,1.8,sedan,FALSE,owned,front,FALSE,FALSE,FALSE,FALSE,FALSE,FALSE,FALSE,FALSE,FALSE,TRUE,17,900
Skoda,Rapid,mechanical,blue,0,2019,gasoline,FALSE,gasoline,1.6,sedan,TRUE,new,front,TRUE,FALSE,FALSE,FALSE,FALSE,FALSE,FALSE,FALSE,FALSE,FALSE,26,18245.28
Peugeot,406,mechanical,green,111111,2000,diesel,FALSE,diesel,2,sedan,FALSE,owned,front,FALSE,TRUE,FALSE,FALSE,FALSE,FALSE,FALSE,FALSE,FALSE,TRUE,22,3500
Kia,Sportage,automatic,white,122300,2011,gasoline,FALSE,gasoline,2,suv,FALSE,owned,all,FALSE,TRUE,FALSE,TRUE,FALSE,TRUE,FALSE,TRUE,TRUE,TRUE,12,12900
Subaru,Legacy,automatic,black,260000,2007,gasoline,FALSE,gasoline,3,sedan,FALSE,owned,all,FALSE,TRUE,TRUE,FALSE,TRUE,TRUE,FALSE,FALSE,FALSE,TRUE,91,6800
Volkswagen,Passat,mechanical,other,240000,1996,gasoline,FALSE,gasoline,2,universal,FALSE,owned,front,TRUE,FALSE,FALSE,FALSE,FALSE,FALSE,FALSE,FALSE,FALSE,FALSE,439,2000
BMW,324,mechanical,grey,400000,1989,diesel,FALSE,diesel,2.4,sedan,FALSE,owned,rear,FALSE,FALSE,FALSE,FALSE,FALSE,FALSE,FALSE,FALSE,FALSE,TRUE,224,1500
Skoda,Superb,automatic,black,167100,2008,gasoline,FALSE,gasoline,1.8,liftback,FALSE,owned,front,FALSE,FALSE,FALSE,TRUE,FALSE,FALSE,FALSE,FALSE,TRUE,TRUE,7,8600
Volkswagen,Passat CC,mechanical,silver,114000,2010,gasoline,FALSE,gasoline,2,coupe,FALSE,owned,front,FALSE,TRUE,TRUE,FALSE,TRUE,TRUE,FALSE,TRUE,TRUE,TRUE,290,9600
Lancia,Zeta,mechanical,blue,350000,1999,gas,TRUE,gasoline,2,minivan,FALSE,owned,front,FALSE,TRUE,TRUE,FALSE,FALSE,FALSE,FALSE,FALSE,FALSE,FALSE,21,2222
Skoda,Rapid,automatic,black,0,2019,gasoline,FALSE,gasoline,1.4,sedan,TRUE,new,front,TRUE,FALSE,FALSE,FALSE,FALSE,FALSE,FALSE,FALSE,FALSE,FALSE,2,17949.34
Volkswagen,Golf,mechanical,silver,310000,2000,diesel,FALSE,diesel,1.9,hatchback,FALSE,owned,front,FALSE,TRUE,FALSE,FALSE,FALSE,FALSE,FALSE,FALSE,FALSE,TRUE,20,3500
Volkswagen,Jetta,mechanical,red,500000,1990,diesel,FALSE,diesel,1.6,sedan,FALSE,emergency,front,TRUE,FALSE,FALSE,FALSE,FALSE,FALSE,FALSE,FALSE,FALSE,FALSE,11,400
Renault,Duster,automatic,white,24500,2017,gasoline,FALSE,gasoline,2,suv,FALSE,owned,all,FALSE,TRUE,FALSE,TRUE,TRUE,TRUE,TRUE,TRUE,TRUE,TRUE,115,13550
ЗАЗ,968м,mechanical,other,118000,1987,gasoline,FALSE,gasoline,0.9,sedan,FALSE,owned,rear,TRUE,FALSE,FALSE,FALSE,FALSE,FALSE,FALSE,FALSE,FALSE,FALSE,133,450
Mercedes-Benz,Sprinter,mechanical,other,494000,2000,diesel,FALSE,diesel,2.2,minibus,FALSE,owned,rear,FALSE,TRUE,TRUE,TRUE,FALSE,FALSE,TRUE,FALSE,FALSE,FALSE,59,11400
BMW,116,mechanical,grey,140000,2006,gasoline,FALSE,gasoline,1.6,hatchback,FALSE,owned,rear,FALSE,TRUE,FALSE,FALSE,FALSE,FALSE,FALSE,FALSE,FALSE,TRUE,132,6200
Rover,400-Series,mechanical,white,321247,1997,gasoline,FALSE,gasoline,1.6,hatchback,FALSE,owned,front,TRUE,FALSE,FALSE,FALSE,FALSE,FALSE,FALSE,FALSE,FALSE,FALSE,258,1250
Renault,Espace,mechanical,red,290361,1989,gas,TRUE,gasoline,2,minivan,FALSE,emergency,front,TRUE,FALSE,FALSE,FALSE,FALSE,FALSE,FALSE,FALSE,FALSE,FALSE,45,550